participant_id,group,trial_number,task_type,phase,is_correct,audio_duration_s,speech_total_s,silence_total_s,speech_ratio_audio,lexical_total_s,nonlex_total_s,lexical_ratio_audio,nonlex_ratio_audio
sub_d35aa8f4d33f,1,1,tautological,unlabeled,0,239.8,49.38400000000002,190.416,0.20593828190158472,49.38400000000002,0.0,0.20593828190158472,0.0
sub_d35aa8f4d33f,1,2,tautological,unlabeled,0,239.8,64.756,175.04399999999998,0.27004170141784817,63.932,0.824,0.266605504587156,0.003436196830692243
sub_d35aa8f4d33f,1,3,tautological,unlabeled,0,239.8,55.65,184.15000000000003,0.23206839032527105,54.826,0.8240000000000001,0.2286321934945788,0.0034361968306922436
sub_d35aa8f4d33f,1,4,tautological,unlabeled,0,239.8,35.551999999999985,204.248,0.14825688073394488,32.72399999999999,2.828,0.136463719766472,0.011793160967472892
sub_d35aa8f4d33f,1,5,tautological,unlabeled,0,239.8,48.65800000000001,191.044,0.20291075896580485,44.45,4.208,0.1853628023352794,0.017547956630525437
sub_9503423c9f70,1,1,tautological,first_correct,1,82.6,29.069999999999997,53.53000000000001,0.3519370460048426,29.069999999999997,0.0,0.3519370460048426,0.0
sub_9503423c9f70,1,2,tautological,post_correct,1,40.06,15.843999999999998,24.216,0.39550673989016466,15.843999999999998,0.0,0.39550673989016466,0.0
sub_9503423c9f70,1,3,tautological,post_correct,1,17.5,9.164000000000001,8.336,0.5236571428571429,9.164000000000001,0.0,0.5236571428571429,0.0
sub_9503423c9f70,1,4,tautological,post_correct,1,17.44,8.68,8.76,0.4977064220183486,8.68,0.0,0.4977064220183486,0.0
sub_9503423c9f70,1,5,tautological,post_correct,1,16.06,9.475999999999999,6.584,0.5900373599003735,9.475999999999999,0.0,0.5900373599003735,0.0
sub_8c695f8dca6e,1,1,operator,pre_incorrect,0,239.86,91.36200000000004,148.49800000000002,0.3808971900275162,90.02200000000003,1.34,0.3753105978487452,0.00558659217877095
sub_8c695f8dca6e,1,2,operator,pre_incorrect,0,239.86,54.152000000000015,185.70799999999997,0.2257650296006004,54.152000000000015,0.0,0.2257650296006004,0.0
sub_8c695f8dca6e,1,3,operator,first_correct,1,195.7,43.55200000000001,152.14800000000005,0.22254471129279516,43.55200000000001,0.0,0.22254471129279516,0.0
sub_8c695f8dca6e,1,4,operator,post_incorrect,0,239.8,88.06400000000002,151.73600000000005,0.36723936613844876,88.06400000000002,0.0,0.36723936613844876,0.0
sub_8c695f8dca6e,1,5,operator,post_incorrect,0,239.86,60.00399999999999,179.79000000000002,0.25016259484699405,59.399999999999984,0.604,0.2476444592679062,0.002518135579087801
sub_3a291c7f542d,1,1,hybrid,pre_incorrect,0,239.86,51.616,188.24400000000003,0.21519219544734428,51.268,0.348,0.21374134912032017,0.0014508463270240972
sub_3a291c7f542d,1,2,hybrid,first_correct,1,133.18,34.215999999999994,98.964,0.2569154527706862,34.215999999999994,0.0,0.2569154527706862,0.0
sub_3a291c7f542d,1,3,hybrid,post_incorrect,0,239.86,65.672,174.18800000000005,0.273793045943467,65.672,0.0,0.273793045943467,0.0
sub_3a291c7f542d,1,4,hybrid,post_correct,1,121.06,21.539999999999992,99.51999999999998,0.17792830001652066,21.539999999999992,0.0,0.17792830001652066,0.0
sub_3a291c7f542d,1,5,hybrid,post_correct,1,127.66,28.987999999999985,98.638,0.2270719097603007,28.987999999999985,0.0,0.2270719097603007,0.0
sub_057b1c4a47b6,1,1,value-loose-chunk,first_correct,1,34.66,23.467999999999993,11.192,0.6770917484131562,23.467999999999993,0.0,0.6770917484131562,0.0
sub_057b1c4a47b6,1,2,value-loose-chunk,post_correct,1,48.64,27.855999999999998,20.783999999999995,0.5726973684210526,27.855999999999998,0.0,0.5726973684210526,0.0
sub_057b1c4a47b6,1,3,value-loose-chunk,post_correct,1,134.98,56.13600000000001,78.84399999999998,0.4158838346421693,55.69200000000001,0.444,0.41259445843828724,0.0032893762038820567
sub_057b1c4a47b6,1,4,value-loose-chunk,post_correct,1,29.2,19.874,9.325999999999999,0.6806164383561644,19.874,0.0,0.6806164383561644,0.0
sub_057b1c4a47b6,1,5,value-loose-chunk,post_correct,1,31.42,18.428,12.991999999999999,0.5865054105665182,18.428,0.0,0.5865054105665182,0.0
sub_df5377cdddde,1,1,tautological,unlabeled,0,239.2,140.164,99.03600000000002,0.5859698996655518,137.65200000000002,2.512,0.5754682274247492,0.010501672240802677
sub_df5377cdddde,1,2,tautological,unlabeled,0,239.2,138.92000000000004,100.27999999999999,0.580769230769231,137.01200000000006,1.908,0.5727926421404685,0.007976588628762542
sub_df5377cdddde,1,3,tautological,unlabeled,0,241.24,127.164,114.07600000000004,0.5271265130160836,124.716,2.448,0.5169789421323163,0.010147570883767202
sub_df5377cdddde,1,4,tautological,unlabeled,0,239.2,127.16200000000003,112.03799999999997,0.5316137123745821,125.92200000000004,1.24,0.5264297658862879,0.005183946488294315
sub_df5377cdddde,1,5,tautological,unlabeled,0,239.14,124.06200000000001,115.07800000000002,0.5187839759136909,121.51800000000001,2.544,0.5081458559839426,0.010638119929748266
sub_3b1144cd2068,1,1,value-loose-chunk,unlabeled,0,239.08,57.73,181.34999999999997,0.24146729128325245,57.254,0.476,0.23947632591601137,0.0019909653672410908
sub_3b1144cd2068,1,2,value-loose-chunk,unlabeled,0,239.14,46.024,193.116,0.1924563017479301,45.708,0.316,0.1911349000585431,0.00132140168938697
sub_3b1144cd2068,1,3,value-loose-chunk,unlabeled,0,239.14,76.60600000000004,162.53400000000008,0.32033955005436165,75.14600000000004,1.46,0.3142343397173206,0.006105210337041064
sub_3b1144cd2068,1,4,value-loose-chunk,unlabeled,0,239.32,82.15600000000006,157.16400000000002,0.3432893197392615,79.93200000000004,2.224,0.3339963229149258,0.009292996824335618
sub_3b1144cd2068,1,5,value-loose-chunk,unlabeled,0,239.32,100.48800000000006,138.83200000000002,0.41988968744776894,99.91600000000005,0.572,0.4174995821494236,0.0023901052983453116
sub_14ef9451a39d,1,1,value-tight-chunk,unlabeled,0,239.38,90.39800000000002,148.98200000000006,0.37763388754281907,90.08200000000002,0.316,0.37631381067758385,0.0013200768652351909
sub_14ef9451a39d,1,2,value-tight-chunk,unlabeled,0,239.32,86.68800000000005,152.632,0.3622263078723051,86.68800000000005,0.0,0.3622263078723051,0.0
sub_14ef9451a39d,1,3,value-tight-chunk,unlabeled,0,239.32,101.64400000000003,137.67599999999996,0.4247200401136555,99.79600000000003,1.8479999999999999,0.416998161457463,0.007721878656192545
sub_14ef9451a39d,1,4,value-tight-chunk,unlabeled,0,239.38,93.43800000000002,145.942,0.3903333611830563,92.07400000000001,1.3639999999999999,0.38463530787868666,0.005698053304369621
sub_14ef9451a39d,1,5,value-tight-chunk,unlabeled,0,239.32,96.43199999999997,142.79,0.4029416680595018,96.43199999999997,0.0,0.4029416680595018,0.0
sub_187c1aa52c3d,1,1,value-tight-chunk,unlabeled,0,239.74,87.09600000000003,152.64400000000003,0.36329356803203483,87.09600000000003,0.0,0.36329356803203483,0.0
sub_187c1aa52c3d,1,2,value-tight-chunk,unlabeled,0,239.74,64.88199999999999,174.85799999999995,0.27063485442562774,64.026,0.856,0.26706431967965294,0.003570534745974806
sub_187c1aa52c3d,1,3,value-tight-chunk,unlabeled,0,239.74,86.45800000000003,153.28199999999998,0.3606323517143573,86.14200000000002,0.316,0.35931425711187126,0.0013180946024860265
sub_187c1aa52c3d,1,4,value-tight-chunk,unlabeled,0,239.74,103.79600000000002,135.94399999999993,0.43295236506215073,103.79600000000002,0.0,0.43295236506215073,0.0
sub_187c1aa52c3d,1,5,value-tight-chunk,unlabeled,0,239.68,86.07600000000006,153.604,0.35912883845126864,84.84000000000005,1.236,0.3539719626168226,0.005156875834445927
sub_b756988f57dd,1,1,hybrid,pre_incorrect,0,238.12,124.04800000000002,114.07199999999997,0.5209474214681674,124.04800000000002,0.0,0.5209474214681674,0.0
sub_b756988f57dd,1,2,hybrid,first_correct,1,103.36,60.929999999999986,42.43000000000001,0.5894930340557274,60.929999999999986,0.0,0.5894930340557274,0.0
sub_b756988f57dd,1,3,hybrid,post_correct,1,235.72,96.868,138.81800000000004,0.41094518920753437,96.52000000000001,0.348,0.40946886136093674,0.0014763278465976582
sub_b756988f57dd,1,4,hybrid,post_correct,1,123.16,73.00200000000001,50.157999999999994,0.5927411497239364,73.00200000000001,0.0,0.5927411497239364,0.0
sub_b756988f57dd,1,5,hybrid,post_correct,1,85.18,55.486000000000004,29.694,0.6513970415590514,55.486000000000004,0.0,0.6513970415590514,0.0
sub_af23f97f6c59,1,1,value-loose-chunk,first_correct,1,157.36,48.559999999999995,108.80000000000003,0.3085917641077783,48.116,0.444,0.30577020843924757,0.002821555668530757
sub_af23f97f6c59,1,2,value-loose-chunk,post_incorrect,0,239.68,30.01199999999999,209.668,0.12521695594125495,30.01199999999999,0.0,0.12521695594125495,0.0
sub_af23f97f6c59,1,3,value-loose-chunk,post_correct,1,169.0,38.758,130.24200000000002,0.2293372781065089,38.758,0.0,0.2293372781065089,0.0
sub_af23f97f6c59,1,4,value-loose-chunk,post_incorrect,0,239.68,75.26400000000002,164.416,0.31401869158878515,74.56400000000002,0.7,0.3110981308411216,0.0029205607476635513
sub_af23f97f6c59,1,5,value-loose-chunk,post_incorrect,0,239.62,42.528,197.09199999999998,0.17748101160170268,42.528,0.0,0.17748101160170268,0.0
sub_dcdeec2e1791,1,1,operator,first_correct,1,140.44,56.69799999999999,83.74199999999999,0.4037168897749928,54.41,2.2880000000000003,0.38742523497579034,0.01629165479920251
sub_dcdeec2e1791,1,2,operator,post_correct,1,58.96,25.255999999999997,33.638,0.4283582089552238,25.255999999999997,0.0,0.4283582089552238,0.0
sub_dcdeec2e1791,1,3,operator,post_correct,1,47.92,16.675999999999995,31.178000000000004,0.34799666110183625,15.083999999999996,1.592,0.3147746243739565,0.0332220367278798
sub_dcdeec2e1791,1,4,operator,post_correct,1,17.56,7.966,9.594,0.4536446469248292,7.966,0.0,0.4536446469248292,0.0
sub_dcdeec2e1791,1,5,operator,post_correct,1,10.42,3.132,7.222,0.3005758157389635,3.132,0.0,0.3005758157389635,0.0
sub_f5967a6d7c24,1,1,operator,first_correct,1,191.68,74.94,116.67399999999999,0.3909641068447412,73.952,0.988,0.3858096828046744,0.0051544240400667775
sub_f5967a6d7c24,1,2,operator,post_correct,1,42.22,22.439999999999998,19.78,0.531501657981999,22.439999999999998,0.0,0.531501657981999,0.0
sub_f5967a6d7c24,1,3,operator,post_correct,1,31.66,14.751999999999999,16.908,0.4659507264687302,14.751999999999999,0.0,0.4659507264687302,0.0
sub_f5967a6d7c24,1,4,operator,post_incorrect,0,239.68,91.32800000000002,148.35200000000003,0.3810413885180241,91.32800000000002,0.0,0.3810413885180241,0.0
sub_f5967a6d7c24,1,5,operator,post_correct,1,48.52,24.131999999999998,24.388,0.4973619126133552,24.131999999999998,0.0,0.4973619126133552,0.0
sub_93d81c85849e,1,1,hybrid,pre_incorrect,0,238.84,139.05000000000004,99.79000000000003,0.5821889130798863,139.05000000000004,0.0,0.5821889130798863,0.0
sub_93d81c85849e,1,2,hybrid,first_correct,1,100.48,63.714000000000006,36.76599999999999,0.6340963375796179,63.714000000000006,0.0,0.6340963375796179,0.0
sub_93d81c85849e,1,3,hybrid,post_correct,1,186.4,104.094,82.30600000000001,0.5584442060085837,102.91799999999999,1.176,0.5521351931330472,0.00630901287553648
sub_93d81c85849e,1,4,hybrid,post_correct,1,158.26,103.84600000000002,54.41400000000001,0.6561733855680527,103.84600000000002,0.0,0.6561733855680527,0.0
sub_93d81c85849e,1,5,hybrid,post_correct,1,38.92,27.053999999999995,11.866000000000001,0.6951181911613564,27.053999999999995,0.0,0.6951181911613564,0.0
sub_a3e279103ed5,1,1,operator,first_correct,1,153.04,46.108,106.932,0.3012807109252483,40.61599999999999,5.491999999999999,0.2653946680606377,0.03588604286461056
sub_a3e279103ed5,1,2,operator,post_correct,1,112.12,38.888,73.232,0.3468426685693899,38.412,0.476,0.34259721726721365,0.00424545130217624
sub_a3e279103ed5,1,3,operator,post_correct,1,37.3,18.339999999999996,18.959999999999997,0.4916890080428954,17.96,0.38,0.48150134048257376,0.010187667560321717
sub_a3e279103ed5,1,4,operator,post_correct,1,19.66,9.964,9.696,0.5068158697863683,9.964,0.0,0.5068158697863683,0.0
sub_a3e279103ed5,1,5,operator,post_correct,1,19.18,11.072000000000003,8.108,0.5772679874869657,11.072000000000003,0.0,0.5772679874869657,0.0
sub_0e1dca66af8d,1,1,tautological,unlabeled,0,239.14,114.74200000000006,124.39800000000004,0.47981098937860694,114.74200000000006,0.0,0.47981098937860694,0.0
sub_0e1dca66af8d,1,2,tautological,unlabeled,0,239.68,96.55600000000005,143.12399999999997,0.40285380507343144,94.84000000000005,1.7160000000000002,0.3956942590120162,0.007159546061415221
sub_0e1dca66af8d,1,3,tautological,unlabeled,0,239.68,84.88600000000004,154.79400000000007,0.35416388518024045,84.88600000000004,0.0,0.35416388518024045,0.0
sub_0e1dca66af8d,1,4,tautological,unlabeled,0,239.68,111.69199999999996,127.98800000000006,0.4660046728971961,111.69199999999996,0.0,0.4660046728971961,0.0
sub_0e1dca66af8d,1,5,tautological,unlabeled,0,239.62,125.04599999999998,114.57400000000004,0.5218512645021283,125.04599999999998,0.0,0.5218512645021283,0.0
sub_2d300a4fe26a,1,1,tautological,unlabeled,0,239.8,98.51999999999997,141.28000000000003,0.41084236864053364,98.01199999999996,0.508,0.40872393661384465,0.0021184320266889075
sub_2d300a4fe26a,1,2,tautological,unlabeled,0,239.8,81.95599999999999,157.84399999999997,0.34176814011676393,81.064,0.892,0.33804837364470386,0.00371976647206005
sub_2d300a4fe26a,1,3,tautological,unlabeled,0,239.8,79.95600000000002,159.80999999999997,0.33342785654712265,79.95600000000002,0.0,0.33342785654712265,0.0
sub_2d300a4fe26a,1,4,tautological,unlabeled,0,239.8,98.24200000000003,141.558,0.40968306922435377,97.19000000000001,1.052,0.4052960800667223,0.004386989157631359
sub_2d300a4fe26a,1,5,tautological,unlabeled,0,239.8,102.744,137.05599999999998,0.42845704753961633,101.69599999999998,1.048,0.4240867389491242,0.004370308590492077
sub_f0ad42f4c80f,1,1,value-loose-chunk,pre_incorrect,0,239.68,132.87000000000003,106.81000000000003,0.5543641522029373,131.88200000000003,0.988,0.5502419893190923,0.004122162883845127
sub_f0ad42f4c80f,1,2,value-loose-chunk,first_correct,1,175.9,89.24200000000005,86.65800000000003,0.507345082433201,87.77800000000002,1.464,0.49902217168845947,0.00832291074474133
sub_f0ad42f4c80f,1,3,value-loose-chunk,post_incorrect,0,239.62,148.96800000000002,90.65200000000002,0.6216843335280862,148.96800000000002,0.0,0.6216843335280862,0.0
sub_f0ad42f4c80f,1,4,value-loose-chunk,post_correct,1,83.5,44.91800000000001,38.582,0.5379401197604792,44.91800000000001,0.0,0.5379401197604792,0.0
sub_f0ad42f4c80f,1,5,value-loose-chunk,post_correct,1,82.3,49.814,32.486,0.605273390036452,49.814,0.0,0.605273390036452,0.0
sub_97a093227203,1,1,hybrid,pre_incorrect,0,241.293,57.01600000000001,184.277,0.23629363470966838,57.01600000000001,0.0,0.23629363470966838,0.0
sub_97a093227203,1,2,hybrid,pre_incorrect,0,241.434,95.27600000000007,146.158,0.39462544629174046,93.90800000000007,1.3679999999999999,0.38895930150683033,0.005666144784910162
sub_97a093227203,1,3,hybrid,first_correct,1,197.754,93.48800000000001,104.26599999999999,0.47274897094369783,91.64800000000001,1.84,0.4634444815275545,0.00930448941614329
sub_97a093227203,1,4,hybrid,post_correct,1,58.214,35.31999999999999,22.894000000000002,0.6067269041811247,32.547999999999995,2.7720000000000002,0.5591094925619267,0.047617411619198136
sub_97a093227203,1,5,hybrid,post_correct,1,109.013,65.71900000000001,43.294000000000004,0.6028547054021081,65.71900000000001,0.0,0.6028547054021081,0.0
sub_d1b9242fdda8,1,1,value-tight-chunk,pre_incorrect,0,245.374,91.27999999999999,154.09400000000002,0.3720035537587519,90.89999999999999,0.38,0.3704548974218947,0.0015486563368572058
sub_d1b9242fdda8,1,2,value-tight-chunk,first_correct,1,210.314,167.74399999999997,42.57000000000003,0.7975883678689958,166.81999999999996,0.924,0.7931949370940592,0.004393430774936524
sub_d1b9242fdda8,1,3,value-tight-chunk,post_correct,1,63.953,46.127,17.826000000000008,0.7212640532891342,46.127,0.0,0.7212640532891342,0.0
sub_d1b9242fdda8,1,4,value-tight-chunk,post_correct,1,42.453,31.848,10.606,0.750194332556003,31.848,0.0,0.750194332556003,0.0
sub_d1b9242fdda8,1,5,value-tight-chunk,post_correct,1,42.233,36.728,5.505999999999999,0.8696516941728033,36.728,0.0,0.8696516941728033,0.0
sub_b87bf837c6ae,1,1,operator,pre_incorrect,0,239.44,33.65599999999999,205.78399999999996,0.14056130972268624,33.65599999999999,0.0,0.14056130972268624,0.0
sub_b87bf837c6ae,1,2,operator,pre_incorrect,0,239.68,46.718,192.96199999999996,0.19491822429906544,46.718,0.0,0.19491822429906544,0.0
sub_b87bf837c6ae,1,3,operator,pre_incorrect,0,239.62,17.887999999999995,221.732,0.07465153159168682,17.887999999999995,0.0,0.07465153159168682,0.0
sub_b87bf837c6ae,1,4,operator,first_correct,1,62.26,6.884,55.376,0.1105685833601028,6.884,0.0,0.1105685833601028,0.0
sub_b87bf837c6ae,1,5,operator,post_correct,1,16.18,4.748,11.432,0.2934487021013597,4.748,0.0,0.2934487021013597,0.0
sub_c99e3feff124,1,1,operator,first_correct,1,90.7,19.455999999999992,71.24400000000001,0.21450937155457545,19.455999999999992,0.0,0.21450937155457545,0.0
sub_c99e3feff124,1,2,operator,post_correct,1,27.7,14.867999999999999,12.831999999999999,0.5367509025270758,14.867999999999999,0.0,0.5367509025270758,0.0
sub_c99e3feff124,1,3,operator,post_correct,1,115.96,34.132,81.828,0.2943428768540876,34.132,0.0,0.2943428768540876,0.0
sub_c99e3feff124,1,4,operator,post_correct,1,161.14,38.988,122.15199999999996,0.24195109842373094,38.512,0.476,0.2389971453394564,0.002953953084274544
sub_c99e3feff124,1,5,operator,post_correct,1,31.6,17.2,14.399999999999999,0.5443037974683543,12.152,5.048,0.3845569620253164,0.15974683544303797
sub_cf97da5a22d4,1,1,tautological,unlabeled,0,239.8,52.440000000000005,187.36000000000004,0.21868223519599667,51.456,0.984,0.2145788156797331,0.004103419516263552
sub_cf97da5a22d4,1,2,tautological,unlabeled,0,239.8,59.16800000000002,180.632,0.2467389491242703,57.99200000000002,1.176,0.24183486238532118,0.0049040867389491235
sub_cf97da5a22d4,1,3,tautological,unlabeled,0,239.8,37.38399999999998,202.41600000000005,0.15589658048373636,37.38399999999998,0.0,0.15589658048373636,0.0
sub_cf97da5a22d4,1,4,tautological,unlabeled,0,239.8,65.51200000000004,174.28799999999998,0.2731943286071728,65.00400000000003,0.508,0.27107589658048387,0.0021184320266889075
sub_cf97da5a22d4,1,5,tautological,unlabeled,0,239.8,41.52799999999999,198.27199999999993,0.17317764804003333,41.019999999999996,0.508,0.17105921601334442,0.0021184320266889075
sub_83928208bd4f,1,1,hybrid,pre_incorrect,0,239.8,108.86400000000005,130.93599999999998,0.4539783152627191,108.86400000000005,0.0,0.4539783152627191,0.0
sub_83928208bd4f,1,2,hybrid,first_correct,1,97.84,50.85600000000001,46.983999999999995,0.5197874080130827,50.85600000000001,0.0,0.5197874080130827,0.0
sub_83928208bd4f,1,3,hybrid,post_incorrect,0,239.8,113.66000000000003,126.13999999999994,0.473978315262719,112.60800000000002,1.052,0.46959132610508764,0.004386989157631359
sub_83928208bd4f,1,4,hybrid,post_correct,1,63.46,42.04800000000001,21.412000000000006,0.66259060825717,42.04800000000001,0.0,0.66259060825717,0.0
sub_83928208bd4f,1,5,hybrid,post_correct,1,55.36,39.502,15.857999999999997,0.7135476878612718,39.502,0.0,0.7135476878612718,0.0
sub_e3934e9a123e,1,1,value-loose-chunk,first_correct,1,16.84,8.172,8.668,0.48527315914489316,8.172,0.0,0.48527315914489316,0.0
sub_e3934e9a123e,1,2,value-loose-chunk,post_correct,1,17.56,8.876000000000001,8.684000000000001,0.5054669703872439,8.876000000000001,0.0,0.5054669703872439,0.0
sub_e3934e9a123e,1,3,value-loose-chunk,post_correct,1,15.34,7.768,7.572,0.5063885267275098,7.768,0.0,0.5063885267275098,0.0
sub_e3934e9a123e,1,4,value-loose-chunk,post_correct,1,17.38,8.18,9.2,0.4706559263521289,8.18,0.0,0.4706559263521289,0.0
sub_e3934e9a123e,1,5,value-loose-chunk,post_correct,1,14.8,7.44,7.359999999999999,0.5027027027027027,7.44,0.0,0.5027027027027027,0.0
sub_530e7d6c33a4,1,1,tautological,unlabeled,0,239.74,122.04600000000002,117.694,0.5090764995411696,121.73000000000002,0.316,0.5077584049386836,0.0013180946024860265
sub_530e7d6c33a4,1,2,tautological,unlabeled,0,239.8,85.88400000000004,153.916,0.3581484570475398,85.02400000000006,0.86,0.35456213511259405,0.003586321934945788
sub_530e7d6c33a4,1,3,tautological,unlabeled,0,239.8,65.398,174.40200000000002,0.27271893244370304,65.398,0.0,0.27271893244370304,0.0
sub_530e7d6c33a4,1,4,tautological,unlabeled,0,239.74,53.883999999999986,185.85600000000002,0.22476015683657288,53.883999999999986,0.0,0.22476015683657288,0.0
sub_530e7d6c33a4,1,5,tautological,unlabeled,0,239.8,37.072,202.728,0.1545954962468724,36.596,0.476,0.15261050875729773,0.0019849874895746453
sub_5ddddc986d75,1,1,operator,first_correct,1,186.094,44.012,142.08099999999996,0.23650413232022527,44.012,0.0,0.23650413232022527,0.0
sub_5ddddc986d75,1,2,operator,post_correct,1,50.773,16.951999999999998,33.822,0.3338782423729147,16.951999999999998,0.0,0.3338782423729147,0.0
sub_5ddddc986d75,1,3,operator,post_correct,1,97.993,23.727999999999998,74.26599999999999,0.2421397446756401,23.727999999999998,0.0,0.2421397446756401,0.0
sub_5ddddc986d75,1,4,operator,post_correct,1,26.213,8.804,17.409,0.3358638843322016,8.804,0.0,0.3358638843322016,0.0
sub_5ddddc986d75,1,5,operator,post_correct,1,25.613,8.687,16.926,0.3391637059305821,8.687,0.0,0.3391637059305821,0.0
sub_67216a602338,1,1,tautological,unlabeled,0,239.8,103.28999999999998,136.51,0.4307339449541283,103.28999999999998,0.0,0.4307339449541283,0.0
sub_67216a602338,1,2,tautological,unlabeled,0,239.74,113.226,126.514,0.4722866438641862,113.226,0.0,0.4722866438641862,0.0
sub_67216a602338,1,3,tautological,unlabeled,0,239.74,150.04799999999997,89.692,0.6258780345374154,148.904,1.1440000000000001,0.62110619838158,0.004771836155835488
sub_67216a602338,1,4,tautological,unlabeled,0,239.74,112.29200000000002,127.448,0.46839075665304086,111.84800000000001,0.444,0.4665387503128389,0.0018520063402018853
sub_67216a602338,1,5,tautological,unlabeled,0,239.74,133.53200000000004,106.20799999999996,0.5569867356302662,133.53200000000004,0.0,0.5569867356302662,0.0
sub_94256d574ebd,1,1,hybrid,pre_incorrect,0,239.74,65.71200000000002,174.02800000000002,0.2740969383498791,65.14000000000001,0.572,0.27171102027196137,0.0023859180779177438
sub_94256d574ebd,1,2,hybrid,pre_incorrect,0,240.16,75.328,164.832,0.31365756162558295,73.19999999999999,2.128,0.304796802131912,0.008860759493670886
sub_94256d574ebd,1,3,hybrid,first_correct,1,201.04,46.69000000000002,154.35000000000002,0.23224233983286918,46.69000000000002,0.0,0.23224233983286918,0.0
sub_94256d574ebd,1,4,hybrid,post_correct,1,67.24,30.717999999999993,36.522000000000006,0.45684116597263524,30.717999999999993,0.0,0.45684116597263524,0.0
sub_94256d574ebd,1,5,hybrid,post_correct,1,49.06,19.273999999999997,29.786,0.39286587851610266,19.273999999999997,0.0,0.39286587851610266,0.0
sub_2bb26305655f,1,1,hybrid,pre_incorrect,0,239.68,29.871999999999996,209.808,0.12463284379172228,29.871999999999996,0.0,0.12463284379172228,0.0
sub_2bb26305655f,1,2,hybrid,first_correct,1,78.58,15.615999999999998,62.96399999999999,0.19872741155510307,15.615999999999998,0.0,0.19872741155510307,0.0
sub_2bb26305655f,1,3,hybrid,post_incorrect,0,239.68,58.144000000000005,181.53600000000003,0.24259012016021364,56.68000000000001,1.464,0.2364819759679573,0.006108144192256341
sub_2bb26305655f,1,4,hybrid,post_incorrect,0,239.68,34.252,205.42799999999997,0.14290720961281708,34.252,0.0,0.14290720961281708,0.0
sub_2bb26305655f,1,5,hybrid,post_correct,1,78.28,12.996,65.284,0.16601941747572815,12.996,0.0,0.16601941747572815,0.0
sub_83a65b70f1f4,1,1,value-loose-chunk,first_correct,1,104.32,83.20800000000001,21.112000000000005,0.7976226993865032,83.20800000000001,0.0,0.7976226993865032,0.0
sub_83a65b70f1f4,1,2,value-loose-chunk,post_correct,1,141.94,94.694,47.244000000000014,0.6671410455121882,94.694,0.0,0.6671410455121882,0.0
sub_83a65b70f1f4,1,3,value-loose-chunk,post_correct,1,77.56,54.36,23.199999999999996,0.7008767405879319,54.36,0.0,0.7008767405879319,0.0
sub_83a65b70f1f4,1,4,value-loose-chunk,post_correct,1,45.28,33.733999999999995,11.546,0.7450088339222614,33.733999999999995,0.0,0.7450088339222614,0.0
sub_83a65b70f1f4,1,5,value-loose-chunk,post_correct,1,40.72,28.395999999999997,12.323999999999998,0.6973477406679763,28.395999999999997,0.0,0.6973477406679763,0.0
sub_71fc70db9a34,1,1,value-tight-chunk,first_correct,1,28.36,9.668,18.692,0.3409026798307475,9.668,0.0,0.3409026798307475,0.0
sub_71fc70db9a34,1,2,value-tight-chunk,post_correct,1,29.2,16.02,13.18,0.5486301369863014,16.02,0.0,0.5486301369863014,0.0
sub_71fc70db9a34,1,3,value-tight-chunk,post_correct,1,13.6,8.144,5.456,0.5988235294117648,8.144,0.0,0.5988235294117648,0.0
sub_71fc70db9a34,1,4,value-tight-chunk,post_correct,1,14.8,8.172,6.628,0.5521621621621622,7.792,0.38,0.5264864864864864,0.025675675675675674
sub_71fc70db9a34,1,5,value-tight-chunk,post_correct,1,12.76,6.644,6.116,0.5206896551724138,6.644,0.0,0.5206896551724138,0.0
sub_c952a2e899e0,1,1,value-loose-chunk,first_correct,1,84.04,37.739999999999995,46.3,0.44907187053783904,37.739999999999995,0.0,0.44907187053783904,0.0
sub_c952a2e899e0,1,2,value-loose-chunk,post_correct,1,54.64,28.368,26.272,0.5191800878477306,28.368,0.0,0.5191800878477306,0.0
sub_c952a2e899e0,1,3,value-loose-chunk,post_correct,1,57.22,24.168,33.052,0.4223698007689619,24.168,0.0,0.4223698007689619,0.0
sub_c952a2e899e0,1,4,value-loose-chunk,post_correct,1,42.34,19.823999999999998,22.516000000000002,0.46820973075106276,19.823999999999998,0.0,0.46820973075106276,0.0
sub_c952a2e899e0,1,5,value-loose-chunk,post_correct,1,80.08,31.15599999999999,48.924,0.38906093906093897,31.15599999999999,0.0,0.38906093906093897,0.0
sub_34c9b5ce9f21,1,1,hybrid,unlabeled,0,239.68,68.808,170.872,0.28708277703604806,68.26800000000001,0.54,0.28482977303070767,0.002253004005340454
sub_34c9b5ce9f21,1,2,hybrid,unlabeled,0,239.68,101.61999999999999,138.06000000000003,0.4239819759679572,100.57599999999998,1.044,0.419626168224299,0.004355807743658211
sub_34c9b5ce9f21,1,3,hybrid,unlabeled,0,239.68,101.71199999999996,137.96799999999996,0.42436582109479287,101.17199999999997,0.54,0.4221128170894525,0.002253004005340454
sub_34c9b5ce9f21,1,4,hybrid,unlabeled,0,239.68,119.55400000000007,120.05999999999997,0.49880674232309774,119.17400000000006,0.38,0.49722129506008034,0.0015854472630173564
sub_34c9b5ce9f21,1,5,hybrid,unlabeled,0,239.74,109.22800000000001,130.512,0.4556102444314674,109.22800000000001,0.0,0.4556102444314674,0.0
sub_9e9e293b106f,1,1,value-loose-chunk,first_correct,1,90.34,38.912,51.42800000000001,0.4307283595306619,38.912,0.0,0.4307283595306619,0.0
sub_9e9e293b106f,1,2,value-loose-chunk,post_correct,1,46.12,26.918,19.201999999999998,0.5836513443191674,26.918,0.0,0.5836513443191674,0.0
sub_9e9e293b106f,1,3,value-loose-chunk,post_correct,1,40.36,14.52,25.84,0.3597621407333994,14.52,0.0,0.3597621407333994,0.0
sub_9e9e293b106f,1,4,value-loose-chunk,post_incorrect,0,239.8,67.51800000000001,172.282,0.28155963302752296,66.85000000000001,0.668,0.27877397831526274,0.0027856547122602168
sub_9e9e293b106f,1,5,value-loose-chunk,post_correct,1,107.86,26.343999999999994,81.516,0.2442425366215464,26.343999999999994,0.0,0.2442425366215464,0.0
sub_46c74caa2b1d,1,1,value-tight-chunk,unlabeled,0,239.74,130.68800000000005,109.05200000000002,0.545123884207892,129.92400000000004,0.764,0.5419370985234004,0.0031867856844915326
sub_46c74caa2b1d,1,2,value-tight-chunk,unlabeled,0,239.74,166.22199999999995,73.51800000000003,0.6933427880203552,165.23399999999995,0.988,0.6892216567948609,0.004121131225494286
sub_46c74caa2b1d,1,3,value-tight-chunk,unlabeled,0,239.74,155.994,83.74600000000002,0.6506799032284976,155.166,0.828,0.647226161675148,0.0034537415533494615
sub_46c74caa2b1d,1,4,value-tight-chunk,unlabeled,0,239.74,162.37999999999997,77.36,0.6773170935179776,161.58399999999997,0.796,0.6739968298990572,0.0033202636189204973
sub_46c74caa2b1d,1,5,value-tight-chunk,unlabeled,0,239.74,151.21599999999995,88.524,0.6307499791440725,151.21599999999995,0.0,0.6307499791440725,0.0
sub_eb09173c30ac,2,1,value-loose-chunk,first_correct,1,53.32,41.21,12.107999999999999,0.772880720180045,40.797999999999995,0.412,0.7651537884471117,0.007726931732933233
sub_eb09173c30ac,2,2,operator,post_incorrect,0,239.62,168.75000000000003,70.87,0.7042400467406729,167.07000000000002,1.68,0.697228945830899,0.0070111009097738085
sub_eb09173c30ac,2,3,tautological,post_incorrect,0,239.62,167.97599999999994,71.64400000000003,0.7010099323929553,166.13599999999994,1.8399999999999999,0.6933311075870126,0.007678824805942742
sub_eb09173c30ac,2,4,hybrid,post_correct,1,84.04,65.69399999999999,18.346000000000007,0.7816991908614943,65.282,0.412,0.776796763445978,0.00490242741551642
sub_eb09173c30ac,2,5,value-tight-chunk,post_correct,1,107.56,73.534,34.02600000000002,0.6836556340647081,72.89800000000001,0.636,0.6777426552621794,0.005912978802528821
sub_0b391805540f,2,1,hybrid,pre_incorrect,0,239.68,95.86400000000005,143.816,0.39996662216288403,95.86400000000005,0.0,0.39996662216288403,0.0
sub_0b391805540f,2,2,operator,first_correct,1,103.12,40.79200000000001,62.32800000000001,0.39557796741660206,40.220000000000006,0.572,0.39003103180760285,0.005546935608999224
sub_0b391805540f,2,3,tautological,post_incorrect,0,239.68,112.47800000000001,127.20200000000001,0.4692840453938585,112.47800000000001,0.0,0.4692840453938585,0.0
sub_0b391805540f,2,4,value-loose-chunk,post_correct,1,53.32,25.11999999999999,28.2,0.47111777944486105,25.11999999999999,0.0,0.47111777944486105,0.0
sub_0b391805540f,2,5,value-tight-chunk,post_incorrect,0,239.68,113.56200000000007,126.11800000000007,0.4738067423230977,113.15000000000006,0.412,0.47208778371161575,0.0017189586114819758
sub_5816418a5209,2,1,value-tight-chunk,first_correct,1,44.56,24.131999999999998,20.428,0.5415619389587073,24.131999999999998,0.0,0.5415619389587073,0.0
sub_5816418a5209,2,2,hybrid,post_incorrect,0,239.68,171.70999999999992,67.97,0.7164135514018688,169.8619999999999,1.848,0.708703271028037,0.007710280373831776
sub_5816418a5209,2,3,value-loose-chunk,post_incorrect,0,239.62,141.836,97.782,0.5919205408563559,141.424,0.412,0.5902011518237209,0.0017193890326350054
sub_5816418a5209,2,4,operator,post_incorrect,0,239.68,134.738,104.94199999999998,0.5621578771695595,133.558,1.18,0.5572346461949266,0.004923230974632843
sub_5816418a5209,2,5,tautological,post_incorrect,0,239.68,157.50400000000008,82.17600000000003,0.6571428571428575,156.04000000000005,1.464,0.651034712950601,0.006108144192256341
sub_79d834729395,2,1,operator,pre_incorrect,0,239.68,44.792,194.88799999999998,0.18688251001335113,44.188,0.604,0.18436248331108146,0.0025200267022696928
sub_79d834729395,2,2,tautological,pre_incorrect,0,239.68,92.196,147.48399999999998,0.3846628838451268,91.816,0.38,0.38307743658210947,0.0015854472630173564
sub_79d834729395,2,3,value-tight-chunk,pre_incorrect,0,239.62,77.79000000000002,161.83000000000004,0.32463901176863375,77.09,0.7,0.3217177197228946,0.002921292045739087
sub_79d834729395,2,4,value-loose-chunk,first_correct,1,50.92,9.952000000000002,40.967999999999996,0.1954438334642577,9.952000000000002,0.0,0.1954438334642577,0.0
sub_79d834729395,2,5,hybrid,post_incorrect,0,239.56,50.756,188.80400000000003,0.21187176490232093,50.184,0.572,0.20948405409918183,0.002387710803139088
sub_05af81e6e698,2,1,value-tight-chunk,first_correct,1,58.313,9.079999999999998,49.233999999999995,0.15571141940905112,9.079999999999998,0.0,0.15571141940905112,0.0
sub_05af81e6e698,2,2,operator,post_correct,1,232.374,54.996,177.37800000000004,0.23667019546076584,54.996,0.0,0.23667019546076584,0.0
sub_05af81e6e698,2,3,hybrid,post_incorrect,0,241.194,60.75600000000001,180.43800000000002,0.25189681335356606,60.440000000000005,0.316,0.2505866646765674,0.0013101486769985988
sub_05af81e6e698,2,4,tautological,post_incorrect,0,241.274,49.04,192.23299999999998,0.20325439127299252,48.596,0.444,0.2014141598348765,0.0018402314381160008
sub_05af81e6e698,2,5,value-loose-chunk,post_incorrect,0,241.154,49.392,191.762,0.20481518034119278,49.392,0.0,0.20481518034119278,0.0
sub_dedb795332fb,2,1,tautological,pre_incorrect,0,239.16,32.16,207.00000000000003,0.13447064726542898,32.16,0.0,0.13447064726542898,0.0
sub_dedb795332fb,2,2,hybrid,pre_incorrect,0,239.82,43.583999999999996,196.23600000000002,0.18173630222667,42.312,1.272,0.1764323242431824,0.005303977983487616
sub_dedb795332fb,2,3,operator,pre_incorrect,0,239.82,52.99199999999999,186.828,0.22096572429321987,52.45199999999999,0.54,0.21871403552664495,0.0022516887665749315
sub_dedb795332fb,2,4,value-tight-chunk,first_correct,1,154.74,27.431999999999995,127.30799999999996,0.17727801473439314,27.051999999999992,0.38,0.17482228253845153,0.0024557321959415793
sub_dedb795332fb,2,5,value-loose-chunk,post_correct,1,25.92,3.8539999999999996,22.066000000000003,0.14868827160493825,3.8539999999999996,0.0,0.14868827160493825,0.0
sub_acc97ca3a1b4,2,1,value-tight-chunk,first_correct,1,152.314,64.61500000000001,87.69799999999996,0.4242223301863257,64.61500000000001,0.0,0.4242223301863257,0.0
sub_acc97ca3a1b4,2,2,hybrid,post_incorrect,0,245.374,77.616,167.758,0.31631713221449703,74.65199999999999,2.964,0.3042376127870108,0.012079519427486205
sub_acc97ca3a1b4,2,3,value-loose-chunk,post_correct,1,60.574,27.586999999999993,32.98599999999999,0.45542642057648486,27.586999999999993,0.0,0.45542642057648486,0.0
sub_acc97ca3a1b4,2,4,tautological,post_incorrect,0,243.413,78.42799999999998,164.986,0.3222013614720659,77.12799999999999,1.2999999999999998,0.3168606442548261,0.005340717217239834
sub_acc97ca3a1b4,2,5,operator,post_incorrect,0,244.353,117.29600000000005,127.05800000000006,0.48002684640663323,117.29600000000005,0.0,0.48002684640663323,0.0
sub_cdce09da305b,2,1,hybrid,first_correct,1,49.3,27.519999999999996,21.779999999999998,0.5582150101419878,27.519999999999996,0.0,0.5582150101419878,0.0
sub_cdce09da305b,2,2,value-tight-chunk,post_correct,1,151.54,78.05599999999998,73.48400000000001,0.5150851260393294,78.05599999999998,0.0,0.5150851260393294,0.0
sub_cdce09da305b,2,3,value-loose-chunk,post_correct,1,41.26,25.563999999999997,15.696,0.619583131362094,25.563999999999997,0.0,0.619583131362094,0.0
sub_cdce09da305b,2,4,operator,post_correct,1,60.4,29.709999999999994,30.69,0.49188741721854295,29.709999999999994,0.0,0.49188741721854295,0.0
sub_cdce09da305b,2,5,tautological,post_incorrect,0,239.62,99.216,140.404,0.41405558801435605,98.80399999999999,0.412,0.412336198981721,0.0017193890326350054
sub_fdb029ec5a9d,2,1,value-loose-chunk,first_correct,1,111.04,28.267999999999994,82.77199999999999,0.2545749279538904,28.267999999999994,0.0,0.2545749279538904,0.0
sub_fdb029ec5a9d,2,2,operator,post_correct,1,65.02,26.411999999999992,38.60799999999999,0.4062134727776068,26.411999999999992,0.0,0.4062134727776068,0.0
sub_fdb029ec5a9d,2,3,hybrid,post_correct,1,223.72,38.4,185.32000000000002,0.17164312533524048,38.4,0.0,0.17164312533524048,0.0
sub_fdb029ec5a9d,2,4,tautological,post_correct,1,72.7,24.07999999999999,48.62000000000001,0.3312242090784043,24.07999999999999,0.0,0.3312242090784043,0.0
sub_fdb029ec5a9d,2,5,value-tight-chunk,post_correct,1,64.42,21.099999999999998,43.31999999999999,0.32753803166718404,21.099999999999998,0.0,0.32753803166718404,0.0
sub_61d7e217ebbc,2,1,tautological,first_correct,1,86.08,37.653999999999996,48.42599999999999,0.4374302973977695,37.653999999999996,0.0,0.4374302973977695,0.0
sub_61d7e217ebbc,2,2,hybrid,post_incorrect,0,239.68,68.86800000000001,170.812,0.28733311081441926,68.86800000000001,0.0,0.28733311081441926,0.0
sub_61d7e217ebbc,2,3,value-loose-chunk,post_correct,1,31.54,7.236,24.304,0.22942295497780596,7.236,0.0,0.22942295497780596,0.0
sub_61d7e217ebbc,2,4,value-tight-chunk,post_correct,1,143.62,40.763999999999996,102.85599999999997,0.28383233532934127,40.763999999999996,0.0,0.28383233532934127,0.0
sub_61d7e217ebbc,2,5,operator,post_correct,1,58.3,22.663999999999994,35.636,0.38874785591766714,22.663999999999994,0.0,0.38874785591766714,0.0
sub_43f76795edbe,2,1,value-loose-chunk,first_correct,1,69.16,37.916000000000004,31.24399999999999,0.5482359745517641,37.916000000000004,0.0,0.5482359745517641,0.0
sub_43f76795edbe,2,2,operator,post_correct,1,195.34,123.576,71.76399999999998,0.6326200470973686,123.576,0.0,0.6326200470973686,0.0
sub_43f76795edbe,2,3,hybrid,post_correct,1,55.72,32.145999999999994,23.573999999999998,0.5769203158650393,31.285999999999994,0.86,0.5614860014357501,0.015434314429289303
sub_43f76795edbe,2,4,tautological,post_correct,1,184.54,106.162,78.37800000000003,0.5752790722878509,106.162,0.0,0.5752790722878509,0.0
sub_43f76795edbe,2,5,value-tight-chunk,post_incorrect,0,239.86,125.34200000000001,114.51800000000003,0.5225631618444093,124.73800000000003,0.604,0.5200450262653216,0.002518135579087801
sub_a9b8cf258182,2,1,value-tight-chunk,pre_incorrect,0,239.62,97.012,142.60800000000003,0.404857691344629,97.012,0.0,0.404857691344629,0.0
sub_a9b8cf258182,2,2,value-loose-chunk,first_correct,1,61.18,28.86,32.31999999999999,0.4717227852239294,28.86,0.0,0.4717227852239294,0.0
sub_a9b8cf258182,2,3,tautological,post_incorrect,0,239.62,87.878,151.74199999999996,0.366739003422085,87.878,0.0,0.366739003422085,0.0
sub_a9b8cf258182,2,4,hybrid,post_incorrect,0,239.62,109.47600000000007,130.14400000000003,0.4568733828561892,109.47600000000007,0.0,0.4568733828561892,0.0
sub_a9b8cf258182,2,5,operator,post_incorrect,0,239.62,81.232,158.38799999999998,0.33900342208496786,80.376,0.856,0.3354310992404641,0.0035723228445037974
sub_01b7819ee556,2,1,value-loose-chunk,first_correct,1,116.32,51.97599999999999,64.34400000000001,0.44683631361760656,51.62799999999999,0.348,0.44384456671251715,0.0029917469050894084
sub_01b7819ee556,2,2,operator,post_incorrect,0,239.8,58.91200000000003,180.888,0.24567139282735623,58.91200000000003,0.0,0.24567139282735623,0.0
sub_01b7819ee556,2,3,tautological,post_incorrect,0,239.74,44.220000000000006,195.52,0.18444982063902562,44.220000000000006,0.0,0.18444982063902562,0.0
sub_01b7819ee556,2,4,value-tight-chunk,post_incorrect,0,239.74,83.49999999999999,156.24,0.34829398515057974,83.49999999999999,0.0,0.34829398515057974,0.0
sub_01b7819ee556,2,5,hybrid,post_incorrect,0,239.8,30.072,209.728,0.1254045037531276,30.072,0.0,0.1254045037531276,0.0
sub_9b26cf0dfff5,2,1,value-loose-chunk,first_correct,1,95.32,46.040000000000006,49.28,0.4830046160302141,46.040000000000006,0.0,0.4830046160302141,0.0
sub_9b26cf0dfff5,2,2,hybrid,post_incorrect,0,239.86,64.27600000000002,175.58399999999995,0.26797298424080723,64.27600000000002,0.0,0.26797298424080723,0.0
sub_9b26cf0dfff5,2,3,tautological,post_incorrect,0,239.86,91.14000000000001,148.72000000000003,0.3799716501292421,91.14000000000001,0.0,0.3799716501292421,0.0
sub_9b26cf0dfff5,2,4,operator,post_correct,1,149.8,57.004000000000005,92.79599999999999,0.3805340453938585,57.004000000000005,0.0,0.3805340453938585,0.0
sub_9b26cf0dfff5,2,5,value-tight-chunk,post_incorrect,0,239.86,70.09200000000001,169.76800000000003,0.29222046193612944,70.09200000000001,0.0,0.29222046193612944,0.0
sub_0fde8a24c9b1,2,1,tautological,pre_incorrect,0,239.74,54.17599999999999,185.56400000000005,0.2259781429882372,54.17599999999999,0.0,0.2259781429882372,0.0
sub_0fde8a24c9b1,2,2,value-tight-chunk,pre_incorrect,0,239.74,60.208000000000006,179.53199999999995,0.25113873362809713,60.208000000000006,0.0,0.25113873362809713,0.0
sub_0fde8a24c9b1,2,3,operator,pre_incorrect,0,239.74,72.82600000000002,166.91400000000004,0.30377075164761835,72.82600000000002,0.0,0.30377075164761835,0.0
sub_0fde8a24c9b1,2,4,value-loose-chunk,first_correct,1,122.56,39.02799999999999,83.53200000000001,0.3184399477806788,39.02799999999999,0.0,0.3184399477806788,0.0
sub_0fde8a24c9b1,2,5,hybrid,post_incorrect,0,239.74,50.212,189.528,0.20944356386084925,50.212,0.0,0.20944356386084925,0.0
sub_d99ccdfef616,2,1,value-loose-chunk,first_correct,1,66.594,33.14399999999999,33.44899999999998,0.4977024957203351,33.14399999999999,0.0,0.4977024957203351,0.0
sub_d99ccdfef616,2,2,tautological,post_incorrect,0,242.654,74.76800000000003,167.88499999999996,0.3081259736085127,73.59200000000001,1.176,0.3032795667905743,0.004846406817938299
sub_d99ccdfef616,2,3,hybrid,post_incorrect,0,242.694,79.644,163.04899999999998,0.32816633291305103,79.644,0.0,0.32816633291305103,0.0
sub_d99ccdfef616,2,4,operator,post_correct,1,129.654,43.047999999999995,86.60599999999998,0.33202215126413376,42.732,0.316,0.32958489518256284,0.0024372560815709506
sub_d99ccdfef616,2,5,value-tight-chunk,post_correct,1,53.533,14.136,39.398,0.2640614200586554,14.136,0.0,0.2640614200586554,0.0
sub_b153474cd583,2,1,tautological,pre_incorrect,0,239.5,79.09800000000004,160.4019999999999,0.33026304801670164,77.76200000000003,1.336,0.3246847599164928,0.005578288100208768
sub_b153474cd583,2,2,hybrid,pre_incorrect,0,239.5,106.37399999999997,133.126,0.4441503131524007,106.37399999999997,0.0,0.4441503131524007,0.0
sub_b153474cd583,2,3,operator,pre_incorrect,0,239.5,96.886,142.61400000000003,0.40453444676409184,94.654,2.232,0.39521503131524005,0.009319415448851776
sub_b153474cd583,2,4,value-tight-chunk,first_correct,1,68.2,30.203999999999997,37.995999999999995,0.4428739002932551,30.203999999999997,0.0,0.4428739002932551,0.0
sub_b153474cd583,2,5,value-loose-chunk,post_correct,1,55.84,29.291999999999994,26.547999999999995,0.5245702005730658,29.291999999999994,0.0,0.5245702005730658,0.0
sub_3080a6a2f6ef,2,1,value-tight-chunk,unlabeled,0,238.42,118.19200000000005,120.22800000000001,0.495730223974499,116.98400000000005,1.208,0.49066353493834436,0.005066689036154685
sub_3080a6a2f6ef,2,2,value-loose-chunk,unlabeled,0,238.42,108.78400000000005,129.636,0.456270447110142,108.46800000000005,0.316,0.45494505494505516,0.0013253921650868217
sub_3080a6a2f6ef,2,3,hybrid,unlabeled,0,238.42,104.37000000000005,134.04999999999995,0.43775689958896086,103.70200000000004,0.668,0.4349551212146634,0.0028017783742974585
sub_3080a6a2f6ef,2,4,tautological,unlabeled,0,238.42,135.35200000000003,103.06800000000003,0.5677040516735175,135.35200000000003,0.0,0.5677040516735175,0.0
sub_3080a6a2f6ef,2,5,operator,unlabeled,0,238.42,138.01200000000003,100.40799999999997,0.5788608338226661,138.01200000000003,0.0,0.5788608338226661,0.0
sub_08077de52922,2,1,value-loose-chunk,first_correct,1,43.18,12.954,30.226,0.3,12.954,0.0,0.3,0.0
sub_08077de52922,2,2,value-tight-chunk,post_incorrect,0,239.08,47.332,191.74800000000005,0.19797557302994812,47.332,0.0,0.19797557302994812,0.0
sub_08077de52922,2,3,operator,post_incorrect,0,239.62,36.83999999999999,202.78,0.15374342709289704,36.83999999999999,0.0,0.15374342709289704,0.0
sub_08077de52922,2,4,hybrid,post_correct,1,236.26,66.15199999999999,170.108,0.2799966138999407,65.03999999999999,1.112,0.27528993481757386,0.004706679082366884
sub_08077de52922,2,5,tautological,post_incorrect,0,238.96,39.209999999999994,199.68399999999997,0.16408603950451955,39.209999999999994,0.0,0.16408603950451955,0.0
sub_da15d261510f,2,1,tautological,pre_incorrect,0,239.68,90.79799999999997,148.882,0.37883010680907864,90.79799999999997,0.0,0.37883010680907864,0.0
sub_da15d261510f,2,2,value-loose-chunk,first_correct,1,163.48,67.42800000000003,96.052,0.4124541228284807,66.95200000000003,0.476,0.4095424516760462,0.0029116711524345487
sub_da15d261510f,2,3,value-tight-chunk,post_incorrect,0,239.68,116.46000000000002,123.22000000000006,0.48589786381842465,115.72800000000002,0.732,0.48284379172229647,0.0030540720961281707
sub_da15d261510f,2,4,hybrid,post_correct,1,40.66,17.392,23.267999999999994,0.42774225282833256,17.392,0.0,0.42774225282833256,0.0
sub_da15d261510f,2,5,operator,post_correct,1,233.68,137.72400000000005,95.95599999999999,0.5893700787401577,137.72400000000005,0.0,0.5893700787401577,0.0
sub_d482ed5a6935,2,1,tautological,pre_incorrect,0,239.62,148.44600000000005,91.174,0.6195058843168352,146.19000000000005,2.2560000000000002,0.6100909773808533,0.009414906935981971
sub_d482ed5a6935,2,2,operator,pre_incorrect,0,239.62,152.57200000000012,87.048,0.6367248142892918,150.95200000000006,1.62,0.6299641098405812,0.006760704448710459
sub_d482ed5a6935,2,3,value-tight-chunk,pre_incorrect,0,239.62,155.172,84.44800000000001,0.6475753276020365,149.608,5.564,0.6243552291127619,0.023220098489274685
sub_d482ed5a6935,2,4,hybrid,first_correct,1,92.62,57.55200000000002,35.068000000000005,0.6213776722090263,56.916000000000025,0.636,0.6145109047721877,0.006866767436838696
sub_d482ed5a6935,2,5,value-loose-chunk,post_correct,1,74.5,42.80199999999999,31.698000000000004,0.5745234899328858,42.48599999999999,0.316,0.5702818791946307,0.004241610738255033
sub_112df383350c,2,1,hybrid,first_correct,1,160.72,91.08000000000003,69.64000000000001,0.5666998506719763,90.41200000000003,0.668,0.5625435540069689,0.004156296665007467
sub_112df383350c,2,2,value-tight-chunk,post_incorrect,0,239.8,120.31200000000005,119.48800000000003,0.5017180984153463,119.42000000000004,0.892,0.49799833194328624,0.00371976647206005
sub_112df383350c,2,3,tautological,post_incorrect,0,239.8,127.76800000000004,112.03199999999998,0.5328106755629693,126.65600000000005,1.112,0.5281734778982488,0.004637197664720601
sub_112df383350c,2,4,operator,post_incorrect,0,239.8,116.94400000000006,122.85600000000002,0.4876730608840703,116.05600000000007,0.888,0.48396997497914956,0.0037030859049207673
sub_112df383350c,2,5,value-loose-chunk,post_correct,1,101.02,41.35,59.67,0.40932488616115625,40.297999999999995,1.052,0.39891110671154223,0.010413779449613938
sub_a369f765e294,2,1,value-loose-chunk,first_correct,1,151.06,103.016,48.044,0.6819541903879254,103.016,0.0,0.6819541903879254,0.0
sub_a369f765e294,2,2,value-tight-chunk,post_incorrect,0,239.68,119.13799999999998,120.54200000000003,0.4970710947930573,118.40999999999998,0.728,0.4940337116154872,0.0030373831775700934
sub_a369f765e294,2,3,operator,post_incorrect,0,239.68,133.60999999999999,106.07,0.5574516021361815,133.60999999999999,0.0,0.5574516021361815,0.0
sub_a369f765e294,2,4,tautological,post_incorrect,0,239.68,138.91000000000005,100.77000000000001,0.5795644192256344,138.59400000000005,0.316,0.5782459946595463,0.0013184245660881175
sub_a369f765e294,2,5,hybrid,post_correct,1,155.8,90.23400000000005,65.56600000000003,0.5791655969191274,89.69400000000005,0.54,0.575699614890886,0.003465982028241335
sub_f310d2864479,2,1,hybrid,pre_incorrect,0,239.74,125.48200000000004,114.25800000000002,0.5234086927504799,124.75000000000004,0.732,0.5203553850004172,0.0030533077500625675
sub_f310d2864479,2,2,value-loose-chunk,first_correct,1,86.8,49.11200000000001,37.687999999999995,0.5658064516129033,49.11200000000001,0.0,0.5658064516129033,0.0
sub_f310d2864479,2,3,tautological,post_incorrect,0,239.74,122.69400000000002,117.04600000000003,0.5117794277133562,122.69400000000002,0.0,0.5117794277133562,0.0
sub_f310d2864479,2,4,operator,post_incorrect,0,239.74,128.63400000000001,111.106,0.5365562692917327,128.63400000000001,0.0,0.5365562692917327,0.0
sub_f310d2864479,2,5,value-tight-chunk,post_incorrect,0,239.74,123.35800000000006,116.38200000000006,0.5145490948527573,123.35800000000006,0.0,0.5145490948527573,0.0
sub_188439c95744,2,1,hybrid,first_correct,1,182.26,44.321999999999996,137.93800000000002,0.24318007242400966,42.477999999999994,1.8439999999999999,0.2330626577416877,0.010117414682321958
sub_188439c95744,2,2,operator,post_correct,1,83.02,27.051999999999996,55.968,0.3258491929655504,27.051999999999996,0.0,0.3258491929655504,0.0
sub_188439c95744,2,3,tautological,post_incorrect,0,239.62,45.916,193.704,0.19162006510307986,45.21600000000001,0.7,0.1886987730573408,0.002921292045739087
sub_188439c95744,2,4,value-tight-chunk,post_correct,1,84.82,25.279999999999998,59.540000000000006,0.2980429144069795,25.279999999999998,0.0,0.2980429144069795,0.0
sub_188439c95744,2,5,value-loose-chunk,post_correct,1,51.46,11.097999999999999,40.361999999999995,0.2156626506024096,10.782,0.316,0.20952195880295374,0.006140691799455888
sub_724dd2d1a515,2,1,value-loose-chunk,first_correct,1,86.954,48.74300000000001,38.209999999999994,0.5605607562619317,48.42700000000001,0.316,0.5569266508728754,0.0036341053890562827
sub_724dd2d1a515,2,2,value-tight-chunk,post_incorrect,0,242.214,134.37199999999999,107.84200000000003,0.5547656204843651,127.17599999999999,7.196000000000001,0.5250563551239812,0.029709265360383794
sub_724dd2d1a515,2,3,hybrid,post_incorrect,0,242.393,118.25600000000001,124.13699999999999,0.4878688741011498,116.85600000000001,1.4,0.48209312975209684,0.005775744349052984
sub_724dd2d1a515,2,4,operator,post_incorrect,0,242.194,106.76400000000005,135.43000000000004,0.4408201689554657,105.10800000000005,1.656,0.4339826750456248,0.006837493909840871
sub_724dd2d1a515,2,5,tautological,post_incorrect,0,242.054,96.92000000000002,145.133,0.40040652085898193,96.92000000000002,0.0,0.40040652085898193,0.0
sub_c0359a5fa512,2,1,value-tight-chunk,first_correct,1,69.52,34.07,35.449999999999996,0.49007479861910247,34.07,0.0,0.49007479861910247,0.0
sub_c0359a5fa512,2,2,hybrid,post_correct,1,154.96,61.10800000000001,93.85199999999999,0.39434692823954576,61.10800000000001,0.0,0.39434692823954576,0.0
sub_c0359a5fa512,2,3,value-loose-chunk,post_correct,1,74.62,36.728,37.89200000000001,0.49220048244438486,36.728,0.0,0.49220048244438486,0.0
sub_c0359a5fa512,2,4,tautological,post_incorrect,0,239.86,103.276,136.584,0.43056783123488696,103.276,0.0,0.43056783123488696,0.0
sub_c0359a5fa512,2,5,operator,post_incorrect,0,239.8,81.39600000000004,158.40400000000002,0.33943286071726453,81.39600000000004,0.0,0.33943286071726453,0.0
sub_cbe375515140,2,1,tautological,pre_incorrect,0,239.8,52.62799999999999,187.17199999999997,0.2194662218515429,52.31199999999999,0.316,0.21814845704753957,0.001317764804003336
sub_cbe375515140,2,2,value-loose-chunk,pre_incorrect,0,239.8,44.70800000000003,195.09200000000004,0.18643869891576323,44.70800000000003,0.0,0.18643869891576323,0.0
sub_cbe375515140,2,3,value-tight-chunk,pre_incorrect,0,239.8,48.32799999999998,191.47200000000007,0.20153461217681393,47.883999999999986,0.444,0.19968306922435355,0.0018515429524603836
sub_cbe375515140,2,4,operator,first_correct,1,155.86,47.06000000000001,108.8,0.30193763634030546,46.552000000000014,0.508,0.2986783010393944,0.0032593353009110738
sub_cbe375515140,2,5,hybrid,post_correct,1,147.34,40.51800000000001,106.82199999999997,0.27499660648839425,40.51800000000001,0.0,0.27499660648839425,0.0
sub_879938aeb461,2,1,hybrid,first_correct,1,91.96,30.667999999999996,61.292,0.3334928229665072,30.667999999999996,0.0,0.3334928229665072,0.0
sub_879938aeb461,2,2,value-loose-chunk,post_correct,1,50.26,26.305999999999997,23.954,0.5233983286908078,26.305999999999997,0.0,0.5233983286908078,0.0
sub_879938aeb461,2,3,value-tight-chunk,post_correct,1,68.2,33.6,34.6,0.49266862170087977,32.803999999999995,0.796,0.48099706744868026,0.011671554252199413
sub_879938aeb461,2,4,tautological,post_incorrect,0,239.74,55.354,184.386,0.2308917994494035,55.354,0.0,0.2308917994494035,0.0
sub_879938aeb461,2,5,operator,post_correct,1,86.02,22.731999999999992,63.288000000000004,0.2642641246221808,22.731999999999992,0.0,0.2642641246221808,0.0
sub_aee5b49a860d,2,1,operator,pre_incorrect,0,239.5,46.376000000000005,193.12399999999997,0.19363674321503133,46.376000000000005,0.0,0.19363674321503133,0.0
sub_aee5b49a860d,2,2,tautological,pre_incorrect,0,239.74,51.160000000000004,188.58,0.21339784766830733,51.160000000000004,0.0,0.21339784766830733,0.0
sub_aee5b49a860d,2,3,value-tight-chunk,pre_incorrect,0,239.8,48.01599999999999,191.78400000000002,0.20023352793994992,47.22399999999999,0.792,0.19693077564637193,0.0033027522935779817
sub_aee5b49a860d,2,4,value-loose-chunk,first_correct,1,37.48,10.51,26.97,0.2804162219850587,10.51,0.0,0.2804162219850587,0.0
sub_aee5b49a860d,2,5,hybrid,post_correct,1,138.7,36.52799999999999,102.074,0.26335976928622923,36.52799999999999,0.0,0.26335976928622923,0.0
sub_498317e91f9a,2,1,hybrid,first_correct,1,233.26,46.69999999999999,186.55999999999997,0.20020577895910138,46.22399999999999,0.476,0.19816513761467885,0.0020406413444225328
sub_498317e91f9a,2,2,value-loose-chunk,post_correct,1,197.98,61.39200000000003,136.58800000000005,0.3100919284776242,59.38800000000003,2.004,0.2999696939084758,0.0101222345691484
sub_498317e91f9a,2,3,operator,post_incorrect,0,239.5,75.24400000000001,164.256,0.31417118997912324,74.67200000000001,0.572,0.31178288100208773,0.0023883089770354903
sub_498317e91f9a,2,4,tautological,post_incorrect,0,239.5,81.016,158.48400000000007,0.33827139874739043,81.016,0.0,0.33827139874739043,0.0
sub_498317e91f9a,2,5,value-tight-chunk,post_incorrect,0,239.5,74.84400000000005,164.65600000000003,0.3125010438413363,74.43200000000006,0.412,0.3107807933194157,0.001720250521920668
sub_2b639dd64c84,2,1,value-tight-chunk,unlabeled,0,244.66,14.838,229.82200000000003,0.060647429085261176,14.838,0.0,0.060647429085261176,0.0
sub_2b639dd64c84,2,2,tautological,unlabeled,0,241.42,22.543999999999997,218.876,0.09338083008864219,22.543999999999997,0.0,0.09338083008864219,0.0
sub_2b639dd64c84,2,3,hybrid,unlabeled,0,243.4,12.264000000000001,231.13599999999997,0.0503861955628595,12.264000000000001,0.0,0.0503861955628595,0.0
sub_2b639dd64c84,2,4,operator,unlabeled,0,245.2,21.21599999999999,223.98400000000004,0.08652528548123976,20.77199999999999,0.444,0.08471451876019573,0.0018107667210440458
sub_2b639dd64c84,2,5,value-loose-chunk,unlabeled,0,245.32,23.85999999999999,221.46000000000004,0.09726072069134188,23.85999999999999,0.0,0.09726072069134188,0.0
sub_6185184e8c09,1,1,value-tight-chunk,unlabeled,0,239.74,92.632,147.10799999999995,0.3863852506882456,92.632,0.0,0.3863852506882456,0.0
sub_6185184e8c09,1,2,value-tight-chunk,unlabeled,0,239.8,108.87200000000001,130.92800000000003,0.4540116763969975,108.87200000000001,0.0,0.4540116763969975,0.0
sub_6185184e8c09,1,3,value-tight-chunk,unlabeled,0,239.8,92.80799999999999,146.992,0.387022518765638,92.80799999999999,0.0,0.387022518765638,0.0
sub_6185184e8c09,1,4,value-tight-chunk,unlabeled,0,239.8,64.098,175.70200000000003,0.2672977481234362,64.098,0.0,0.2672977481234362,0.0
sub_6185184e8c09,1,5,value-tight-chunk,unlabeled,0,239.74,72.32800000000003,167.41200000000003,0.3016935012930676,72.32800000000003,0.0,0.3016935012930676,0.0
sub_43b86806461c,2,1,hybrid,first_correct,1,160.0,82.77,77.22999999999999,0.5173125,80.734,2.036,0.5045875,0.012725
sub_43b86806461c,2,2,operator,post_incorrect,0,239.38,118.37600000000005,121.00400000000003,0.494510819617345,117.96400000000004,0.412,0.4927897067424181,0.0017211128749268945
sub_43b86806461c,2,3,value-loose-chunk,post_correct,1,27.76,21.125999999999998,6.634,0.7610230547550431,21.125999999999998,0.0,0.7610230547550431,0.0
sub_43b86806461c,2,4,value-tight-chunk,post_correct,1,97.18,52.60199999999999,44.577999999999996,0.5412842148590243,51.00999999999999,1.592,0.5249022432599298,0.016381971599094464
sub_43b86806461c,2,5,tautological,post_incorrect,0,239.26,130.942,108.31799999999998,0.5472791105909889,129.958,0.984,0.5431664298252947,0.004112680765694224
sub_04085c73cb87,2,1,operator,pre_incorrect,0,238.84,98.3560000000001,140.48399999999992,0.41180706749288265,98.3560000000001,0.0,0.41180706749288265,0.0
sub_04085c73cb87,2,2,value-loose-chunk,pre_incorrect,0,238.9,97.90800000000006,140.992,0.40982838007534556,97.49600000000005,0.412,0.4081038091251572,0.0017245709501883632
sub_04085c73cb87,2,3,hybrid,pre_incorrect,0,238.84,60.784000000000034,178.056,0.25449673421537444,60.46800000000003,0.316,0.25317367275163305,0.0013230614637414167
sub_04085c73cb87,2,4,tautological,pre_incorrect,0,238.78,48.675999999999995,190.10399999999996,0.20385291900494176,48.168,0.508,0.20172543764134349,0.0021274813635982913
sub_04085c73cb87,2,5,value-tight-chunk,first_correct,1,207.4,39.05999999999999,168.34000000000003,0.1883317261330761,39.05999999999999,0.0,0.1883317261330761,0.0
sub_47198434ebe7,2,1,value-loose-chunk,first_correct,1,162.16,39.480000000000004,122.67999999999998,0.24346324617661572,39.480000000000004,0.0,0.24346324617661572,0.0
sub_47198434ebe7,2,2,value-tight-chunk,post_correct,1,176.32,38.172000000000004,138.14800000000002,0.21649274047186937,38.172000000000004,0.0,0.21649274047186937,0.0
sub_47198434ebe7,2,3,hybrid,post_incorrect,0,239.86,35.17600000000001,204.684,0.14665221379137833,35.17600000000001,0.0,0.14665221379137833,0.0
sub_47198434ebe7,2,4,operator,post_incorrect,0,239.86,59.37200000000001,180.48800000000008,0.24752772450596183,59.37200000000001,0.0,0.24752772450596183,0.0
sub_47198434ebe7,2,5,tautological,post_incorrect,0,239.86,48.533999999999985,191.32600000000002,0.20234303343617102,46.278,2.2560000000000002,0.1929375469023597,0.00940548653381139
sub_239ede6562d1,2,1,operator,first_correct,1,187.034,125.02799999999999,62.006000000000014,0.6684773891378039,125.02799999999999,0.0,0.6684773891378039,0.0
sub_239ede6562d1,2,2,value-tight-chunk,post_correct,1,135.633,91.328,44.306,0.6733464569831825,91.328,0.0,0.6733464569831825,0.0
sub_239ede6562d1,2,3,value-loose-chunk,post_correct,1,42.114,34.548,7.565999999999999,0.82034477845847,34.548,0.0,0.82034477845847,0.0
sub_239ede6562d1,2,4,hybrid,post_correct,1,135.994,99.11999999999999,36.873999999999995,0.7288556848096239,99.11999999999999,0.0,0.7288556848096239,0.0
sub_239ede6562d1,2,5,tautological,post_incorrect,0,241.613,170.01600000000005,71.598,0.7036707461932927,168.49600000000004,1.52,0.6973796939734205,0.006291052219872275
sub_6f9562b65f45,2,1,operator,pre_incorrect,0,239.5,49.21600000000001,190.284,0.20549478079331945,48.77200000000001,0.444,0.20364091858037583,0.0018538622129436325
sub_6f9562b65f45,2,2,tautological,pre_incorrect,0,239.5,48.904,190.596,0.20419206680584553,48.524,0.38,0.20260542797494782,0.0015866388308977035
sub_6f9562b65f45,2,3,value-tight-chunk,pre_incorrect,0,239.5,39.438,200.06199999999998,0.16466805845511484,39.438,0.0,0.16466805845511484,0.0
sub_6f9562b65f45,2,4,hybrid,pre_incorrect,0,239.5,59.166,180.334,0.24703966597077243,59.166,0.0,0.24703966597077243,0.0
sub_6f9562b65f45,2,5,value-loose-chunk,first_correct,1,21.76,9.946,11.814,0.4570772058823529,9.946,0.0,0.4570772058823529,0.0
sub_269f3c10e2ec,2,1,value-tight-chunk,unlabeled,0,239.8,19.063999999999997,220.736,0.0794995829858215,19.063999999999997,0.0,0.0794995829858215,0.0
sub_269f3c10e2ec,2,2,operator,unlabeled,0,239.8,22.29999999999999,217.50000000000003,0.0929941618015012,22.29999999999999,0.0,0.0929941618015012,0.0
sub_269f3c10e2ec,2,3,hybrid,unlabeled,0,239.8,14.879999999999999,224.92,0.06205170975813177,14.879999999999999,0.0,0.06205170975813177,0.0
sub_269f3c10e2ec,2,4,value-loose-chunk,unlabeled,0,239.74,29.236000000000004,210.50400000000002,0.12194877784266289,29.236000000000004,0.0,0.12194877784266289,0.0
sub_269f3c10e2ec,2,5,tautological,unlabeled,0,239.8,34.35999999999999,205.43999999999997,0.14328607172643865,33.75599999999999,0.604,0.14076730608840696,0.002518765638031693
sub_1fd86ec6bf44,2,1,tautological,first_correct,1,114.4,21.211999999999996,93.188,0.18541958041958037,21.211999999999996,0.0,0.18541958041958037,0.0
sub_1fd86ec6bf44,2,2,value-tight-chunk,post_correct,1,57.88,14.187999999999999,43.69200000000001,0.24512785072563922,14.187999999999999,0.0,0.24512785072563922,0.0
sub_1fd86ec6bf44,2,3,value-loose-chunk,post_correct,1,96.04,17.612,78.428,0.1833819241982507,17.612,0.0,0.1833819241982507,0.0
sub_1fd86ec6bf44,2,4,operator,post_incorrect,0,239.62,40.62,199.0,0.16951840413988814,40.62,0.0,0.16951840413988814,0.0
sub_1fd86ec6bf44,2,5,hybrid,post_incorrect,0,239.62,37.932,201.688,0.15830064268425006,37.932,0.0,0.15830064268425006,0.0
sub_c7dc2eb080c3,2,1,value-loose-chunk,first_correct,1,100.54,18.855999999999998,81.68400000000001,0.1875472448776606,18.855999999999998,0.0,0.1875472448776606,0.0
sub_c7dc2eb080c3,2,2,hybrid,post_correct,1,113.98,19.071999999999996,94.908,0.16732760133356725,19.071999999999996,0.0,0.16732760133356725,0.0
sub_c7dc2eb080c3,2,3,operator,post_incorrect,0,239.68,70.36000000000001,169.31999999999996,0.29355807743658213,69.88400000000001,0.476,0.2915720961281709,0.001985981308411215
sub_c7dc2eb080c3,2,4,value-tight-chunk,post_correct,1,168.94,44.92400000000002,124.01600000000005,0.26591689357168236,44.256000000000014,0.668,0.2619628270391856,0.003954066532496745
sub_c7dc2eb080c3,2,5,tautological,post_incorrect,0,239.62,69.85400000000001,169.76600000000002,0.29151990651865456,69.85400000000001,0.0,0.29151990651865456,0.0
sub_59b367bae56c,2,1,hybrid,first_correct,1,115.48,29.12399999999999,86.356,0.25219951506754407,29.12399999999999,0.0,0.25219951506754407,0.0
sub_59b367bae56c,2,2,value-loose-chunk,post_correct,1,67.06,20.976,46.08400000000001,0.3127945123769758,20.976,0.0,0.3127945123769758,0.0
sub_59b367bae56c,2,3,value-tight-chunk,post_correct,1,39.22,15.0,24.219999999999995,0.38245792962774094,15.0,0.0,0.38245792962774094,0.0
sub_59b367bae56c,2,4,operator,post_incorrect,0,239.8,88.30800000000002,151.492,0.368256880733945,87.38400000000001,0.924,0.3644036697247707,0.003853211009174312
sub_59b367bae56c,2,5,tautological,post_correct,1,19.3,5.5600000000000005,13.74,0.28808290155440414,5.5600000000000005,0.0,0.28808290155440414,0.0
sub_86d5e32d64ef,1,1,value-tight-chunk,first_correct,1,220.96,32.34399999999999,188.616,0.14637943519188987,32.34399999999999,0.0,0.14637943519188987,0.0
sub_86d5e32d64ef,1,2,value-tight-chunk,post_correct,1,93.76,28.349999999999994,65.41000000000001,0.30236774744027295,28.349999999999994,0.0,0.30236774744027295,0.0
sub_86d5e32d64ef,1,3,value-tight-chunk,post_correct,1,98.14,31.337999999999997,66.802,0.3193193397187691,30.99,0.348,0.31577338496026086,0.003545954758508253
sub_86d5e32d64ef,1,4,value-tight-chunk,post_incorrect,0,239.68,41.77999999999999,197.90000000000003,0.17431575433911878,39.89999999999999,1.8800000000000001,0.1664719626168224,0.007843791722296396
sub_86d5e32d64ef,1,5,value-tight-chunk,post_incorrect,0,239.74,69.452,170.28799999999995,0.28969717193626426,68.784,0.668,0.2869108200550597,0.0027863518812046386
sub_3d93746f80a6,1,1,operator,unlabeled,0,239.8,21.999999999999993,217.8,0.09174311926605501,21.999999999999993,0.0,0.09174311926605501,0.0
sub_3d93746f80a6,1,2,operator,unlabeled,0,239.74,15.340000000000003,224.40000000000006,0.06398598481688497,15.340000000000003,0.0,0.06398598481688497,0.0
sub_3d93746f80a6,1,3,operator,unlabeled,0,239.62,29.479999999999986,210.13999999999996,0.12302812786912605,25.43599999999999,4.044,0.10615140639345626,0.01687672147566981
sub_3d93746f80a6,1,4,operator,unlabeled,0,239.8,21.95999999999999,217.83999999999997,0.09157631359466217,21.95999999999999,0.0,0.09157631359466217,0.0
sub_3d93746f80a6,1,5,operator,unlabeled,0,239.8,22.23999999999999,217.56000000000006,0.09274395329441197,21.923999999999992,0.316,0.09142618849040864,0.001317764804003336
sub_60c499e87ab8,1,1,hybrid,pre_incorrect,0,239.62,18.238,221.382,0.07611217761455638,18.238,0.0,0.07611217761455638,0.0
sub_60c499e87ab8,1,2,hybrid,first_correct,1,189.88,6.404,183.47599999999997,0.03372656414577628,6.404,0.0,0.03372656414577628,0.0
sub_60c499e87ab8,1,3,hybrid,post_correct,1,122.26,6.896000000000001,115.364,0.05640438409946017,6.896000000000001,0.0,0.05640438409946017,0.0
sub_60c499e87ab8,1,4,hybrid,post_correct,1,54.52,0.0,54.52,0.0,0.0,0.0,0.0,0.0
sub_60c499e87ab8,1,5,hybrid,post_correct,1,36.64,14.491999999999997,22.147999999999996,0.39552401746724886,14.491999999999997,0.0,0.39552401746724886,0.0
sub_1ca12576b5ff,1,1,value-loose-chunk,first_correct,1,40.72,12.984000000000002,27.736,0.31886051080550104,12.984000000000002,0.0,0.31886051080550104,0.0
sub_1ca12576b5ff,1,2,value-loose-chunk,post_correct,1,31.84,13.663999999999998,18.176,0.42914572864321604,13.663999999999998,0.0,0.42914572864321604,0.0
sub_1ca12576b5ff,1,3,value-loose-chunk,post_correct,1,27.82,12.379999999999999,15.406,0.4450035945363048,12.379999999999999,0.0,0.4450035945363048,0.0
sub_1ca12576b5ff,1,4,value-loose-chunk,post_correct,1,29.68,12.356000000000002,17.324000000000005,0.4163072776280324,12.356000000000002,0.0,0.4163072776280324,0.0
sub_1ca12576b5ff,1,5,value-loose-chunk,post_correct,1,31.66,8.780000000000001,22.879999999999995,0.27732154137713205,8.780000000000001,0.0,0.27732154137713205,0.0
sub_a40b19e951cc,2,1,value-tight-chunk,pre_incorrect,0,239.86,60.88,178.97999999999996,0.2538147252563996,60.88,0.0,0.2538147252563996,0.0
sub_a40b19e951cc,2,2,hybrid,pre_incorrect,0,239.86,54.071999999999996,185.788,0.2254315017093304,54.071999999999996,0.0,0.2254315017093304,0.0
sub_a40b19e951cc,2,3,value-loose-chunk,first_correct,1,41.38,11.568,29.812,0.2795553407443209,11.568,0.0,0.2795553407443209,0.0
sub_a40b19e951cc,2,4,tautological,post_incorrect,0,239.86,35.10399999999999,204.75599999999997,0.14635203868923535,35.10399999999999,0.0,0.14635203868923535,0.0
sub_a40b19e951cc,2,5,operator,post_incorrect,0,239.86,31.979999999999993,207.88,0.13332777453514547,31.979999999999993,0.0,0.13332777453514547,0.0
sub_7b1a31a79a42,2,1,operator,pre_incorrect,0,243.7,59.32800000000002,184.372,0.24344686089454254,59.32800000000002,0.0,0.24344686089454254,0.0
sub_7b1a31a79a42,2,2,tautological,pre_incorrect,0,239.74,59.328,180.41199999999998,0.24746809043130058,59.328,0.0,0.24746809043130058,0.0
sub_7b1a31a79a42,2,3,value-tight-chunk,pre_incorrect,0,239.74,40.813999999999986,198.926,0.17024276299324262,40.813999999999986,0.0,0.17024276299324262,0.0
sub_7b1a31a79a42,2,4,hybrid,first_correct,1,162.88,22.392,140.488,0.137475442043222,22.392,0.0,0.137475442043222,0.0
sub_7b1a31a79a42,2,5,value-loose-chunk,post_incorrect,0,239.74,27.747999999999998,211.99199999999996,0.11574205389171602,27.747999999999998,0.0,0.11574205389171602,0.0
sub_203aa31de036,2,1,operator,pre_incorrect,0,242.04,98.886,143.15400000000002,0.40855230540406545,98.28200000000001,0.604,0.4060568501074203,0.0024954552966451825
sub_203aa31de036,2,2,hybrid,pre_incorrect,0,244.74,92.12,152.61999999999998,0.3763994443082455,92.12,0.0,0.3763994443082455,0.0
sub_203aa31de036,2,3,value-loose-chunk,first_correct,1,72.3,37.902000000000015,34.398,0.5242323651452284,37.52200000000001,0.38,0.5189764868603045,0.0052558782849239285
sub_203aa31de036,2,4,tautological,post_incorrect,0,244.74,106.04000000000003,138.69999999999996,0.43327612977036867,106.04000000000003,0.0,0.43327612977036867,0.0
sub_203aa31de036,2,5,value-tight-chunk,post_correct,1,231.48,50.04800000000001,181.43199999999996,0.21620874373595997,50.04800000000001,0.0,0.21620874373595997,0.0
sub_612d041941ce,1,1,value-tight-chunk,first_correct,1,71.56,41.272000000000006,30.288000000000004,0.5767467859139185,41.272000000000006,0.0,0.5767467859139185,0.0
sub_612d041941ce,1,2,value-tight-chunk,post_correct,1,41.68,30.584000000000003,11.095999999999998,0.733781190019194,30.584000000000003,0.0,0.733781190019194,0.0
sub_612d041941ce,1,3,value-tight-chunk,post_correct,1,54.88,37.14600000000001,17.733999999999998,0.6768586005830904,37.14600000000001,0.0,0.6768586005830904,0.0
sub_612d041941ce,1,4,value-tight-chunk,post_correct,1,37.0,25.816,11.184,0.6977297297297297,25.816,0.0,0.6977297297297297,0.0
sub_612d041941ce,1,5,value-tight-chunk,post_correct,1,32.74,23.731999999999996,9.008000000000001,0.7248625534514354,23.731999999999996,0.0,0.7248625534514354,0.0
sub_f92c6abd9e8a,1,1,value-tight-chunk,pre_incorrect,0,239.8,142.66600000000005,97.13199999999999,0.5949374478732279,140.25000000000003,2.416,0.584862385321101,0.010075062552126772
sub_f92c6abd9e8a,1,2,value-tight-chunk,pre_incorrect,0,239.8,147.65400000000002,92.146,0.6157381150959134,145.81400000000002,1.84,0.6080650542118433,0.007673060884070058
sub_f92c6abd9e8a,1,3,value-tight-chunk,pre_incorrect,0,239.74,140.31400000000008,99.426,0.5852757153583051,139.4900000000001,0.8240000000000001,0.5818386585467593,0.0034370568115458413
sub_f92c6abd9e8a,1,4,value-tight-chunk,pre_incorrect,0,239.8,118.11399999999999,121.68599999999998,0.4925521267723102,117.07,1.044,0.48819849874895743,0.004353628023352794
sub_f92c6abd9e8a,1,5,value-tight-chunk,first_correct,1,221.68,113.42000000000004,108.26,0.5116383976903647,112.24800000000005,1.1720000000000002,0.5063514976542767,0.005286900036088055
sub_5fec732bb147,1,1,value-loose-chunk,first_correct,1,72.94,23.983999999999995,48.955999999999996,0.32881820674527,23.983999999999995,0.0,0.32881820674527,0.0
sub_5fec732bb147,1,2,value-loose-chunk,post_correct,1,81.94,29.028,52.912000000000006,0.35425921405906763,28.204,0.824,0.3442030754210398,0.010056138638027824
sub_5fec732bb147,1,3,value-loose-chunk,post_correct,1,24.82,9.572000000000001,15.248,0.3856567284448026,9.572000000000001,0.0,0.3856567284448026,0.0
sub_5fec732bb147,1,4,value-loose-chunk,post_correct,1,29.68,9.152000000000001,20.528,0.308355795148248,9.152000000000001,0.0,0.308355795148248,0.0
sub_5fec732bb147,1,5,value-loose-chunk,post_correct,1,21.82,6.960000000000001,14.86,0.3189734188817599,6.960000000000001,0.0,0.3189734188817599,0.0
sub_e6330811bfdb,1,1,operator,unlabeled,0,242.154,79.98800000000003,162.16500000000002,0.33031872279623725,79.98800000000003,0.0,0.33031872279623725,0.0
sub_e6330811bfdb,1,2,operator,unlabeled,0,244.573,104.84,139.73300000000003,0.42866547002326505,104.84,0.0,0.42866547002326505,0.0
sub_e6330811bfdb,1,3,operator,unlabeled,0,241.974,133.56399999999996,108.40999999999998,0.5519766586492763,132.896,0.668,0.5492160314744559,0.0027606271748204353
sub_e6330811bfdb,1,4,operator,unlabeled,0,242.853,117.96400000000003,124.88999999999996,0.4857424038410068,116.53600000000003,1.428,0.4798623035334133,0.005880100307593482
sub_e6330811bfdb,1,5,operator,unlabeled,0,243.054,126.76299999999999,116.29000000000005,0.5215425378722424,124.923,1.84,0.513972203707818,0.007570334164424367
sub_b57438af5250,2,1,operator,first_correct,1,211.0,99.70600000000002,111.29399999999997,0.47254028436018963,99.07400000000001,0.632,0.4695450236966825,0.002995260663507109
sub_b57438af5250,2,2,value-tight-chunk,post_incorrect,0,238.48,97.336,141.14399999999995,0.4081516269708152,95.87200000000001,1.464,0.4020127474002014,0.0061388795706138885
sub_b57438af5250,2,3,tautological,post_incorrect,0,238.48,74.884,163.59599999999998,0.31400536732640055,73.648,1.236,0.3088225427708822,0.005182824555518282
sub_b57438af5250,2,4,value-loose-chunk,post_correct,1,28.78,8.32,20.459999999999997,0.28908964558721334,7.844,0.476,0.27255038220986794,0.016539263377345376
sub_b57438af5250,2,5,hybrid,post_incorrect,0,238.9,69.10800000000003,169.792,0.28927584763499387,68.60000000000004,0.508,0.28714943491000433,0.0021264127249895353
sub_2669635ac136,2,1,value-tight-chunk,first_correct,1,197.02,53.74799999999999,143.27199999999996,0.2728047913917368,52.69999999999999,1.048,0.26748553446350615,0.005319256928230636
sub_2669635ac136,2,2,value-loose-chunk,post_correct,1,67.3,23.79199999999999,43.507999999999996,0.35352154531946495,23.18799999999999,0.604,0.34454680534918264,0.008974739970282319
sub_2669635ac136,2,3,tautological,post_incorrect,0,239.8,45.58799999999999,194.21200000000002,0.19010842368640526,44.85599999999999,0.732,0.18705587989991654,0.0030525437864887405
sub_2669635ac136,2,4,hybrid,post_correct,1,64.36,22.471999999999994,41.888000000000005,0.349160969546302,21.423999999999996,1.048,0.332877563704164,0.016283405842137975
sub_2669635ac136,2,5,operator,post_incorrect,0,239.74,61.63600000000001,178.10399999999998,0.2570951864519897,61.32000000000001,0.316,0.25577709184950365,0.0013180946024860265
sub_c825be9c6344,2,1,tautological,pre_incorrect,0,239.74,89.48200000000006,150.25799999999995,0.37324601651789463,86.46200000000005,3.02,0.36064903645616103,0.012596980061733544
sub_c825be9c6344,2,2,operator,first_correct,1,107.38,45.755999999999986,61.62400000000002,0.4261128701806667,44.57599999999999,1.18,0.41512385919165573,0.010989010989010988
sub_c825be9c6344,2,3,value-loose-chunk,post_correct,1,46.84,32.6,14.239999999999998,0.6959863364645602,32.6,0.0,0.6959863364645602,0.0
sub_c825be9c6344,2,4,value-tight-chunk,post_correct,1,35.14,22.601999999999997,12.538,0.6431986340352873,21.357999999999997,1.244,0.6077973819009674,0.03540125213431986
sub_c825be9c6344,2,5,hybrid,post_incorrect,0,239.74,118.44000000000001,121.29999999999998,0.4940352048052057,116.14800000000001,2.2920000000000003,0.48447484775173105,0.009560357053474598
sub_b1253f2df8d5,1,1,hybrid,first_correct,1,86.8,29.568,57.23199999999999,0.34064516129032263,29.568,0.0,0.34064516129032263,0.0
sub_b1253f2df8d5,1,2,hybrid,post_correct,1,37.12,19.655999999999995,17.464000000000002,0.5295258620689655,19.655999999999995,0.0,0.5295258620689655,0.0
sub_b1253f2df8d5,1,3,hybrid,post_correct,1,26.14,9.192,16.948,0.35164498852333587,9.192,0.0,0.35164498852333587,0.0
sub_b1253f2df8d5,1,4,hybrid,post_correct,1,47.32,15.796,31.523999999999994,0.33381234150464917,15.796,0.0,0.33381234150464917,0.0
sub_b1253f2df8d5,1,5,hybrid,post_correct,1,22.0,9.224,12.775999999999998,0.4192727272727273,9.224,0.0,0.4192727272727273,0.0
sub_7db0eb5bbaa4,2,1,tautological,pre_incorrect,0,239.38,122.54599999999998,116.83400000000003,0.5119308212883281,122.54599999999998,0.0,0.5119308212883281,0.0
sub_7db0eb5bbaa4,2,2,hybrid,first_correct,1,94.48,57.416000000000004,37.063999999999986,0.6077053344623201,57.416000000000004,0.0,0.6077053344623201,0.0
sub_7db0eb5bbaa4,2,3,operator,post_correct,1,107.56,60.804000000000016,46.756000000000014,0.5653030866493122,60.804000000000016,0.0,0.5653030866493122,0.0
sub_7db0eb5bbaa4,2,4,value-tight-chunk,post_incorrect,0,239.68,142.5440000000001,97.136,0.5947263017356479,142.5440000000001,0.0,0.5947263017356479,0.0
sub_7db0eb5bbaa4,2,5,value-loose-chunk,post_incorrect,0,240.7,109.25600000000007,131.44400000000002,0.4539094308267556,108.81200000000008,0.444,0.4520648109680103,0.0018446198587453262
sub_fee3a357342f,1,1,value-tight-chunk,pre_incorrect,0,243.293,109.54000000000005,133.75400000000002,0.45023901221983387,107.50000000000006,2.04,0.4418540607415752,0.008384951478258724
sub_fee3a357342f,1,2,value-tight-chunk,first_correct,1,47.053,25.916,21.137999999999995,0.5507831594159778,25.916,0.0,0.5507831594159778,0.0
sub_fee3a357342f,1,3,value-tight-chunk,post_correct,1,24.393,13.807999999999998,10.586,0.5660640347640715,13.807999999999998,0.0,0.5660640347640715,0.0
sub_fee3a357342f,1,4,value-tight-chunk,post_correct,1,25.753,13.88,11.873999999999999,0.5389663340193376,13.88,0.0,0.5389663340193376,0.0
sub_fee3a357342f,1,5,value-tight-chunk,post_correct,1,20.794,12.411999999999999,8.382,0.5969029527748388,12.411999999999999,0.0,0.5969029527748388,0.0
sub_07f6be2aa134,2,1,value-loose-chunk,first_correct,1,54.7,42.470000000000006,12.23,0.7764168190127971,42.470000000000006,0.0,0.7764168190127971,0.0
sub_07f6be2aa134,2,2,hybrid,post_incorrect,0,239.68,78.912,160.768,0.3292389853137517,76.87200000000001,2.04,0.32072763684913225,0.008511348464619492
sub_07f6be2aa134,2,3,operator,post_correct,1,69.16,24.299999999999994,44.86,0.35135916714864074,24.299999999999994,0.0,0.35135916714864074,0.0
sub_07f6be2aa134,2,4,tautological,post_incorrect,0,239.68,51.540000000000006,188.14,0.2150367156208278,51.540000000000006,0.0,0.2150367156208278,0.0
sub_07f6be2aa134,2,5,value-tight-chunk,post_correct,1,58.48,26.607999999999997,31.872,0.4549931600547195,26.607999999999997,0.0,0.4549931600547195,0.0
sub_d333fc109d39,2,1,operator,pre_incorrect,0,239.5,40.208,199.29200000000006,0.1678830897703549,40.208,0.0,0.1678830897703549,0.0
sub_d333fc109d39,2,2,tautological,pre_incorrect,0,239.56,37.79999999999998,201.76000000000005,0.15778928034730333,37.29199999999998,0.508,0.1556687259976623,0.0021205543496410086
sub_d333fc109d39,2,3,hybrid,first_correct,1,45.34,25.490000000000002,19.849999999999998,0.5621967357741509,25.490000000000002,0.0,0.5621967357741509,0.0
sub_d333fc109d39,2,4,value-loose-chunk,post_correct,1,77.14,32.071999999999996,45.06800000000001,0.4157635467980295,32.071999999999996,0.0,0.4157635467980295,0.0
sub_d333fc109d39,2,5,value-tight-chunk,post_incorrect,0,239.56,68.31400000000001,171.246,0.2851644681916848,67.77400000000002,0.54,0.2829103356152948,0.0022541325763900484
sub_eb76a1267103,2,1,operator,pre_incorrect,0,239.86,85.83399999999999,154.026,0.3578504127407654,84.65799999999999,1.176,0.3529475527390977,0.004902860001667639
sub_eb76a1267103,2,2,value-tight-chunk,first_correct,1,87.46,40.572,46.888000000000005,0.46389206494397445,40.572,0.0,0.46389206494397445,0.0
sub_eb76a1267103,2,3,value-loose-chunk,post_correct,1,44.26,24.42,19.84,0.551739719837325,24.42,0.0,0.551739719837325,0.0
sub_eb76a1267103,2,4,tautological,post_incorrect,0,239.86,99.03399999999998,140.82600000000002,0.4128825148003001,99.03399999999998,0.0,0.4128825148003001,0.0
sub_eb76a1267103,2,5,hybrid,post_correct,1,32.08,15.607999999999997,16.471999999999998,0.4865336658354114,15.607999999999997,0.0,0.4865336658354114,0.0
sub_e45a90050792,2,1,operator,first_correct,1,186.7,103.57000000000001,83.13,0.5547402249598287,103.57000000000001,0.0,0.5547402249598287,0.0
sub_e45a90050792,2,2,value-tight-chunk,post_incorrect,0,239.74,138.96600000000004,100.77399999999999,0.5796529573704848,138.65000000000003,0.316,0.5783348627679988,0.0013180946024860265
sub_e45a90050792,2,3,value-loose-chunk,post_incorrect,0,239.74,118.76799999999999,120.97199999999998,0.49540335363310245,118.76799999999999,0.0,0.49540335363310245,0.0
sub_e45a90050792,2,4,tautological,post_correct,1,17.02,1.496,15.524000000000001,0.08789659224441833,1.496,0.0,0.08789659224441833,0.0
sub_e45a90050792,2,5,hybrid,post_incorrect,0,239.74,100.22200000000002,139.518,0.41804454826061577,97.74600000000001,2.476,0.4077166930841745,0.010327855176441143
sub_c481b0864ebf,2,1,tautological,pre_incorrect,0,239.74,112.03200000000002,127.70799999999997,0.46730624843580554,109.83600000000003,2.196,0.4581463251856178,0.009159923250187704
sub_c481b0864ebf,2,2,hybrid,pre_incorrect,0,239.68,109.80800000000004,129.87199999999999,0.4581441922563419,106.24,3.5679999999999996,0.4432576769025367,0.014886515353805072
sub_c481b0864ebf,2,3,value-tight-chunk,first_correct,1,224.44,107.43600000000008,117.00399999999999,0.4786847264302267,103.52000000000005,3.9159999999999995,0.46123685617537,0.01744787025485653
sub_c481b0864ebf,2,4,operator,post_incorrect,0,239.68,115.95600000000002,123.72400000000005,0.48379506008010686,115.10000000000002,0.856,0.4802236315086783,0.0035714285714285713
sub_c481b0864ebf,2,5,value-loose-chunk,post_correct,1,34.24,18.964,15.276,0.5538551401869158,18.964,0.0,0.5538551401869158,0.0
sub_a99f3e5979de,2,1,value-loose-chunk,first_correct,1,162.22,57.79799999999999,104.42200000000001,0.3562939218345456,57.79799999999999,0.0,0.3562939218345456,0.0
sub_a99f3e5979de,2,2,hybrid,post_incorrect,0,239.86,79.592,160.26799999999992,0.3318268990244309,79.592,0.0,0.3318268990244309,0.0
sub_a99f3e5979de,2,3,operator,post_incorrect,0,239.86,88.05800000000004,151.80200000000002,0.367122488118069,86.08600000000004,1.972,0.3589010255982658,0.008221462519803218
sub_a99f3e5979de,2,4,value-tight-chunk,post_correct,1,70.06,25.573999999999995,44.48600000000001,0.36502997430773615,25.573999999999995,0.0,0.36502997430773615,0.0
sub_a99f3e5979de,2,5,tautological,post_correct,1,117.64,52.326,65.314,0.44479768786127166,52.326,0.0,0.44479768786127166,0.0
sub_fb51b65a2596,2,1,value-tight-chunk,first_correct,1,53.02,26.265999999999995,26.75399999999999,0.4953979630328177,26.265999999999995,0.0,0.4953979630328177,0.0
sub_fb51b65a2596,2,2,value-loose-chunk,post_correct,1,36.94,19.884,17.056,0.5382782891174879,19.884,0.0,0.5382782891174879,0.0
sub_fb51b65a2596,2,3,tautological,post_incorrect,0,239.86,95.46000000000006,144.40000000000003,0.3979821562578173,94.66400000000006,0.796,0.3946635537396817,0.003318602518135579
sub_fb51b65a2596,2,4,hybrid,post_correct,1,120.94,44.50400000000001,76.43600000000002,0.3679841243591865,44.50400000000001,0.0,0.3679841243591865,0.0
sub_fb51b65a2596,2,5,operator,post_correct,1,81.88,35.815999999999995,46.064000000000014,0.4374206155349291,35.815999999999995,0.0,0.4374206155349291,0.0
sub_5b68cea8b576,2,1,hybrid,pre_incorrect,0,239.68,60.04200000000002,179.63800000000006,0.25050901201602144,59.59800000000002,0.444,0.24865654205607485,0.0018524699599465953
sub_5b68cea8b576,2,2,value-loose-chunk,first_correct,1,53.74,14.447999999999997,39.292,0.2688500186081131,14.447999999999997,0.0,0.2688500186081131,0.0
sub_5b68cea8b576,2,3,operator,post_incorrect,0,239.74,101.792,137.9480000000001,0.42459330941853674,101.792,0.0,0.42459330941853674,0.0
sub_5b68cea8b576,2,4,value-tight-chunk,post_incorrect,0,239.74,96.4,143.34,0.4021022774672562,96.02000000000001,0.38,0.40051722699591225,0.001585050471343956
sub_5b68cea8b576,2,5,tautological,post_incorrect,0,239.68,84.62,155.05999999999997,0.35305407209612816,81.24000000000001,3.3800000000000003,0.33895193591455275,0.014102136181575435
sub_9064e70ac7ce,2,1,tautological,pre_incorrect,0,239.5,78.67200000000001,160.828,0.32848434237995827,76.668,2.004,0.3201169102296451,0.008367432150313152
sub_9064e70ac7ce,2,2,value-tight-chunk,first_correct,1,168.1,65.09600000000002,103.00399999999999,0.38724568709101737,65.09600000000002,0.0,0.38724568709101737,0.0
sub_9064e70ac7ce,2,3,hybrid,post_correct,1,194.74,101.22399999999998,93.51599999999999,0.5197904898839477,100.74799999999999,0.476,0.5173462051966724,0.0024442846872753414
sub_9064e70ac7ce,2,4,value-loose-chunk,post_correct,1,159.46,72.29599999999999,87.16400000000003,0.4533801580333625,71.436,0.86,0.44798695597642046,0.00539320205694218
sub_9064e70ac7ce,2,5,operator,post_incorrect,0,239.5,107.53600000000002,131.964,0.4490020876826723,106.61200000000001,0.924,0.4451440501043842,0.0038580375782881005
sub_4a3776b17704,2,1,operator,first_correct,1,220.3,83.712,136.58800000000002,0.3799909214707217,83.712,0.0,0.3799909214707217,0.0
sub_4a3776b17704,2,2,value-tight-chunk,post_incorrect,0,239.68,82.63200000000006,157.04800000000003,0.34475967957276393,82.02800000000005,0.604,0.3422396528704942,0.0025200267022696928
sub_4a3776b17704,2,3,tautological,post_incorrect,0,239.68,68.268,171.41199999999995,0.2848297730307076,66.07600000000001,2.1919999999999997,0.2756842456608812,0.009145527369826434
sub_4a3776b17704,2,4,hybrid,post_correct,1,82.12,35.38399999999999,46.736,0.43088163662932283,35.38399999999999,0.0,0.43088163662932283,0.0
sub_4a3776b17704,2,5,value-loose-chunk,post_incorrect,0,239.68,83.90800000000003,155.772,0.3500834445927905,82.76800000000003,1.14,0.3453271028037384,0.004756341789052069
sub_87fc689861cd,2,1,hybrid,pre_incorrect,0,239.5,96.36400000000005,143.13600000000002,0.4023549060542799,94.58000000000006,1.7839999999999998,0.39490605427974973,0.007448851774530271
sub_87fc689861cd,2,2,value-tight-chunk,first_correct,1,117.64,41.672,75.96800000000003,0.3542332539952397,41.672,0.0,0.3542332539952397,0.0
sub_87fc689861cd,2,3,operator,post_incorrect,0,240.76,87.57200000000002,153.18800000000005,0.3637315168632664,87.57200000000002,0.0,0.3637315168632664,0.0
sub_87fc689861cd,2,4,value-loose-chunk,post_correct,1,216.28,80.07600000000006,136.20400000000004,0.3702422785278346,78.93200000000006,1.1440000000000001,0.36495283891252106,0.005289439615313483
sub_87fc689861cd,2,5,tautological,post_incorrect,0,239.74,88.08800000000006,151.65200000000002,0.3674313839993329,86.88000000000007,1.208,0.36239259197463947,0.005038792024693418
sub_14a77ad08e5b,2,1,tautological,first_correct,1,178.9,54.76400000000002,124.13600000000002,0.3061151481274456,54.76400000000002,0.0,0.3061151481274456,0.0
sub_14a77ad08e5b,2,2,hybrid,post_incorrect,0,238.72,87.19800000000001,151.52200000000002,0.3652731233243968,87.19800000000001,0.0,0.3652731233243968,0.0
sub_14a77ad08e5b,2,3,value-tight-chunk,post_correct,1,221.5,82.51400000000002,138.98600000000002,0.37252370203160284,81.27400000000002,1.24,0.3669255079006773,0.005598194130925508
sub_14a77ad08e5b,2,4,operator,post_incorrect,0,238.48,89.35600000000004,149.05800000000002,0.37468970144246916,89.35600000000004,0.0,0.37468970144246916,0.0
sub_14a77ad08e5b,2,5,value-loose-chunk,post_correct,1,83.5,39.20400000000001,44.19800000000001,0.4695089820359282,39.20400000000001,0.0,0.4695089820359282,0.0
sub_d4272455c318,2,1,value-tight-chunk,pre_incorrect,0,239.74,71.31200000000001,168.42799999999997,0.2974555768749479,69.62400000000001,1.688,0.29041461583382,0.007040961041127888
sub_d4272455c318,2,2,hybrid,first_correct,1,199.9,62.50000000000003,137.39999999999998,0.3126563281640822,62.50000000000003,0.0,0.3126563281640822,0.0
sub_d4272455c318,2,3,operator,post_incorrect,0,239.74,77.75200000000001,161.98800000000003,0.324318011178777,77.27600000000001,0.476,0.3223325269041462,0.0019854842746308498
sub_d4272455c318,2,4,tautological,post_correct,1,76.96,32.339999999999996,44.62000000000001,0.4202182952182952,32.339999999999996,0.0,0.4202182952182952,0.0
sub_d4272455c318,2,5,value-loose-chunk,post_incorrect,0,239.8,95.064,144.73600000000002,0.39643035863219345,94.588,0.476,0.3944453711426188,0.0019849874895746453
sub_21b87d0c027d,2,1,operator,pre_incorrect,0,239.74,115.5,124.24,0.48177191957954446,115.12,0.38,0.4801868691082006,0.001585050471343956
sub_21b87d0c027d,2,2,value-tight-chunk,pre_incorrect,0,239.8,80.596,159.2040000000001,0.33609674728940786,80.596,0.0,0.33609674728940786,0.0
sub_21b87d0c027d,2,3,value-loose-chunk,pre_incorrect,0,239.8,105.95000000000005,133.85000000000005,0.4418265221017516,105.53800000000004,0.412,0.44010842368640546,0.0017180984153461216
sub_21b87d0c027d,2,4,tautological,pre_incorrect,0,239.8,75.49000000000004,164.31,0.3148040033361136,75.49000000000004,0.0,0.3148040033361136,0.0
sub_21b87d0c027d,2,5,hybrid,first_correct,1,59.08,12.203999999999999,46.876000000000005,0.2065673662830061,12.203999999999999,0.0,0.2065673662830061,0.0
sub_83b0d98a611e,2,1,tautological,first_correct,1,96.82,22.347999999999995,74.47200000000001,0.23082007849617844,22.347999999999995,0.0,0.23082007849617844,0.0
sub_83b0d98a611e,2,2,value-tight-chunk,post_incorrect,0,239.86,44.29399999999999,195.56599999999997,0.18466605519886595,44.29399999999999,0.0,0.18466605519886595,0.0
sub_83b0d98a611e,2,3,operator,post_incorrect,0,239.86,44.284,195.57599999999994,0.18462436421245726,43.903999999999996,0.38,0.18304010672892518,0.0015842574835320603
sub_83b0d98a611e,2,4,hybrid,post_incorrect,0,239.86,28.404,211.45600000000002,0.11841907779538063,28.404,0.0,0.11841907779538063,0.0
sub_83b0d98a611e,2,5,value-loose-chunk,post_correct,1,28.78,5.168000000000001,23.612,0.17956914523974984,5.168000000000001,0.0,0.17956914523974984,0.0
sub_51a2c9fe8317,2,1,value-loose-chunk,unlabeled,0,239.44,0.0,239.44,0.0,0.0,0.0,0.0,0.0
sub_51a2c9fe8317,2,2,operator,unlabeled,0,239.44,0.0,239.44,0.0,0.0,0.0,0.0,0.0
sub_51a2c9fe8317,2,3,hybrid,unlabeled,0,239.68,0.0,239.68,0.0,0.0,0.0,0.0,0.0
sub_51a2c9fe8317,2,4,tautological,unlabeled,0,239.56,0.0,239.56,0.0,0.0,0.0,0.0,0.0
sub_51a2c9fe8317,2,5,value-tight-chunk,unlabeled,0,239.68,0.0,239.68,0.0,0.0,0.0,0.0,0.0
sub_745f9f8c7efd,2,1,operator,pre_incorrect,0,239.5,82.94799999999998,156.55199999999996,0.34633820459290177,81.99599999999998,0.952,0.3423632567849686,0.003974947807933194
sub_745f9f8c7efd,2,2,tautological,pre_incorrect,0,239.44,81.69200000000004,157.74799999999996,0.34117941864350165,81.69200000000004,0.0,0.34117941864350165,0.0
sub_745f9f8c7efd,2,3,hybrid,pre_incorrect,0,239.02,63.86000000000001,175.16,0.26717429503807216,63.51200000000001,0.348,0.2657183499288763,0.001455945109195883
sub_745f9f8c7efd,2,4,value-loose-chunk,first_correct,1,46.72,20.555999999999994,26.16399999999999,0.43998287671232866,20.555999999999994,0.0,0.43998287671232866,0.0
sub_745f9f8c7efd,2,5,value-tight-chunk,post_incorrect,0,239.38,90.86399999999998,148.51599999999996,0.3795805831731973,90.54799999999999,0.316,0.3782605063079622,0.0013200768652351909
sub_a6cd1ca68776,2,1,tautological,unlabeled,0,239.74,42.424000000000014,197.31599999999997,0.17695837156920002,39.94400000000001,2.48,0.16661383165095522,0.010344539918244765
sub_a6cd1ca68776,2,2,value-tight-chunk,unlabeled,0,239.74,49.089999999999996,190.65000000000003,0.20476349378493366,49.089999999999996,0.0,0.20476349378493366,0.0
sub_a6cd1ca68776,2,3,operator,unlabeled,0,239.74,44.80200000000001,194.938,0.18687745057145244,44.80200000000001,0.0,0.18687745057145244,0.0
sub_a6cd1ca68776,2,4,value-loose-chunk,unlabeled,0,239.68,64.76600000000002,174.91400000000007,0.2702186248331109,64.38600000000004,0.38,0.2686331775700936,0.0015854472630173564
sub_a6cd1ca68776,2,5,hybrid,unlabeled,0,239.68,42.352,197.29400000000004,0.17670226969292388,42.352,0.0,0.17670226969292388,0.0
sub_e4181714e3b3,2,1,value-tight-chunk,first_correct,1,116.26,26.915999999999997,89.34400000000001,0.2315155685532427,26.915999999999997,0.0,0.2315155685532427,0.0
sub_e4181714e3b3,2,2,operator,post_correct,1,116.26,50.71600000000001,65.54399999999998,0.43622914157921905,50.71600000000001,0.0,0.43622914157921905,0.0
sub_e4181714e3b3,2,3,tautological,post_incorrect,0,239.62,72.84800000000003,166.77199999999996,0.30401468992571584,72.84800000000003,0.0,0.30401468992571584,0.0
sub_e4181714e3b3,2,4,hybrid,post_incorrect,0,239.5,78.258,161.24200000000002,0.3267557411273486,77.878,0.38,0.32516910229645096,0.0015866388308977035
sub_e4181714e3b3,2,5,value-loose-chunk,post_correct,1,53.38,23.451999999999998,29.928,0.4393405769951292,23.451999999999998,0.0,0.4393405769951292,0.0
sub_f82a6e2f77bd,2,1,hybrid,pre_incorrect,0,241.54,114.9660000000001,126.574,0.4759708536888304,114.9660000000001,0.0,0.4759708536888304,0.0
sub_f82a6e2f77bd,2,2,value-tight-chunk,pre_incorrect,0,244.48,109.59800000000003,134.882,0.4482902486910996,106.44200000000005,3.1559999999999997,0.43538121727748713,0.012909031413612564
sub_f82a6e2f77bd,2,3,value-loose-chunk,first_correct,1,50.56,25.992,24.567999999999998,0.5140822784810126,25.992,0.0,0.5140822784810126,0.0
sub_f82a6e2f77bd,2,4,tautological,post_incorrect,0,241.54,104.68000000000002,136.86,0.4333857746129007,104.07600000000004,0.604,0.4308851535977479,0.00250062101515277
sub_f82a6e2f77bd,2,5,operator,post_correct,1,176.32,86.88800000000005,89.43200000000003,0.49278584392014546,86.88800000000005,0.0,0.49278584392014546,0.0
sub_84dc13f9f35a,2,1,operator,first_correct,1,239.38,72.17,167.21,0.30148717520260676,71.72600000000001,0.444,0.29963238365778266,0.0018547915448241291
sub_84dc13f9f35a,2,2,value-loose-chunk,post_correct,1,40.9,15.419999999999998,25.480000000000004,0.3770171149144254,15.419999999999998,0.0,0.3770171149144254,0.0
sub_84dc13f9f35a,2,3,tautological,post_incorrect,0,239.38,112.598,126.782,0.4703734647840254,111.32600000000002,1.272,0.46505973765561043,0.005313727128415073
sub_84dc13f9f35a,2,4,hybrid,post_incorrect,0,239.38,88.40000000000005,150.98000000000002,0.3692873255911106,87.28800000000005,1.112,0.3646419918121817,0.0046453337789289
sub_84dc13f9f35a,2,5,value-tight-chunk,post_incorrect,0,239.38,85.90799999999999,153.47200000000007,0.3588770991728632,85.90799999999999,0.0,0.3588770991728632,0.0
sub_fe44baa2fff1,2,1,tautological,pre_incorrect,0,239.56,64.56,174.99999999999997,0.269494072466188,63.796,0.764,0.26630489230255466,0.0031891801636333276
sub_fe44baa2fff1,2,2,value-tight-chunk,pre_incorrect,0,239.56,83.46800000000005,156.09200000000004,0.34842210719652716,81.14800000000004,2.3200000000000003,0.33873768575722174,0.009684421439305394
sub_fe44baa2fff1,2,3,value-loose-chunk,first_correct,1,161.5,51.396000000000015,110.104,0.31824148606811153,49.84,1.556,0.30860681114551086,0.00963467492260062
sub_fe44baa2fff1,2,4,operator,post_incorrect,0,239.56,79.42000000000004,160.14,0.3315244615127736,79.42000000000004,0.0,0.3315244615127736,0.0
sub_fe44baa2fff1,2,5,hybrid,post_incorrect,0,239.56,76.81800000000007,162.74200000000008,0.3206628819502424,75.89400000000006,0.924,0.31680581065286384,0.0038570712973785273
sub_172dafee3797,2,1,value-loose-chunk,first_correct,1,72.334,22.815,49.51800000000001,0.3154118395222164,22.815,0.0,0.3154118395222164,0.0
sub_172dafee3797,2,2,hybrid,post_incorrect,0,243.853,78.67500000000001,165.17799999999997,0.32263289768836145,78.67500000000001,0.0,0.32263289768836145,0.0
sub_172dafee3797,2,3,operator,post_incorrect,0,243.513,78.16000000000007,165.35400000000004,0.32096849038860376,78.16000000000007,0.0,0.32096849038860376,0.0
sub_172dafee3797,2,4,tautological,post_incorrect,0,243.474,61.07200000000001,182.40200000000002,0.2508358181982471,61.07200000000001,0.0,0.2508358181982471,0.0
sub_172dafee3797,2,5,value-tight-chunk,post_incorrect,0,243.474,85.98800000000001,157.48600000000008,0.35317118049565877,85.98800000000001,0.0,0.35317118049565877,0.0
sub_2da66fc4fcdb,2,1,operator,pre_incorrect,0,239.74,6.196,233.544,0.02584466505380829,6.196,0.0,0.02584466505380829,0.0
sub_2da66fc4fcdb,2,2,hybrid,pre_incorrect,0,239.74,4.772,234.96800000000002,0.019904896971719363,4.772,0.0,0.019904896971719363,0.0
sub_2da66fc4fcdb,2,3,value-loose-chunk,first_correct,1,30.64,2.0,28.64,0.06527415143603132,2.0,0.0,0.06527415143603132,0.0
sub_2da66fc4fcdb,2,4,tautological,post_incorrect,0,239.74,8.532,231.208,0.035588554267122714,8.532,0.0,0.035588554267122714,0.0
sub_2da66fc4fcdb,2,5,value-tight-chunk,post_correct,1,65.68,3.82,61.86,0.058160779537149807,3.82,0.0,0.058160779537149807,0.0
sub_5411cf457e21,2,1,value-loose-chunk,pre_incorrect,0,222.165,98.72000000000003,123.44500000000004,0.44435442126347546,98.72000000000003,0.0,0.44435442126347546,0.0
sub_5411cf457e21,2,2,operator,pre_incorrect,0,226.176,111.77800000000005,114.39799999999998,0.49420805036785537,111.77800000000005,0.0,0.49420805036785537,0.0
sub_5411cf457e21,2,3,value-tight-chunk,first_correct,1,81.429,45.088000000000015,36.340999999999994,0.5537093664419311,45.088000000000015,0.0,0.5537093664419311,0.0
sub_5411cf457e21,2,4,hybrid,post_correct,1,50.773,25.094999999999995,25.677999999999997,0.4942587595769404,24.234999999999996,0.86,0.4773206231658558,0.01693813641108463
sub_5411cf457e21,2,5,tautological,post_correct,1,133.205,64.63600000000001,68.56899999999999,0.4852370406516272,64.06400000000001,0.572,0.48094290754851543,0.004294133103111744
sub_3e34f5df0625,2,1,value-tight-chunk,unlabeled,0,239.68,89.46400000000004,150.21600000000004,0.3732643524699601,87.14000000000004,2.324,0.3635680907877171,0.009696261682242989
sub_3e34f5df0625,2,2,hybrid,unlabeled,0,239.68,97.18200000000004,142.49800000000002,0.40546562082777055,96.86600000000004,0.316,0.4041471962616824,0.0013184245660881175
sub_3e34f5df0625,2,3,tautological,unlabeled,0,239.68,85.51600000000002,154.16400000000002,0.3567923898531376,85.51600000000002,0.0,0.3567923898531376,0.0
sub_3e34f5df0625,2,4,value-loose-chunk,unlabeled,0,239.62,106.33800000000001,133.28200000000004,0.4437776479425758,105.92600000000003,0.412,0.4420582589099409,0.0017193890326350054
sub_3e34f5df0625,2,5,operator,unlabeled,0,239.68,109.91199999999998,129.76800000000003,0.4585781041388517,109.56399999999998,0.348,0.45712616822429897,0.0014519359145527368
sub_480a2534f342,2,1,hybrid,pre_incorrect,0,239.56,45.056000000000004,194.504,0.1880781432626482,43.816,1.24,0.1829019869761229,0.005176156286525296
sub_480a2534f342,2,2,operator,first_correct,1,81.22,19.419999999999998,61.8,0.23910366904703273,19.419999999999998,0.0,0.23910366904703273,0.0
sub_480a2534f342,2,3,value-loose-chunk,post_correct,1,34.96,6.548,28.412,0.18729977116704805,6.548,0.0,0.18729977116704805,0.0
sub_480a2534f342,2,4,value-tight-chunk,post_correct,1,166.48,22.028,144.452,0.13231619413743392,22.028,0.0,0.13231619413743392,0.0
sub_480a2534f342,2,5,tautological,post_incorrect,0,239.5,23.575999999999997,215.924,0.09843841336116908,23.575999999999997,0.0,0.09843841336116908,0.0
sub_1cd849d418d1,2,1,tautological,pre_incorrect,0,239.68,29.023999999999997,210.65599999999998,0.12109479305740986,29.023999999999997,0.0,0.12109479305740986,0.0
sub_1cd849d418d1,2,2,value-tight-chunk,first_correct,1,23.74,4.024,19.716,0.16950294860994103,4.024,0.0,0.16950294860994103,0.0
sub_1cd849d418d1,2,3,value-loose-chunk,post_correct,1,20.44,3.1,17.34,0.15166340508806261,3.1,0.0,0.15166340508806261,0.0
sub_1cd849d418d1,2,4,operator,post_correct,1,148.48,14.488,133.992,0.09757543103448277,13.98,0.508,0.09415409482758622,0.003421336206896552
sub_1cd849d418d1,2,5,hybrid,post_incorrect,0,239.68,12.86,226.82,0.05365487316421896,12.86,0.0,0.05365487316421896,0.0
sub_144aa281af95,2,1,value-loose-chunk,first_correct,1,239.68,121.31600000000003,118.36400000000002,0.5061582109479307,120.87200000000004,0.444,0.5043057409879842,0.0018524699599465953
sub_144aa281af95,2,2,operator,post_incorrect,0,239.74,108.18400000000008,131.55599999999998,0.4512555268207228,108.18400000000008,0.0,0.4512555268207228,0.0
sub_144aa281af95,2,3,tautological,post_incorrect,0,239.74,111.586,128.15399999999997,0.46544589972470174,111.586,0.0,0.46544589972470174,0.0
sub_144aa281af95,2,4,hybrid,post_incorrect,0,239.74,105.60600000000001,134.134,0.440502210728289,104.87800000000001,0.728,0.4374655877200301,0.003036623008258947
sub_144aa281af95,2,5,value-tight-chunk,post_correct,1,71.98,34.0,37.94599999999999,0.4723534315087524,34.0,0.0,0.4723534315087524,0.0
sub_cfcaf40a0e5d,2,1,value-tight-chunk,pre_incorrect,0,238.36,88.24400000000004,150.116,0.37021312300721615,88.24400000000004,0.0,0.37021312300721615,0.0
sub_cfcaf40a0e5d,2,2,hybrid,first_correct,1,73.36,36.93999999999999,36.419999999999995,0.5035441657579061,36.93999999999999,0.0,0.5035441657579061,0.0
sub_cfcaf40a0e5d,2,3,operator,post_correct,1,159.22,93.95800000000001,65.26200000000001,0.5901143072478333,93.95800000000001,0.0,0.5901143072478333,0.0
sub_cfcaf40a0e5d,2,4,tautological,post_incorrect,0,238.78,109.848,128.93200000000002,0.4600385291900494,109.848,0.0,0.4600385291900494,0.0
sub_cfcaf40a0e5d,2,5,value-loose-chunk,post_correct,1,50.62,24.343999999999987,26.276000000000003,0.48091663374160387,24.343999999999987,0.0,0.48091663374160387,0.0
sub_ea9c5948c856,2,1,value-loose-chunk,first_correct,1,54.46,23.247999999999994,31.21200000000001,0.4268821153139918,23.247999999999994,0.0,0.4268821153139918,0.0
sub_ea9c5948c856,2,2,tautological,post_incorrect,0,239.68,85.532,154.14799999999997,0.3568591455273698,85.532,0.0,0.3568591455273698,0.0
sub_ea9c5948c856,2,3,hybrid,post_correct,1,43.0,23.034,19.965999999999998,0.5356744186046511,23.034,0.0,0.5356744186046511,0.0
sub_ea9c5948c856,2,4,operator,post_correct,1,203.74,78.68799999999999,125.05199999999999,0.3862177284774712,78.68799999999999,0.0,0.3862177284774712,0.0
sub_ea9c5948c856,2,5,value-tight-chunk,post_correct,1,16.72,12.510000000000002,4.21,0.7482057416267944,12.510000000000002,0.0,0.7482057416267944,0.0
sub_6f0ea503bf10,2,1,hybrid,first_correct,1,206.14,69.01200000000001,137.12800000000001,0.33478218686329686,69.01200000000001,0.0,0.33478218686329686,0.0
sub_6f0ea503bf10,2,2,operator,post_incorrect,0,239.68,73.012,166.66799999999998,0.30462283044058747,73.012,0.0,0.30462283044058747,0.0
sub_6f0ea503bf10,2,3,value-loose-chunk,post_correct,1,112.42,34.93600000000001,77.48400000000002,0.31076320939334645,34.93600000000001,0.0,0.31076320939334645,0.0
sub_6f0ea503bf10,2,4,value-tight-chunk,post_correct,1,35.8,19.06,16.740000000000002,0.5324022346368715,18.424,0.636,0.5146368715083799,0.017765363128491623
sub_6f0ea503bf10,2,5,tautological,post_incorrect,0,239.62,77.66,161.95999999999998,0.3240964861029964,77.66,0.0,0.3240964861029964,0.0
sub_0713e3620426,2,1,operator,pre_incorrect,0,239.68,81.50800000000001,158.17200000000005,0.340070093457944,81.12800000000001,0.38,0.33848464619492663,0.0015854472630173564
sub_0713e3620426,2,2,tautological,pre_incorrect,0,239.68,91.68000000000002,147.99999999999997,0.38251001335113494,91.68000000000002,0.0,0.38251001335113494,0.0
sub_0713e3620426,2,3,value-loose-chunk,first_correct,1,34.0,20.428,13.571999999999997,0.6008235294117648,20.428,0.0,0.6008235294117648,0.0
sub_0713e3620426,2,4,value-tight-chunk,post_incorrect,0,239.68,87.36200000000004,152.318,0.3644943257676904,87.01400000000005,0.348,0.36304238985313775,0.0014519359145527368
sub_0713e3620426,2,5,hybrid,post_correct,1,73.12,43.934000000000005,29.186,0.600847921225383,43.934000000000005,0.0,0.600847921225383,0.0
sub_30c67a672db1,2,1,tautological,unlabeled,0,239.74,80.29200000000002,159.44799999999998,0.33491282222407615,78.828,1.464,0.32880620672395094,0.006106615500125135
sub_30c67a672db1,2,2,operator,unlabeled,0,239.74,92.028,147.71200000000002,0.3838658546758989,91.64800000000001,0.38,0.38228080420455496,0.001585050471343956
sub_30c67a672db1,2,3,value-tight-chunk,unlabeled,0,239.74,60.184000000000005,179.556,0.2510386251772754,58.948,1.2359999999999998,0.2458830399599566,0.005155585217318761
sub_30c67a672db1,2,4,hybrid,unlabeled,0,239.74,64.89400000000005,174.84599999999998,0.27068490865103884,63.338000000000044,1.556,0.2641945440894304,0.006490364561608409
sub_30c67a672db1,2,5,value-loose-chunk,unlabeled,0,239.74,69.66400000000003,170.0420000000001,0.2905814632518563,69.66400000000003,0.0,0.2905814632518563,0.0
sub_86228aa12863,2,1,hybrid,first_correct,1,126.7,40.608000000000004,86.09200000000001,0.32050513022888716,40.164,0.444,0.31700078926598263,0.0035043409629044986
sub_86228aa12863,2,2,value-tight-chunk,post_incorrect,0,239.14,68.218,170.92199999999997,0.2852638621727858,67.518,0.7,0.28233670653173876,0.0029271556410470855
sub_86228aa12863,2,3,value-loose-chunk,post_correct,1,37.18,12.27,24.91,0.3300161377084454,12.27,0.0,0.3300161377084454,0.0
sub_86228aa12863,2,4,operator,post_correct,1,111.16,28.452,82.708,0.2559553796329615,27.66,0.792,0.24883051457358762,0.007124865059373876
sub_86228aa12863,2,5,tautological,post_incorrect,0,239.68,63.05200000000002,176.56199999999998,0.2630674232309747,62.672000000000025,0.38,0.26148197596795736,0.0015854472630173564
sub_5b4669f64394,2,1,hybrid,first_correct,1,89.2,30.311999999999987,58.888000000000005,0.3398206278026904,30.311999999999987,0.0,0.3398206278026904,0.0
sub_5b4669f64394,2,2,value-tight-chunk,post_incorrect,0,239.74,83.16800000000005,156.57200000000006,0.3469091515808795,83.16800000000005,0.0,0.3469091515808795,0.0
sub_5b4669f64394,2,3,value-loose-chunk,post_correct,1,32.44,15.015999999999998,17.424,0.46288532675709,15.015999999999998,0.0,0.46288532675709,0.0
sub_5b4669f64394,2,4,tautological,post_incorrect,0,239.74,74.944,164.698,0.31260532243263534,74.944,0.0,0.31260532243263534,0.0
sub_5b4669f64394,2,5,operator,post_correct,1,67.66,30.04199999999999,37.61800000000001,0.44401418859000874,30.04199999999999,0.0,0.44401418859000874,0.0
sub_1931b225acb4,2,1,tautological,unlabeled,0,247.8,77.132,170.66799999999998,0.31126715092816787,76.33999999999999,0.792,0.3080710250201775,0.0031961259079903146
sub_1931b225acb4,2,2,hybrid,unlabeled,0,247.86,109.59200000000003,138.26800000000006,0.44215282820947316,107.46000000000005,2.132,0.43355119825708077,0.00860162995239248
sub_1931b225acb4,2,3,value-tight-chunk,unlabeled,0,246.84,116.79,130.05000000000007,0.47314049586776863,114.434,2.356,0.463595851563766,0.009544644304002592
sub_1931b225acb4,2,4,operator,unlabeled,0,246.84,91.54800000000003,155.29200000000003,0.37087992221682076,89.80000000000003,1.748,0.3637984119267543,0.00708151029006644
sub_1931b225acb4,2,5,value-loose-chunk,unlabeled,0,246.84,76.56000000000004,170.2800000000001,0.3101604278074868,76.56000000000004,0.0,0.3101604278074868,0.0
sub_cbfb258080e1,2,1,operator,first_correct,1,202.0,113.16000000000001,88.84,0.5601980198019803,112.652,0.508,0.5576831683168317,0.002514851485148515
sub_cbfb258080e1,2,2,tautological,post_incorrect,0,239.44,136.31599999999997,103.12400000000002,0.5693117273638488,136.31599999999997,0.0,0.5693117273638488,0.0
sub_cbfb258080e1,2,3,hybrid,post_correct,1,96.52,52.082,44.43800000000001,0.5395980107749689,52.082,0.0,0.5395980107749689,0.0
sub_cbfb258080e1,2,4,value-loose-chunk,post_correct,1,41.86,29.838,12.022,0.7128045867176303,29.838,0.0,0.7128045867176303,0.0
sub_cbfb258080e1,2,5,value-tight-chunk,post_incorrect,0,239.44,117.19999999999999,122.24,0.48947544269963245,117.19999999999999,0.0,0.48947544269963245,0.0
sub_d31b4ef3d2ae,2,1,hybrid,pre_incorrect,0,239.14,89.80800000000002,149.332,0.3755457054445096,89.80800000000002,0.0,0.3755457054445096,0.0
sub_d31b4ef3d2ae,2,2,tautological,pre_incorrect,0,239.2,101.30400000000004,137.89600000000002,0.4235117056856189,100.76400000000005,0.54,0.4212541806020069,0.0022575250836120403
sub_d31b4ef3d2ae,2,3,value-loose-chunk,first_correct,1,56.14,22.064,34.07600000000001,0.39301745635910224,22.064,0.0,0.39301745635910224,0.0
sub_d31b4ef3d2ae,2,4,value-tight-chunk,post_incorrect,0,239.2,121.48600000000006,117.71400000000003,0.5078846153846157,121.48600000000006,0.0,0.5078846153846157,0.0
sub_d31b4ef3d2ae,2,5,operator,post_incorrect,0,239.2,92.00800000000002,147.19199999999998,0.38464882943143824,92.00800000000002,0.0,0.38464882943143824,0.0
sub_dd6c62471e84,2,1,operator,pre_incorrect,0,239.68,127.04200000000004,112.63799999999999,0.5300483978638186,122.74600000000004,4.296,0.5121244993324434,0.017923898531375167
sub_dd6c62471e84,2,2,value-loose-chunk,first_correct,1,87.46,63.85200000000001,23.608000000000004,0.7300708895495085,63.85200000000001,0.0,0.7300708895495085,0.0
sub_dd6c62471e84,2,3,tautological,post_incorrect,0,239.68,154.796,84.88399999999999,0.6458444592790387,146.57999999999998,8.216000000000001,0.6115654205607476,0.034279038718291056
sub_dd6c62471e84,2,4,value-tight-chunk,post_correct,1,182.5,126.50400000000005,55.99600000000001,0.6931726027397263,126.50400000000005,0.0,0.6931726027397263,0.0
sub_dd6c62471e84,2,5,hybrid,post_incorrect,0,239.68,129.04,110.64,0.538384512683578,122.54399999999997,6.496,0.5112817089452601,0.02710280373831776
sub_598b8785c9a4,1,1,hybrid,pre_incorrect,0,239.74,56.676000000000016,183.064,0.23640610661550018,56.676000000000016,0.0,0.23640610661550018,0.0
sub_598b8785c9a4,1,2,hybrid,pre_incorrect,0,239.5,60.192000000000014,179.30800000000002,0.2513235908141963,60.192000000000014,0.0,0.2513235908141963,0.0
sub_598b8785c9a4,1,3,hybrid,first_correct,1,69.58,17.2,52.38,0.2471974705375108,17.2,0.0,0.2471974705375108,0.0
sub_598b8785c9a4,1,4,hybrid,post_incorrect,0,239.8,48.76600000000001,191.03400000000005,0.2033611342785655,48.76600000000001,0.0,0.2033611342785655,0.0
sub_598b8785c9a4,1,5,hybrid,post_incorrect,0,239.68,45.63599999999999,194.044,0.19040387182910543,45.63599999999999,0.0,0.19040387182910543,0.0
sub_41bde21ec10e,1,1,value-tight-chunk,pre_incorrect,0,239.62,95.778,143.842,0.39970787079542613,94.92200000000003,0.856,0.3961355479509224,0.0035723228445037974
sub_41bde21ec10e,1,2,value-tight-chunk,pre_incorrect,0,239.68,67.58399999999997,172.09599999999998,0.28197596795727625,65.51999999999998,2.064,0.2733644859813083,0.008611481975967956
sub_41bde21ec10e,1,3,value-tight-chunk,first_correct,1,154.36,43.064,111.29599999999998,0.2789841927960611,43.064,0.0,0.2789841927960611,0.0
sub_41bde21ec10e,1,4,value-tight-chunk,post_correct,1,34.72,16.112,18.607999999999997,0.46405529953917046,16.112,0.0,0.46405529953917046,0.0
sub_41bde21ec10e,1,5,value-tight-chunk,post_correct,1,33.94,20.218,13.722,0.5956982911019446,20.218,0.0,0.5956982911019446,0.0
sub_91054a8a7eed,1,1,value-loose-chunk,first_correct,1,80.74,52.836000000000006,27.904000000000003,0.6543968293287096,52.836000000000006,0.0,0.6543968293287096,0.0
sub_91054a8a7eed,1,2,value-loose-chunk,post_correct,1,44.62,30.133999999999993,14.485999999999999,0.6753473778574629,30.133999999999993,0.0,0.6753473778574629,0.0
sub_91054a8a7eed,1,3,value-loose-chunk,post_correct,1,45.34,30.822,14.517999999999999,0.6797970886634318,30.822,0.0,0.6797970886634318,0.0
sub_91054a8a7eed,1,4,value-loose-chunk,post_correct,1,33.28,25.561999999999998,7.717999999999998,0.7680889423076922,25.561999999999998,0.0,0.7680889423076922,0.0
sub_91054a8a7eed,1,5,value-loose-chunk,post_correct,1,33.94,25.965999999999998,7.974,0.7650559811431938,25.965999999999998,0.0,0.7650559811431938,0.0
sub_9889ea88dba9,1,1,tautological,pre_incorrect,0,239.68,50.99200000000001,188.68800000000002,0.21275033377837121,50.99200000000001,0.0,0.21275033377837121,0.0
sub_9889ea88dba9,1,2,tautological,first_correct,1,160.84,50.608000000000004,110.232,0.31464809748818706,50.196000000000005,0.412,0.3120865456354141,0.0025615518527729417
sub_9889ea88dba9,1,3,tautological,post_correct,1,54.52,23.971999999999998,30.548000000000005,0.43969185619955975,23.971999999999998,0.0,0.43969185619955975,0.0
sub_9889ea88dba9,1,4,tautological,post_correct,1,52.36,17.016,35.343999999999994,0.32498090145148967,17.016,0.0,0.32498090145148967,0.0
sub_9889ea88dba9,1,5,tautological,post_correct,1,13.06,7.952,5.108,0.6088820826952527,7.952,0.0,0.6088820826952527,0.0
sub_22e46408b7d2,1,1,operator,pre_incorrect,0,239.62,61.03200000000002,178.58800000000002,0.25470328019364,60.144000000000005,0.888,0.2509974125699024,0.0037058676237375844
sub_22e46408b7d2,1,2,operator,pre_incorrect,0,239.62,61.458000000000006,178.16200000000003,0.25648109506718975,61.04600000000001,0.412,0.2547617060345547,0.0017193890326350054
sub_22e46408b7d2,1,3,operator,first_correct,1,63.82,24.56199999999999,39.258,0.38486367909746144,24.56199999999999,0.0,0.38486367909746144,0.0
sub_22e46408b7d2,1,4,operator,post_incorrect,0,239.62,74.85599999999997,164.76399999999995,0.3123946248226357,74.85599999999997,0.0,0.3123946248226357,0.0
sub_22e46408b7d2,1,5,operator,post_incorrect,0,239.62,62.42800000000002,177.19199999999995,0.26052917118771396,61.82400000000002,0.604,0.25800851347967624,0.0025206577080377265
sub_8b6bc95cabb0,1,1,value-tight-chunk,first_correct,1,114.52,46.603999999999985,67.91600000000001,0.4069507509605308,46.603999999999985,0.0,0.4069507509605308,0.0
sub_8b6bc95cabb0,1,2,value-tight-chunk,post_correct,1,61.96,22.68799999999999,39.272000000000006,0.36617172369270484,22.68799999999999,0.0,0.36617172369270484,0.0
sub_8b6bc95cabb0,1,3,value-tight-chunk,post_correct,1,53.38,32.507999999999996,20.872,0.6089921318846009,32.507999999999996,0.0,0.6089921318846009,0.0
sub_8b6bc95cabb0,1,4,value-tight-chunk,post_correct,1,45.16,29.055999999999994,16.104,0.6434012400354295,29.055999999999994,0.0,0.6434012400354295,0.0
sub_8b6bc95cabb0,1,5,value-tight-chunk,post_correct,1,73.06,34.967999999999996,38.092,0.4786203120722693,34.967999999999996,0.0,0.4786203120722693,0.0
sub_9146808bb050,1,1,hybrid,pre_incorrect,0,239.8,36.23599999999998,203.56400000000002,0.15110925771476222,36.23599999999998,0.0,0.15110925771476222,0.0
sub_9146808bb050,1,2,hybrid,pre_incorrect,0,239.8,40.21199999999999,199.58799999999997,0.1676897414512093,40.21199999999999,0.0,0.1676897414512093,0.0
sub_9146808bb050,1,3,hybrid,first_correct,1,48.64,14.186,34.454,0.2916529605263158,14.186,0.0,0.2916529605263158,0.0
sub_9146808bb050,1,4,hybrid,post_incorrect,0,239.8,76.98200000000003,162.81800000000007,0.321025854879066,76.98200000000003,0.0,0.321025854879066,0.0
sub_9146808bb050,1,5,hybrid,post_correct,1,84.04,32.48599999999999,51.553999999999995,0.3865540218943359,32.48599999999999,0.0,0.3865540218943359,0.0
sub_adeef36ba680,1,1,tautological,unlabeled,0,239.8,64.216,175.584,0.267789824854045,64.216,0.0,0.267789824854045,0.0
sub_adeef36ba680,1,2,tautological,unlabeled,0,239.8,76.99,162.81,0.3210592160133444,76.99,0.0,0.3210592160133444,0.0
sub_adeef36ba680,1,3,tautological,unlabeled,0,241.78,84.188,157.59199999999998,0.348200843742245,84.188,0.0,0.348200843742245,0.0
sub_adeef36ba680,1,4,tautological,unlabeled,0,239.8,89.92199999999998,149.87799999999996,0.37498748957464545,89.92199999999998,0.0,0.37498748957464545,0.0
sub_adeef36ba680,1,5,tautological,unlabeled,0,239.8,60.66400000000001,179.136,0.252977481234362,60.66400000000001,0.0,0.252977481234362,0.0
sub_5b52e7e48fb7,1,1,hybrid,pre_incorrect,0,239.74,110.06000000000002,129.68,0.45908067072662057,107.12800000000003,2.932,0.4468507549845667,0.012229915742053891
sub_5b52e7e48fb7,1,2,hybrid,pre_incorrect,0,239.74,97.97400000000002,141.76600000000008,0.40866772336698093,97.97400000000002,0.0,0.40866772336698093,0.0
sub_5b52e7e48fb7,1,3,hybrid,pre_incorrect,0,239.74,107.53600000000007,132.20400000000004,0.4485525986485362,101.32000000000006,6.216,0.42262450988570976,0.025928088762826394
sub_5b52e7e48fb7,1,4,hybrid,pre_incorrect,0,239.74,126.98200000000001,112.758,0.5296654709268375,122.22200000000001,4.76,0.5098106281805289,0.0198548427463085
sub_5b52e7e48fb7,1,5,hybrid,first_correct,1,128.44,57.418000000000006,71.02200000000003,0.44704142011834325,57.418000000000006,0.0,0.44704142011834325,0.0
sub_1050042e659b,1,1,operator,first_correct,1,93.94,42.672000000000004,51.268000000000015,0.45424739195231006,42.672000000000004,0.0,0.45424739195231006,0.0
sub_1050042e659b,1,2,operator,post_correct,1,28.42,16.118000000000002,12.302000000000001,0.5671358198451795,16.118000000000002,0.0,0.5671358198451795,0.0
sub_1050042e659b,1,3,operator,post_correct,1,75.34,40.86,34.48,0.542341385718078,40.86,0.0,0.542341385718078,0.0
sub_1050042e659b,1,4,operator,post_correct,1,23.14,15.989999999999995,7.149999999999999,0.691011235955056,15.989999999999995,0.0,0.691011235955056,0.0
sub_1050042e659b,1,5,operator,post_correct,1,29.44,19.23,10.209999999999999,0.6531929347826086,19.23,0.0,0.6531929347826086,0.0
sub_eb19178b58f7,1,1,value-loose-chunk,first_correct,1,220.42,65.608,154.81200000000004,0.2976499410216859,65.608,0.0,0.2976499410216859,0.0
sub_eb19178b58f7,1,2,value-loose-chunk,post_incorrect,0,239.8,77.52800000000005,162.272,0.3233027522935782,76.50800000000004,1.02,0.31904920767306105,0.0042535446205170975
sub_eb19178b58f7,1,3,value-loose-chunk,post_correct,1,45.46,22.479999999999993,22.979999999999997,0.4945006599208093,22.479999999999993,0.0,0.4945006599208093,0.0
sub_eb19178b58f7,1,4,value-loose-chunk,post_correct,1,229.06,81.08800000000004,147.97200000000004,0.35400331790797185,81.08800000000004,0.0,0.35400331790797185,0.0
sub_eb19178b58f7,1,5,value-loose-chunk,post_correct,1,230.56,82.88,147.68000000000006,0.35947258848022207,82.88,0.0,0.35947258848022207,0.0
sub_805570755bc1,1,1,operator,pre_incorrect,0,239.38,82.68199999999997,156.69799999999995,0.34540061826384816,81.50599999999999,1.176,0.3404879271451249,0.004912691118723368
sub_805570755bc1,1,2,operator,first_correct,1,220.06,110.778,109.28200000000002,0.5033990729800963,110.39800000000001,0.38,0.501672271198764,0.0017268017813323639
sub_805570755bc1,1,3,operator,post_correct,1,69.52,42.096000000000004,27.423999999999996,0.605523590333717,39.83600000000001,2.2600000000000002,0.5730149597238207,0.032508630609896436
sub_805570755bc1,1,4,operator,post_correct,1,55.42,25.871999999999993,29.548,0.4668350775893178,25.079999999999995,0.792,0.45254420786719585,0.014290869722121978
sub_805570755bc1,1,5,operator,post_correct,1,23.08,10.463999999999999,12.616,0.4533795493934142,10.463999999999999,0.0,0.4533795493934142,0.0
sub_5854b75f83c8,1,1,tautological,first_correct,1,80.273,38.766999999999996,41.506,0.4829394690618265,38.766999999999996,0.0,0.4829394690618265,0.0
sub_5854b75f83c8,1,2,tautological,post_correct,1,35.014,22.216,12.798000000000002,0.6344890615182498,22.216,0.0,0.6344890615182498,0.0
sub_5854b75f83c8,1,3,tautological,post_correct,1,41.074,26.131999999999998,14.942000000000002,0.6362175585528558,26.131999999999998,0.0,0.6362175585528558,0.0
sub_5854b75f83c8,1,4,tautological,post_correct,1,34.633,17.927999999999994,16.706,0.517656570323102,17.927999999999994,0.0,0.517656570323102,0.0
sub_5854b75f83c8,1,5,tautological,post_correct,1,21.073,16.16,4.914,0.7668580648222845,16.16,0.0,0.7668580648222845,0.0
sub_921234e118bc,1,1,operator,unlabeled,0,239.38,118.02199999999999,121.35800000000002,0.49303199933160663,118.02199999999999,0.0,0.49303199933160663,0.0
sub_921234e118bc,1,2,operator,unlabeled,0,239.5,142.824,96.676,0.5963423799582463,142.824,0.0,0.5963423799582463,0.0
sub_921234e118bc,1,3,operator,unlabeled,0,239.38,144.5080000000001,94.87,0.6036761634221743,144.5080000000001,0.0,0.6036761634221743,0.0
sub_921234e118bc,1,4,operator,unlabeled,0,239.38,128.16400000000002,111.21600000000007,0.5353997827721615,128.16400000000002,0.0,0.5353997827721615,0.0
sub_921234e118bc,1,5,operator,unlabeled,0,239.44,127.97800000000005,111.462,0.5344888072168396,127.97800000000005,0.0,0.5344888072168396,0.0
sub_17d1878c3e44,1,1,operator,pre_incorrect,0,239.74,130.54000000000002,109.2,0.544506548761158,128.12400000000002,2.4159999999999995,0.5344289647117711,0.010077584049386834
sub_17d1878c3e44,1,2,operator,pre_incorrect,0,239.68,128.864,110.816,0.5376502002670227,127.88,0.984,0.5335447263017357,0.004105473965287049
sub_17d1878c3e44,1,3,operator,pre_incorrect,0,239.74,129.43000000000006,110.31,0.5398765329106534,127.36600000000003,2.0639999999999996,0.5312672061399851,0.008609326770668222
sub_17d1878c3e44,1,4,operator,pre_incorrect,0,239.74,116.80400000000003,122.93599999999999,0.4872111454075249,115.02400000000003,1.7799999999999998,0.47978643530491377,0.007424710102611161
sub_17d1878c3e44,1,5,operator,first_correct,1,98.8,52.698,46.10200000000002,0.5333805668016195,51.553999999999995,1.1440000000000001,0.5218016194331984,0.011578947368421055
sub_43e17045a109,1,1,value-tight-chunk,pre_incorrect,0,239.34,104.02000000000004,135.32000000000005,0.4346118492521101,104.02000000000004,0.0,0.4346118492521101,0.0
sub_43e17045a109,1,2,value-tight-chunk,pre_incorrect,0,239.82,100.27200000000005,139.548,0.41811358518889186,100.27200000000005,0.0,0.41811358518889186,0.0
sub_43e17045a109,1,3,value-tight-chunk,pre_incorrect,0,239.76,114.37600000000005,125.38399999999999,0.4770437103770439,113.23200000000004,1.144,0.4722722722722725,0.004771438104771438
sub_43e17045a109,1,4,value-tight-chunk,pre_incorrect,0,239.76,118.88600000000004,120.87400000000002,0.49585418752085436,118.88600000000004,0.0,0.49585418752085436,0.0
sub_43e17045a109,1,5,value-tight-chunk,first_correct,1,228.96,120.504,108.45600000000002,0.5263102725366876,119.808,0.696,0.5232704402515723,0.0030398322851153035
sub_e90b1271db78,1,1,value-tight-chunk,first_correct,1,61.36,26.024,35.336000000000006,0.42411994784876145,26.024,0.0,0.42411994784876145,0.0
sub_e90b1271db78,1,2,value-tight-chunk,post_correct,1,35.38,20.581999999999997,14.798000000000002,0.5817410966647822,20.581999999999997,0.0,0.5817410966647822,0.0
sub_e90b1271db78,1,3,value-tight-chunk,post_correct,1,31.36,18.552,12.808,0.5915816326530612,18.552,0.0,0.5915816326530612,0.0
sub_e90b1271db78,1,4,value-tight-chunk,post_incorrect,0,239.62,96.74800000000002,142.87199999999996,0.40375594691595035,96.74800000000002,0.0,0.40375594691595035,0.0
sub_e90b1271db78,1,5,value-tight-chunk,post_correct,1,28.72,15.36,13.36,0.5348189415041783,14.595999999999998,0.764,0.5082172701949861,0.026601671309192203
sub_cc38e1eafa3b,1,1,value-loose-chunk,first_correct,1,74.68,27.955999999999996,46.724000000000004,0.3743438671665773,27.955999999999996,0.0,0.3743438671665773,0.0
sub_cc38e1eafa3b,1,2,value-loose-chunk,post_correct,1,145.84,40.392,105.44599999999998,0.27696105320899617,39.564,0.828,0.2712835984640702,0.005677454744925946
sub_cc38e1eafa3b,1,3,value-loose-chunk,post_correct,1,48.16,20.543999999999997,27.615999999999996,0.42657807308970097,20.543999999999997,0.0,0.42657807308970097,0.0
sub_cc38e1eafa3b,1,4,value-loose-chunk,post_incorrect,0,239.62,46.94800000000001,192.67200000000003,0.19592688423336954,46.15200000000001,0.796,0.1926049578499291,0.0033219263834404476
sub_cc38e1eafa3b,1,5,value-loose-chunk,post_correct,1,40.0,18.467999999999996,21.532,0.4616999999999999,18.119999999999997,0.348,0.45299999999999996,0.0087
sub_b6f175b744b4,1,1,operator,first_correct,1,140.38,80.116,60.263999999999996,0.5707080780737998,79.8,0.316,0.5684570451631287,0.002251032910671036
sub_b6f175b744b4,1,2,operator,post_correct,1,68.14,42.752,25.387999999999998,0.6274141473437042,41.768,0.984,0.6129732902847079,0.014440857058996184
sub_b6f175b744b4,1,3,operator,post_correct,1,60.22,43.312,16.908,0.7192294918631683,43.312,0.0,0.7192294918631683,0.0
sub_b6f175b744b4,1,4,operator,post_correct,1,235.42,120.17999999999998,115.24,0.5104918868405403,119.54399999999998,0.636,0.5077903321722878,0.002701554668252485
sub_b6f175b744b4,1,5,operator,post_correct,1,33.28,17.711999999999996,15.568,0.5322115384615383,17.711999999999996,0.0,0.5322115384615383,0.0
sub_4e9959f85e5f,1,1,tautological,unlabeled,0,239.56,57.85200000000003,181.708,0.24149273668392066,57.440000000000026,0.412,0.23977291701452674,0.0017198196693938887
sub_4e9959f85e5f,1,2,tautological,unlabeled,0,239.56,40.919999999999995,198.64000000000001,0.17081315745533476,40.919999999999995,0.0,0.17081315745533476,0.0
sub_4e9959f85e5f,1,3,tautological,unlabeled,0,239.62,53.64800000000002,185.97199999999995,0.2238878223854437,53.64800000000002,0.0,0.2238878223854437,0.0
sub_4e9959f85e5f,1,4,tautological,unlabeled,0,239.62,34.91999999999997,204.7,0.14573074033886976,34.91999999999997,0.0,0.14573074033886976,0.0
sub_4e9959f85e5f,1,5,tautological,unlabeled,0,239.56,36.48399999999998,203.07600000000002,0.15229587577224904,36.48399999999998,0.0,0.15229587577224904,0.0
sub_707745ba20a5,1,1,hybrid,first_correct,1,75.12,49.23600000000001,25.884,0.6554313099041534,48.792000000000016,0.444,0.6495207667731631,0.0059105431309904154
sub_707745ba20a5,1,2,hybrid,post_correct,1,43.8,32.208,11.591999999999999,0.7353424657534247,32.208,0.0,0.7353424657534247,0.0
sub_707745ba20a5,1,3,hybrid,post_correct,1,35.4,23.371999999999993,12.028,0.6602259887005648,23.371999999999993,0.0,0.6602259887005648,0.0
sub_707745ba20a5,1,4,hybrid,post_correct,1,23.04,17.424000000000003,5.616,0.7562500000000002,17.424000000000003,0.0,0.7562500000000002,0.0
sub_707745ba20a5,1,5,hybrid,post_correct,1,23.46,17.208,6.252,0.7335038363171354,17.208,0.0,0.7335038363171354,0.0
sub_58cc02507119,1,1,tautological,unlabeled,0,239.8,28.511999999999993,211.288,0.11889908256880731,28.19599999999999,0.316,0.11758131776480396,0.001317764804003336
sub_58cc02507119,1,2,tautological,unlabeled,0,239.8,29.34999999999999,210.45,0.12239366138448703,28.301999999999992,1.048,0.11802335279399497,0.004370308590492077
sub_58cc02507119,1,3,tautological,unlabeled,0,239.8,24.067999999999998,215.732,0.1003669724770642,24.067999999999998,0.0,0.1003669724770642,0.0
sub_58cc02507119,1,4,tautological,unlabeled,0,239.8,36.38399999999999,203.41600000000005,0.15172643869891572,35.52799999999999,0.856,0.1481567973311092,0.003569641367806505
sub_58cc02507119,1,5,tautological,unlabeled,0,239.8,28.121999999999996,211.67799999999997,0.11727272727272725,28.121999999999996,0.0,0.11727272727272725,0.0
sub_c4d43f0d5396,1,1,value-loose-chunk,first_correct,1,137.62,101.21799999999999,36.402,0.7354890277575933,101.21799999999999,0.0,0.7354890277575933,0.0
sub_c4d43f0d5396,1,2,value-loose-chunk,post_incorrect,0,238.84,133.98800000000006,104.852,0.5609948082398261,133.19600000000003,0.792,0.5576787807737399,0.003316027466086083
sub_c4d43f0d5396,1,3,value-loose-chunk,post_correct,1,41.32,26.807999999999996,14.512,0.6487899322362052,26.807999999999996,0.0,0.6487899322362052,0.0
sub_c4d43f0d5396,1,4,value-loose-chunk,post_correct,1,33.4,24.906,8.46,0.745688622754491,24.906,0.0,0.745688622754491,0.0
sub_c4d43f0d5396,1,5,value-loose-chunk,post_correct,1,118.36,72.17999999999999,46.08200000000001,0.6098344035147009,71.8,0.38,0.6066238594119635,0.0032105441027374115
sub_0c29698397c7,1,1,value-tight-chunk,first_correct,1,104.62,44.015999999999984,60.604,0.42072261517874193,43.411999999999985,0.604,0.4149493404702732,0.005773274708468744
sub_0c29698397c7,1,2,value-tight-chunk,post_correct,1,49.9,17.461999999999996,32.438,0.34993987975951896,17.081999999999997,0.38,0.34232464929859713,0.007615230460921844
sub_0c29698397c7,1,3,value-tight-chunk,post_correct,1,52.18,18.216,33.964,0.349099271751629,18.216,0.0,0.349099271751629,0.0
sub_0c29698397c7,1,4,value-tight-chunk,post_correct,1,27.34,16.529999999999998,10.81,0.6046086320409655,16.529999999999998,0.0,0.6046086320409655,0.0
sub_0c29698397c7,1,5,value-tight-chunk,post_correct,1,23.14,14.58,8.559999999999999,0.6300777873811582,14.58,0.0,0.6300777873811582,0.0
sub_d517dc5c5248,1,1,hybrid,pre_incorrect,0,239.8,130.49199999999996,109.30799999999998,0.5441701417848205,128.03999999999996,2.452,0.5339449541284402,0.010225187656380317
sub_d517dc5c5248,1,2,hybrid,first_correct,1,110.44,70.538,39.902,0.6386997464686708,69.774,0.764,0.6317819630568635,0.006917783411807317
sub_d517dc5c5248,1,3,hybrid,post_incorrect,0,239.8,133.812,105.988,0.5580150125104254,132.47599999999997,1.3359999999999999,0.5524437030859047,0.005571309424520433
sub_d517dc5c5248,1,4,hybrid,post_incorrect,0,239.86,136.34400000000002,103.51600000000003,0.5684315850913033,135.644,0.7,0.5655132160426916,0.00291836904861169
sub_d517dc5c5248,1,5,hybrid,post_incorrect,0,239.86,118.21600000000004,121.64400000000003,0.49285416492954237,118.21600000000004,0.0,0.49285416492954237,0.0
sub_b7ff146d8536,1,1,value-tight-chunk,pre_incorrect,0,239.86,114.7240000000001,125.13599999999997,0.47829567247561117,114.2800000000001,0.444,0.4764445926790632,0.0018510797965479863
sub_b7ff146d8536,1,2,value-tight-chunk,pre_incorrect,0,239.86,81.99200000000002,157.80200000000002,0.3418327357625282,81.99200000000002,0.0,0.3418327357625282,0.0
sub_b7ff146d8536,1,3,value-tight-chunk,pre_incorrect,0,239.86,83.63200000000006,156.22799999999995,0.3486700575335615,83.63200000000006,0.0,0.3486700575335615,0.0
sub_b7ff146d8536,1,4,value-tight-chunk,first_correct,1,74.32,31.669999999999995,42.649999999999984,0.42613024757804085,31.669999999999995,0.0,0.42613024757804085,0.0
sub_b7ff146d8536,1,5,value-tight-chunk,post_correct,1,50.74,25.511999999999997,25.22799999999999,0.5027985810011825,25.511999999999997,0.0,0.5027985810011825,0.0
sub_f66303b0a1c5,1,1,operator,unlabeled,0,242.034,80.41200000000005,161.621,0.3322343141872632,79.52000000000004,0.892,0.3285488815620948,0.0036854326251683648
sub_f66303b0a1c5,1,2,operator,unlabeled,0,242.094,87.07600000000002,155.01799999999994,0.35967847199848,87.07600000000002,0.0,0.35967847199848,0.0
sub_f66303b0a1c5,1,3,operator,unlabeled,0,241.994,96.34400000000002,145.64999999999998,0.3981255733613231,95.99600000000001,0.348,0.39668752117821104,0.0014380521831119778
sub_f66303b0a1c5,1,4,operator,unlabeled,0,242.314,91.16400000000003,151.14999999999998,0.3762225872215391,91.16400000000003,0.0,0.3762225872215391,0.0
sub_f66303b0a1c5,1,5,operator,unlabeled,0,242.293,83.36800000000001,158.92499999999998,0.34407927591800014,83.36800000000001,0.0,0.34407927591800014,0.0
sub_d83c7688f3f2,1,1,value-tight-chunk,unlabeled,0,239.8,58.09200000000003,181.708,0.24225187656380326,57.61600000000003,0.476,0.24026688907422863,0.0019849874895746453
sub_d83c7688f3f2,1,2,value-tight-chunk,unlabeled,0,239.86,64.60000000000004,175.26000000000002,0.2693237722004504,64.60000000000004,0.0,0.2693237722004504,0.0
sub_d83c7688f3f2,1,3,value-tight-chunk,unlabeled,0,239.8,66.806,172.99399999999994,0.2785904920767306,65.054,1.752,0.2712844036697248,0.0073060884070058375
sub_d83c7688f3f2,1,4,value-tight-chunk,unlabeled,0,239.8,31.47599999999999,208.32399999999998,0.13125938281901578,31.47599999999999,0.0,0.13125938281901578,0.0
sub_d83c7688f3f2,1,5,value-tight-chunk,unlabeled,0,239.8,63.129999999999995,176.67000000000002,0.26326105087572976,63.129999999999995,0.0,0.26326105087572976,0.0
sub_016ef5cb53d0,1,1,tautological,unlabeled,0,239.56,27.231999999999996,212.328,0.11367507096343295,27.231999999999996,0.0,0.11367507096343295,0.0
sub_016ef5cb53d0,1,2,tautological,unlabeled,0,239.56,47.25600000000001,192.30400000000003,0.1972616463516447,47.25600000000001,0.0,0.1972616463516447,0.0
sub_016ef5cb53d0,1,3,tautological,unlabeled,0,239.56,20.767999999999994,218.792,0.08669226916012687,20.767999999999994,0.0,0.08669226916012687,0.0
sub_016ef5cb53d0,1,4,tautological,unlabeled,0,239.56,27.10399999999998,212.45599999999996,0.11314075805643672,27.10399999999998,0.0,0.11314075805643672,0.0
sub_016ef5cb53d0,1,5,tautological,unlabeled,0,239.62,48.728000000000016,190.89200000000005,0.20335531257824896,48.34800000000002,0.38,0.20176946832484777,0.0015858442534012185
sub_6f135f163500,1,1,tautological,pre_incorrect,0,239.8,103.48600000000005,136.314,0.4315512927439535,102.78600000000006,0.7,0.42863219349457904,0.0029190992493744786
sub_6f135f163500,1,2,tautological,first_correct,1,67.3,30.359999999999992,36.94,0.45111441307578,30.359999999999992,0.0,0.45111441307578,0.0
sub_6f135f163500,1,3,tautological,post_correct,1,21.22,11.969999999999999,9.25,0.564090480678605,11.969999999999999,0.0,0.564090480678605,0.0
sub_6f135f163500,1,4,tautological,post_correct,1,33.76,28.872,4.887999999999999,0.8552132701421802,28.872,0.0,0.8552132701421802,0.0
sub_6f135f163500,1,5,tautological,post_correct,1,22.72,11.586,11.134000000000002,0.5099471830985915,11.586,0.0,0.5099471830985915,0.0
sub_489928f1993d,1,1,hybrid,unlabeled,0,239.8,84.532,155.26799999999997,0.35251042535446203,84.532,0.0,0.35251042535446203,0.0
sub_489928f1993d,1,2,hybrid,unlabeled,0,239.8,85.00200000000005,154.7980000000001,0.35447039199332797,84.62200000000004,0.38,0.35288573811509605,0.0015846538782318597
sub_489928f1993d,1,3,hybrid,unlabeled,0,239.8,86.03000000000003,153.76999999999998,0.35875729774812354,84.50200000000002,1.528,0.3523853211009175,0.006371976647206005
sub_489928f1993d,1,4,hybrid,unlabeled,0,239.8,77.10600000000007,162.69400000000002,0.3215429524603839,76.63000000000007,0.476,0.3195579649708093,0.0019849874895746453
sub_489928f1993d,1,5,hybrid,unlabeled,0,239.8,92.25600000000006,147.5440000000001,0.38472060050041723,91.71600000000005,0.54,0.382468723936614,0.0022518765638031694
sub_82b681bbefed,1,1,hybrid,unlabeled,0,239.8,130.61000000000004,109.19000000000003,0.5446622185154296,130.61000000000004,0.0,0.5446622185154296,0.0
sub_82b681bbefed,1,2,hybrid,unlabeled,0,239.8,129.61800000000002,110.182,0.5405254378648875,128.43800000000002,1.18,0.535604670558799,0.004920767306088407
sub_82b681bbefed,1,3,hybrid,unlabeled,0,239.8,130.43,109.37000000000002,0.5439115929941618,128.87400000000002,1.556,0.5374228523769808,0.006488740617180984
sub_82b681bbefed,1,4,hybrid,unlabeled,0,239.8,143.63600000000008,96.16399999999994,0.598982485404504,143.28800000000007,0.348,0.5975312760633864,0.0014512093411175979
sub_82b681bbefed,1,5,hybrid,unlabeled,0,239.74,157.36000000000007,82.38000000000002,0.6563777425544343,156.40800000000007,0.952,0.6524067740051726,0.0039709685492616996
sub_db1a7a0e869f,1,1,hybrid,unlabeled,0,237.82,65.52400000000002,172.29600000000002,0.2755193003111598,65.52400000000002,0.0,0.2755193003111598,0.0
sub_db1a7a0e869f,1,2,hybrid,unlabeled,0,239.56,60.81600000000002,178.74400000000006,0.25386541993655043,60.81600000000002,0.0,0.25386541993655043,0.0
sub_db1a7a0e869f,1,3,hybrid,unlabeled,0,96.58,17.492,79.088,0.18111410229861255,17.144000000000002,0.348,0.17751087181611103,0.003603230482501553
sub_db1a7a0e869f,1,4,hybrid,unlabeled,0,238.42,48.947999999999986,189.47200000000004,0.20530156866034724,48.28399999999999,0.6639999999999999,0.20251656740206356,0.002785001258283701
sub_db1a7a0e869f,1,5,hybrid,unlabeled,0,238.3,58.53200000000002,179.768,0.2456231640788922,55.18800000000001,3.3440000000000003,0.2315904322282837,0.014032731850608477
sub_021ac9fef6d9,1,1,operator,unlabeled,0,239.8,123.12800000000009,116.67200000000004,0.5134612176814015,122.42800000000008,0.7,0.510542118432027,0.0029190992493744786
sub_021ac9fef6d9,1,2,operator,unlabeled,0,239.8,135.728,104.07200000000002,0.5660050041701418,134.964,0.764,0.5628190158465387,0.0031859883236030023
sub_021ac9fef6d9,1,3,operator,unlabeled,0,239.74,120.69600000000001,119.04400000000001,0.5034453991824477,120.69600000000001,0.0,0.5034453991824477,0.0
sub_021ac9fef6d9,1,4,operator,unlabeled,0,239.8,129.20000000000005,110.59999999999997,0.5387823185988325,129.20000000000005,0.0,0.5387823185988325,0.0
sub_021ac9fef6d9,1,5,operator,unlabeled,0,239.8,128.61000000000004,111.18999999999998,0.5363219349457883,128.61000000000004,0.0,0.5363219349457883,0.0
sub_0bf06d808ee6,1,1,value-loose-chunk,pre_incorrect,0,240.853,83.83200000000002,157.02199999999996,0.34806292634926705,80.90000000000002,2.932,0.3358895259764255,0.012173400372841526
sub_0bf06d808ee6,1,2,value-loose-chunk,first_correct,1,130.974,44.44799999999999,86.52599999999998,0.3393650648220257,41.77199999999999,2.676,0.31893352879197395,0.02043153603005177
sub_0bf06d808ee6,1,3,value-loose-chunk,post_incorrect,0,240.913,69.04300000000002,171.87000000000003,0.2865889345946463,63.779000000000025,5.264,0.26473872310751195,0.02185021148713436
sub_0bf06d808ee6,1,4,value-loose-chunk,post_incorrect,0,240.893,87.09900000000003,153.794,0.36156716882599343,72.00300000000003,15.095999999999998,0.298900341645461,0.06266682718053243
sub_0bf06d808ee6,1,5,value-loose-chunk,post_correct,1,76.314,42.66000000000002,33.654,0.5590062111801245,41.16000000000002,1.5,0.5393505778756195,0.019655633304505073
sub_de2c45fc7f1b,1,1,tautological,unlabeled,0,239.74,109.26800000000009,130.472,0.455777091849504,109.26800000000009,0.0,0.455777091849504,0.0
sub_de2c45fc7f1b,1,2,tautological,unlabeled,0,239.8,100.70000000000003,139.1,0.41993327773144296,100.70000000000003,0.0,0.41993327773144296,0.0
sub_de2c45fc7f1b,1,3,tautological,unlabeled,0,239.8,113.60799999999998,126.192,0.47376146788990814,113.60799999999998,0.0,0.47376146788990814,0.0
sub_de2c45fc7f1b,1,4,tautological,unlabeled,0,239.8,116.61999999999999,123.18000000000002,0.48632193494578807,116.61999999999999,0.0,0.48632193494578807,0.0
sub_de2c45fc7f1b,1,5,tautological,unlabeled,0,239.8,108.54,131.26000000000002,0.452627189324437,107.968,0.572,0.4502418682235196,0.002385321100917431
sub_e77dffb7fe67,1,1,value-loose-chunk,first_correct,1,33.46,23.767999999999997,9.692,0.7103407053197847,23.767999999999997,0.0,0.7103407053197847,0.0
sub_e77dffb7fe67,1,2,value-loose-chunk,post_correct,1,25.18,18.933999999999997,6.246,0.7519459888800635,18.933999999999997,0.0,0.7519459888800635,0.0
sub_e77dffb7fe67,1,3,value-loose-chunk,post_correct,1,31.66,20.747999999999998,10.912,0.6553379658875552,20.747999999999998,0.0,0.6553379658875552,0.0
sub_e77dffb7fe67,1,4,value-loose-chunk,post_correct,1,30.1,22.866,7.234000000000001,0.7596677740863786,22.866,0.0,0.7596677740863786,0.0
sub_e77dffb7fe67,1,5,value-loose-chunk,post_correct,1,19.96,13.292,6.668,0.6659318637274548,13.292,0.0,0.6659318637274548,0.0
sub_e017401724de,1,1,value-tight-chunk,pre_incorrect,0,242.774,154.45200000000003,88.32199999999997,0.6361966273159401,153.72000000000003,0.732,0.6331814774234474,0.0030151498924926062
sub_e017401724de,1,2,value-tight-chunk,first_correct,1,91.034,62.79200000000001,28.242,0.6897642639013996,62.79200000000001,0.0,0.6897642639013996,0.0
sub_e017401724de,1,3,value-tight-chunk,post_correct,1,38.394,29.955,8.438,0.7802000312548836,29.955,0.0,0.7802000312548836,0.0
sub_e017401724de,1,4,value-tight-chunk,post_correct,1,26.873,23.396,3.4779999999999998,0.8706136270606185,23.396,0.0,0.8706136270606185,0.0
sub_e017401724de,1,5,value-tight-chunk,post_correct,1,30.794,26.522999999999996,4.2700000000000005,0.8613041501591218,26.522999999999996,0.0,0.8613041501591218,0.0
sub_bafd1392d867,1,1,tautological,unlabeled,0,238.54,35.836,202.704,0.15023056929655404,35.836,0.0,0.15023056929655404,0.0
sub_bafd1392d867,1,2,tautological,unlabeled,0,238.84,49.23200000000001,189.60799999999998,0.20612962652821978,49.23200000000001,0.0,0.20612962652821978,0.0
sub_bafd1392d867,1,3,tautological,unlabeled,0,238.78,74.678,164.10199999999998,0.3127481363598291,74.678,0.0,0.3127481363598291,0.0
sub_bafd1392d867,1,4,tautological,unlabeled,0,238.6,81.74000000000004,156.86000000000004,0.3425817267393128,81.36000000000004,0.38,0.34098910310142516,0.0015926236378876783
sub_bafd1392d867,1,5,tautological,unlabeled,0,238.66,69.69,168.96999999999997,0.29200536327830384,69.69,0.0,0.29200536327830384,0.0
sub_637f9b42b2c3,1,1,value-tight-chunk,pre_incorrect,0,239.44,92.75000000000004,146.68999999999997,0.3873621784163049,91.51000000000005,1.24,0.3821834279986637,0.005178750417641162
sub_637f9b42b2c3,1,2,value-tight-chunk,pre_incorrect,0,239.38,100.98800000000003,138.39200000000008,0.4218731723619351,99.87600000000003,1.1119999999999999,0.41722783858300627,0.004645333778928899
sub_637f9b42b2c3,1,3,value-tight-chunk,first_correct,1,171.64,91.38199999999999,80.258,0.5324050337916569,88.642,2.74,0.5164413889536239,0.015963644838033093
sub_637f9b42b2c3,1,4,value-tight-chunk,post_correct,1,47.86,27.075999999999997,20.784000000000002,0.5657333890513998,26.439999999999998,0.636,0.552444630171333,0.013288758880066863
sub_637f9b42b2c3,1,5,value-tight-chunk,post_correct,1,75.34,44.942,30.397999999999993,0.5965224316432174,44.114,0.828,0.585532253782851,0.010990177860366337
sub_17d3b5b800b6,1,1,value-loose-chunk,first_correct,1,48.34,21.339999999999996,27.0,0.44145635084815876,21.339999999999996,0.0,0.44145635084815876,0.0
sub_17d3b5b800b6,1,2,value-loose-chunk,post_correct,1,23.44,9.412,14.028,0.4015358361774744,9.412,0.0,0.4015358361774744,0.0
sub_17d3b5b800b6,1,3,value-loose-chunk,post_correct,1,47.92,25.753999999999998,22.166000000000004,0.5374373956594323,25.753999999999998,0.0,0.5374373956594323,0.0
sub_17d3b5b800b6,1,4,value-loose-chunk,post_correct,1,54.82,27.259999999999998,27.560000000000006,0.4972637723458591,27.259999999999998,0.0,0.4972637723458591,0.0
sub_17d3b5b800b6,1,5,value-loose-chunk,post_correct,1,51.88,28.533999999999995,23.345999999999997,0.5499999999999999,28.533999999999995,0.0,0.5499999999999999,0.0
sub_be52d2e30aa9,1,1,tautological,first_correct,1,69.64,14.164,55.475999999999985,0.20338885697874784,14.164,0.0,0.20338885697874784,0.0
sub_be52d2e30aa9,1,2,tautological,post_correct,1,31.12,15.469999999999999,15.649999999999999,0.4971079691516709,15.469999999999999,0.0,0.4971079691516709,0.0
sub_be52d2e30aa9,1,3,tautological,post_correct,1,13.42,4.954000000000001,8.466,0.36915052160953804,4.954000000000001,0.0,0.36915052160953804,0.0
sub_be52d2e30aa9,1,4,tautological,post_correct,1,11.68,6.630000000000001,5.050000000000001,0.5676369863013699,6.630000000000001,0.0,0.5676369863013699,0.0
sub_be52d2e30aa9,1,5,tautological,post_correct,1,25.72,6.052,19.668,0.235303265940902,6.052,0.0,0.235303265940902,0.0
sub_76c0d21dd9cc,1,1,value-loose-chunk,first_correct,1,193.42,8.668000000000001,184.75199999999998,0.044814393547719995,8.668000000000001,0.0,0.044814393547719995,0.0
sub_76c0d21dd9cc,1,2,value-loose-chunk,post_correct,1,49.0,5.072,43.928,0.10351020408163265,5.072,0.0,0.10351020408163265,0.0
sub_76c0d21dd9cc,1,3,value-loose-chunk,post_correct,1,42.28,7.264,35.016,0.1718070009460738,7.264,0.0,0.1718070009460738,0.0
sub_76c0d21dd9cc,1,4,value-loose-chunk,post_correct,1,41.92,5.992,35.928,0.14293893129770993,5.992,0.0,0.14293893129770993,0.0
sub_76c0d21dd9cc,1,5,value-loose-chunk,post_correct,1,31.84,8.996,22.844,0.28253768844221105,8.996,0.0,0.28253768844221105,0.0
sub_9fe8ce2519b2,1,1,operator,first_correct,1,206.32,100.16600000000001,106.15399999999993,0.4854885614579295,99.69000000000001,0.476,0.48318146568437387,0.0023070957735556417
sub_9fe8ce2519b2,1,2,operator,post_correct,1,111.82,47.54599999999999,64.274,0.4252012162403863,46.018,1.528,0.4115363977821499,0.013664818458236453
sub_9fe8ce2519b2,1,3,operator,post_correct,1,222.7,95.73800000000003,126.96199999999999,0.4298967220475978,94.05000000000004,1.6880000000000002,0.4223170184104178,0.007579703637180064
sub_9fe8ce2519b2,1,4,operator,post_correct,1,129.58,58.07999999999999,71.49999999999999,0.44821731748726645,57.191999999999986,0.888,0.4413644080876677,0.006852909399598703
sub_9fe8ce2519b2,1,5,operator,post_correct,1,145.84,54.211999999999996,91.628,0.3717224355458036,53.544,0.668,0.36714207350521116,0.004580362040592431
sub_3156a94353ea,1,1,value-loose-chunk,first_correct,1,29.44,20.333999999999996,9.105999999999998,0.6906929347826085,20.333999999999996,0.0,0.6906929347826085,0.0
sub_3156a94353ea,1,2,value-loose-chunk,post_correct,1,13.66,8.948,4.712,0.6550512445095169,8.948,0.0,0.6550512445095169,0.0
sub_3156a94353ea,1,3,value-loose-chunk,post_correct,1,25.72,20.023999999999997,5.63,0.7785381026438568,20.023999999999997,0.0,0.7785381026438568,0.0
sub_3156a94353ea,1,4,value-loose-chunk,post_correct,1,28.3,20.512,7.788,0.7248056537102473,20.512,0.0,0.7248056537102473,0.0
sub_3156a94353ea,1,5,value-loose-chunk,post_correct,1,27.88,21.249999999999996,6.629999999999999,0.7621951219512194,21.249999999999996,0.0,0.7621951219512194,0.0
sub_96150e178ddb,1,1,hybrid,first_correct,1,170.08,59.361999999999995,110.71799999999999,0.34902398871119467,59.361999999999995,0.0,0.34902398871119467,0.0
sub_96150e178ddb,1,2,hybrid,post_correct,1,52.12,19.855999999999995,32.263999999999996,0.3809669992325402,19.855999999999995,0.0,0.3809669992325402,0.0
sub_96150e178ddb,1,3,hybrid,post_correct,1,32.74,20.848,11.892,0.6367745876603542,20.848,0.0,0.6367745876603542,0.0
sub_96150e178ddb,1,4,hybrid,post_correct,1,26.56,15.228000000000002,11.332,0.573343373493976,15.228000000000002,0.0,0.573343373493976,0.0
sub_96150e178ddb,1,5,hybrid,post_correct,1,37.66,12.472000000000001,25.188,0.33117365905470003,12.472000000000001,0.0,0.33117365905470003,0.0
sub_57b8f6ba7e79,1,1,value-tight-chunk,pre_incorrect,0,237.94,54.03199999999999,183.90800000000004,0.22708245776246108,51.779999999999994,2.2520000000000002,0.21761788686223416,0.009464570900226949
sub_57b8f6ba7e79,1,2,value-tight-chunk,first_correct,1,90.64,31.021999999999995,59.61800000000001,0.34225507502206526,31.021999999999995,0.0,0.34225507502206526,0.0
sub_57b8f6ba7e79,1,3,value-tight-chunk,post_correct,1,77.56,32.43599999999999,45.12400000000001,0.41820526044352746,32.43599999999999,0.0,0.41820526044352746,0.0
sub_57b8f6ba7e79,1,4,value-tight-chunk,post_correct,1,80.92,22.619999999999997,58.300000000000004,0.27953534354918436,22.619999999999997,0.0,0.27953534354918436,0.0
sub_57b8f6ba7e79,1,5,value-tight-chunk,post_correct,1,20.56,9.512,11.047999999999998,0.46264591439688724,9.512,0.0,0.46264591439688724,0.0
sub_a2858e1d6e20,1,1,hybrid,pre_incorrect,0,239.38,147.096,92.28400000000006,0.6144874258501128,144.648,2.448,0.6042610076029743,0.010226418247138441
sub_a2858e1d6e20,1,2,hybrid,pre_incorrect,0,239.62,170.11000000000013,69.51,0.7099156998581092,169.4740000000001,0.636,0.7072614973708375,0.002654202487271513
sub_a2858e1d6e20,1,3,hybrid,pre_incorrect,0,239.44,174.14200000000005,65.29799999999999,0.7272886735716675,173.57000000000005,0.572,0.7248997661209491,0.0023889074507183424
sub_a2858e1d6e20,1,4,hybrid,first_correct,1,131.14,100.44800000000001,30.692000000000004,0.7659600427024555,99.656,0.792,0.759920695439988,0.006039347262467592
sub_a2858e1d6e20,1,5,hybrid,post_correct,1,123.88,81.09200000000001,42.788,0.6546012269938651,80.39600000000002,0.696,0.6489828866645142,0.005618340329350984
sub_2dba0fd1be9e,1,1,value-loose-chunk,first_correct,1,37.12,10.131999999999998,26.988,0.2729525862068965,10.131999999999998,0.0,0.2729525862068965,0.0
sub_2dba0fd1be9e,1,2,value-loose-chunk,post_correct,1,27.64,8.408,19.232,0.3041968162083936,8.408,0.0,0.3041968162083936,0.0
sub_2dba0fd1be9e,1,3,value-loose-chunk,post_correct,1,125.92,25.58799999999999,100.332,0.2032083862770012,25.58799999999999,0.0,0.2032083862770012,0.0
sub_2dba0fd1be9e,1,4,value-loose-chunk,post_correct,1,27.22,4.52,22.700000000000003,0.16605437178545188,4.52,0.0,0.16605437178545188,0.0
sub_2dba0fd1be9e,1,5,value-loose-chunk,post_correct,1,88.54,10.552,77.988,0.11917777275807544,10.552,0.0,0.11917777275807544,0.0
sub_51a5f55b83e7,2,1,value-loose-chunk,first_correct,1,56.92,29.099999999999998,27.81999999999999,0.511243851018974,29.099999999999998,0.0,0.511243851018974,0.0
sub_51a5f55b83e7,2,2,hybrid,post_incorrect,0,239.8,76.82400000000003,162.976,0.3203669724770643,76.41200000000003,0.412,0.3186488740617182,0.0017180984153461216
sub_51a5f55b83e7,2,3,value-tight-chunk,post_incorrect,0,239.8,54.984000000000016,184.81600000000006,0.22929107589658054,54.31600000000001,0.668,0.2265054211843203,0.0027856547122602168
sub_51a5f55b83e7,2,4,operator,post_correct,1,154.3,48.066,106.234,0.3115100453661698,48.066,0.0,0.3115100453661698,0.0
sub_51a5f55b83e7,2,5,tautological,post_incorrect,0,239.8,45.22,194.57999999999998,0.18857381150959132,45.22,0.0,0.18857381150959132,0.0
sub_5e8f2feeceb3,2,1,hybrid,pre_incorrect,0,239.8,9.847999999999999,229.952,0.04106755629691409,9.847999999999999,0.0,0.04106755629691409,0.0
sub_5e8f2feeceb3,2,2,value-loose-chunk,first_correct,1,161.8,29.58,132.22,0.18281829419035844,29.58,0.0,0.18281829419035844,0.0
sub_5e8f2feeceb3,2,3,tautological,post_correct,1,100.96,6.702,94.25800000000001,0.06638272583201268,6.702,0.0,0.06638272583201268,0.0
sub_5e8f2feeceb3,2,4,value-tight-chunk,post_incorrect,0,239.8,17.4,222.40000000000003,0.07256046705587989,17.4,0.0,0.07256046705587989,0.0
sub_5e8f2feeceb3,2,5,operator,post_incorrect,0,239.8,39.743999999999986,200.05599999999998,0.16573811509591319,39.10799999999999,0.636,0.16308590492076724,0.002652210175145955
sub_655cf71a7946,2,1,value-tight-chunk,unlabeled,0,239.8,116.24199999999999,123.55799999999998,0.48474562135112587,115.92599999999999,0.316,0.4834278565471225,0.001317764804003336
sub_655cf71a7946,2,2,hybrid,unlabeled,0,239.74,117.15199999999996,122.58799999999998,0.4886627179444396,116.77199999999995,0.38,0.4870776674730956,0.001585050471343956
sub_655cf71a7946,2,3,value-loose-chunk,unlabeled,0,239.74,99.13200000000003,140.60800000000003,0.4134979561191292,99.13200000000003,0.0,0.4134979561191292,0.0
sub_655cf71a7946,2,4,tautological,unlabeled,0,239.8,83.708,156.09199999999998,0.3490742285237698,82.56,1.148,0.34428690575479565,0.004787322768974145
sub_655cf71a7946,2,5,operator,unlabeled,0,239.8,110.13600000000001,129.66400000000002,0.45928273561301086,110.13600000000001,0.0,0.45928273561301086,0.0
