participant_id,group,trial_number,task_type,phase,bin_idx,speech_density
sub_9503423c9f70,1,1,tautological,first_correct,1,0.4384987893462469
sub_9503423c9f70,1,1,tautological,first_correct,2,0.41246973365617434
sub_9503423c9f70,1,1,tautological,first_correct,3,0.40278450363196105
sub_9503423c9f70,1,1,tautological,first_correct,4,0.15605326876513292
sub_9503423c9f70,1,1,tautological,first_correct,5,0.34987893462469655
sub_9503423c9f70,1,2,tautological,post_correct,1,0.49725411882176723
sub_9503423c9f70,1,2,tautological,post_correct,2,0.3784323514727908
sub_9503423c9f70,1,2,tautological,post_correct,3,0.45406889665501765
sub_9503423c9f70,1,2,tautological,post_correct,4,0.40688966550174754
sub_9503423c9f70,1,2,tautological,post_correct,5,0.2408886669995007
sub_9503423c9f70,1,3,tautological,post_correct,1,0.5697142857142857
sub_9503423c9f70,1,3,tautological,post_correct,2,0.32228571428571434
sub_9503423c9f70,1,3,tautological,post_correct,3,0.6057142857142855
sub_9503423c9f70,1,3,tautological,post_correct,4,0.591428571428571
sub_9503423c9f70,1,3,tautological,post_correct,5,0.5291428571428577
sub_9503423c9f70,1,4,tautological,post_correct,1,0.24655963302752298
sub_9503423c9f70,1,4,tautological,post_correct,2,0.7047018348623856
sub_9503423c9f70,1,4,tautological,post_correct,3,0.45756880733945005
sub_9503423c9f70,1,4,tautological,post_correct,4,0.5946100917431186
sub_9503423c9f70,1,4,tautological,post_correct,5,0.48509174311926656
sub_9503423c9f70,1,5,tautological,post_correct,1,0.6108343711083437
sub_9503423c9f70,1,5,tautological,post_correct,2,0.660024906600249
sub_9503423c9f70,1,5,tautological,post_correct,3,0.5790784557907844
sub_9503423c9f70,1,5,tautological,post_correct,4,0.6787048567870485
sub_9503423c9f70,1,5,tautological,post_correct,5,0.42154420921544244
sub_8c695f8dca6e,1,1,operator,pre_incorrect,1,0.3949804052363877
sub_8c695f8dca6e,1,1,operator,pre_incorrect,2,0.39485533227716196
sub_8c695f8dca6e,1,1,operator,pre_incorrect,3,0.34524305845076375
sub_8c695f8dca6e,1,1,operator,pre_incorrect,4,0.424622696573001
sub_8c695f8dca6e,1,1,operator,pre_incorrect,5,0.3447844576002672
sub_8c695f8dca6e,1,2,operator,pre_incorrect,1,0.3706745601600934
sub_8c695f8dca6e,1,2,operator,pre_incorrect,2,0.24526807304260845
sub_8c695f8dca6e,1,2,operator,pre_incorrect,3,0.1487534395063795
sub_8c695f8dca6e,1,2,operator,pre_incorrect,4,0.13816392895855945
sub_8c695f8dca6e,1,2,operator,pre_incorrect,5,0.22596514633536297
sub_8c695f8dca6e,1,3,operator,first_correct,1,0.09269289729177324
sub_8c695f8dca6e,1,3,operator,first_correct,2,0.24787940725600405
sub_8c695f8dca6e,1,3,operator,first_correct,3,0.30541645375574805
sub_8c695f8dca6e,1,3,operator,first_correct,4,0.2878896269800712
sub_8c695f8dca6e,1,3,operator,first_correct,5,0.1788451711803774
sub_8c695f8dca6e,1,4,operator,post_incorrect,1,0.5193494578815677
sub_8c695f8dca6e,1,4,operator,post_incorrect,2,0.37422852376980803
sub_8c695f8dca6e,1,4,operator,post_incorrect,3,0.2780650542118432
sub_8c695f8dca6e,1,4,operator,post_incorrect,4,0.43323603002502065
sub_8c695f8dca6e,1,4,operator,post_incorrect,5,0.2313177648040038
sub_8c695f8dca6e,1,5,operator,post_incorrect,1,0.48970232635704164
sub_8c695f8dca6e,1,5,operator,post_incorrect,2,0.13624614358375767
sub_8c695f8dca6e,1,5,operator,post_incorrect,3,0.16559659801550822
sub_8c695f8dca6e,1,5,operator,post_incorrect,4,0.10822980071708452
sub_8c695f8dca6e,1,5,operator,post_incorrect,5,0.35103810556157644
sub_3a291c7f542d,1,1,hybrid,pre_incorrect,1,0.11681814391728514
sub_3a291c7f542d,1,1,hybrid,pre_incorrect,2,0.2600683732177103
sub_3a291c7f542d,1,1,hybrid,pre_incorrect,3,0.2743266905694982
sub_3a291c7f542d,1,1,hybrid,pre_incorrect,4,0.3445343116818148
sub_3a291c7f542d,1,1,hybrid,pre_incorrect,5,0.0802134578504136
sub_3a291c7f542d,1,2,hybrid,first_correct,1,0.5271061720979126
sub_3a291c7f542d,1,2,hybrid,first_correct,2,0.18441207388496766
sub_3a291c7f542d,1,2,hybrid,first_correct,3,0.2922360714822047
sub_3a291c7f542d,1,2,hybrid,first_correct,4,0.1346298242979431
sub_3a291c7f542d,1,2,hybrid,first_correct,5,0.14619312209040417
sub_3a291c7f542d,1,3,hybrid,post_incorrect,1,0.2744934545151338
sub_3a291c7f542d,1,3,hybrid,post_incorrect,2,0.2604852830817982
sub_3a291c7f542d,1,3,hybrid,post_incorrect,3,0.18160593679646497
sub_3a291c7f542d,1,3,hybrid,post_incorrect,4,0.24176603018427384
sub_3a291c7f542d,1,3,hybrid,post_incorrect,5,0.4106145251396638
sub_3a291c7f542d,1,4,hybrid,post_correct,1,0.2820089211961011
sub_3a291c7f542d,1,4,hybrid,post_correct,2,0.16322484718321473
sub_3a291c7f542d,1,4,hybrid,post_correct,3,0.06426565339501063
sub_3a291c7f542d,1,4,hybrid,post_correct,4,0.17379811663637743
sub_3a291c7f542d,1,4,hybrid,post_correct,5,0.2063439616718986
sub_3a291c7f542d,1,5,hybrid,post_correct,1,0.3219489268369105
sub_3a291c7f542d,1,5,hybrid,post_correct,2,0.30918063606454654
sub_3a291c7f542d,1,5,hybrid,post_correct,3,0.16865110449631768
sub_3a291c7f542d,1,5,hybrid,post_correct,4,0.10034466551778151
sub_3a291c7f542d,1,5,hybrid,post_correct,5,0.23523421588594706
sub_057b1c4a47b6,1,1,value-loose-chunk,first_correct,1,0.7919792267743796
sub_057b1c4a47b6,1,1,value-loose-chunk,first_correct,2,0.6751298326601267
sub_057b1c4a47b6,1,1,value-loose-chunk,first_correct,3,0.828043854587421
sub_057b1c4a47b6,1,1,value-loose-chunk,first_correct,4,0.6145412579342179
sub_057b1c4a47b6,1,1,value-loose-chunk,first_correct,5,0.47576457010963674
sub_057b1c4a47b6,1,2,value-loose-chunk,post_correct,1,0.6566611842105263
sub_057b1c4a47b6,1,2,value-loose-chunk,post_correct,2,0.4710115131578943
sub_057b1c4a47b6,1,2,value-loose-chunk,post_correct,3,0.36410361842105243
sub_057b1c4a47b6,1,2,value-loose-chunk,post_correct,4,0.6761924342105262
sub_057b1c4a47b6,1,2,value-loose-chunk,post_correct,5,0.6955180921052629
sub_057b1c4a47b6,1,3,value-loose-chunk,post_correct,1,0.44369536227589274
sub_057b1c4a47b6,1,3,value-loose-chunk,post_correct,2,0.31693584234701405
sub_057b1c4a47b6,1,3,value-loose-chunk,post_correct,3,0.34716254259890406
sub_057b1c4a47b6,1,3,value-loose-chunk,post_correct,4,0.5077789302118833
sub_057b1c4a47b6,1,3,value-loose-chunk,post_correct,5,0.4638464957771535
sub_057b1c4a47b6,1,4,value-loose-chunk,post_correct,1,0.818150684931507
sub_057b1c4a47b6,1,4,value-loose-chunk,post_correct,2,0.41780821917808214
sub_057b1c4a47b6,1,4,value-loose-chunk,post_correct,3,0.5955479452054792
sub_057b1c4a47b6,1,4,value-loose-chunk,post_correct,4,0.8749999999999993
sub_057b1c4a47b6,1,4,value-loose-chunk,post_correct,5,0.6965753424657537
sub_057b1c4a47b6,1,5,value-loose-chunk,post_correct,1,0.7071928707829407
sub_057b1c4a47b6,1,5,value-loose-chunk,post_correct,2,0.5181413112667093
sub_057b1c4a47b6,1,5,value-loose-chunk,post_correct,3,0.3297262889879059
sub_057b1c4a47b6,1,5,value-loose-chunk,post_correct,4,0.820814767663909
sub_057b1c4a47b6,1,5,value-loose-chunk,post_correct,5,0.5566518141311262
sub_b756988f57dd,1,1,hybrid,pre_incorrect,1,0.7364774063497393
sub_b756988f57dd,1,1,hybrid,pre_incorrect,2,0.5174281874685026
sub_b756988f57dd,1,1,hybrid,pre_incorrect,3,0.4380984377624731
sub_b756988f57dd,1,1,hybrid,pre_incorrect,4,0.32492020829833734
sub_b756988f57dd,1,1,hybrid,pre_incorrect,5,0.5878128674617833
sub_b756988f57dd,1,2,hybrid,first_correct,1,0.4771671826625387
sub_b756988f57dd,1,2,hybrid,first_correct,2,0.42463235294117624
sub_b756988f57dd,1,2,hybrid,first_correct,3,0.7446787925696596
sub_b756988f57dd,1,2,hybrid,first_correct,4,0.383997678018576
sub_b756988f57dd,1,2,hybrid,first_correct,5,0.9169891640866861
sub_b756988f57dd,1,3,hybrid,post_correct,1,0.5143390463261498
sub_b756988f57dd,1,3,hybrid,post_correct,2,0.49732733751909025
sub_b756988f57dd,1,3,hybrid,post_correct,3,0.3932207704055656
sub_b756988f57dd,1,3,hybrid,post_correct,4,0.39843882572543743
sub_b756988f57dd,1,3,hybrid,post_correct,5,0.2513999660614289
sub_b756988f57dd,1,4,hybrid,post_correct,1,0.47929522572263716
sub_b756988f57dd,1,4,hybrid,post_correct,2,0.4288730107177657
sub_b756988f57dd,1,4,hybrid,post_correct,3,0.6469632997726532
sub_b756988f57dd,1,4,hybrid,post_correct,4,0.733517375771356
sub_b756988f57dd,1,4,hybrid,post_correct,5,0.6750568366352713
sub_b756988f57dd,1,5,hybrid,post_correct,1,0.7390232448931674
sub_b756988f57dd,1,5,hybrid,post_correct,2,0.7657900915707906
sub_b756988f57dd,1,5,hybrid,post_correct,3,0.3767316271425216
sub_b756988f57dd,1,5,hybrid,post_correct,4,0.6604836816154024
sub_b756988f57dd,1,5,hybrid,post_correct,5,0.7149565625733744
sub_af23f97f6c59,1,1,value-loose-chunk,first_correct,1,0.16192170818505328
sub_af23f97f6c59,1,1,value-loose-chunk,first_correct,2,0.2948652770716826
sub_af23f97f6c59,1,1,value-loose-chunk,first_correct,3,0.13637519064565287
sub_af23f97f6c59,1,1,value-loose-chunk,first_correct,4,0.44248856126080327
sub_af23f97f6c59,1,1,value-loose-chunk,first_correct,5,0.5073080833756979
sub_af23f97f6c59,1,2,value-loose-chunk,post_incorrect,1,0.20744325767690247
sub_af23f97f6c59,1,2,value-loose-chunk,post_incorrect,2,0.08377837116154885
sub_af23f97f6c59,1,2,value-loose-chunk,post_incorrect,3,0.08845126835781031
sub_af23f97f6c59,1,2,value-loose-chunk,post_incorrect,4,0.12099465954606106
sub_af23f97f6c59,1,2,value-loose-chunk,post_incorrect,5,0.12541722296395255
sub_af23f97f6c59,1,3,value-loose-chunk,post_correct,1,0.22266272189349115
sub_af23f97f6c59,1,3,value-loose-chunk,post_correct,2,0.2791124260355027
sub_af23f97f6c59,1,3,value-loose-chunk,post_correct,3,0.19325443786982197
sub_af23f97f6c59,1,3,value-loose-chunk,post_correct,4,0.1989349112426041
sub_af23f97f6c59,1,3,value-loose-chunk,post_correct,5,0.25272189349112434
sub_af23f97f6c59,1,4,value-loose-chunk,post_incorrect,1,0.356892523364486
sub_af23f97f6c59,1,4,value-loose-chunk,post_incorrect,2,0.5428487983978643
sub_af23f97f6c59,1,4,value-loose-chunk,post_incorrect,3,0.20197763684913253
sub_af23f97f6c59,1,4,value-loose-chunk,post_incorrect,4,0.18958611481976015
sub_af23f97f6c59,1,4,value-loose-chunk,post_incorrect,5,0.27878838451268306
sub_af23f97f6c59,1,5,value-loose-chunk,post_incorrect,1,0.23199232117519403
sub_af23f97f6c59,1,5,value-loose-chunk,post_incorrect,2,0.1473583173357816
sub_af23f97f6c59,1,5,value-loose-chunk,post_incorrect,3,0.19672815290877188
sub_af23f97f6c59,1,5,value-loose-chunk,post_incorrect,4,0.1280777898339044
sub_af23f97f6c59,1,5,value-loose-chunk,post_incorrect,5,0.18324847675486386
sub_dcdeec2e1791,1,1,operator,first_correct,1,0.5061948162916546
sub_dcdeec2e1791,1,1,operator,first_correct,2,0.3835801765878666
sub_dcdeec2e1791,1,1,operator,first_correct,3,0.37859584164055826
sub_dcdeec2e1791,1,1,operator,first_correct,4,0.24287952150384465
sub_dcdeec2e1791,1,1,operator,first_correct,5,0.5073340928510396
sub_dcdeec2e1791,1,2,operator,post_correct,1,0.32632293080054264
sub_dcdeec2e1791,1,2,operator,post_correct,2,0.3110583446404343
sub_dcdeec2e1791,1,2,operator,post_correct,3,0.3831411126187243
sub_dcdeec2e1791,1,2,operator,post_correct,4,0.7025101763907733
sub_dcdeec2e1791,1,2,operator,post_correct,5,0.41875848032564533
sub_dcdeec2e1791,1,3,operator,post_correct,1,0.4747495826377295
sub_dcdeec2e1791,1,3,operator,post_correct,2,0.3881469115191987
sub_dcdeec2e1791,1,3,operator,post_correct,3,0.2426961602671119
sub_dcdeec2e1791,1,3,operator,post_correct,4,0.2623121869782967
sub_dcdeec2e1791,1,3,operator,post_correct,5,0.37207846410684503
sub_dcdeec2e1791,1,4,operator,post_correct,1,0.19931662870159456
sub_dcdeec2e1791,1,4,operator,post_correct,2,0.5962414578587698
sub_dcdeec2e1791,1,4,operator,post_correct,3,0.5056947608200453
sub_dcdeec2e1791,1,4,operator,post_correct,4,0.3604783599088849
sub_dcdeec2e1791,1,4,operator,post_correct,5,0.6064920273348522
sub_dcdeec2e1791,1,5,operator,post_correct,1,0.9683301343570059
sub_dcdeec2e1791,1,5,operator,post_correct,2,0.5345489443378119
sub_dcdeec2e1791,1,5,operator,post_correct,3,0.0
sub_dcdeec2e1791,1,5,operator,post_correct,4,0.0
sub_dcdeec2e1791,1,5,operator,post_correct,5,0.0
sub_f5967a6d7c24,1,1,operator,first_correct,1,0.48883555926544237
sub_f5967a6d7c24,1,1,operator,first_correct,2,0.4577420701168624
sub_f5967a6d7c24,1,1,operator,first_correct,3,0.36780050083472443
sub_f5967a6d7c24,1,1,operator,first_correct,4,0.0796118530884795
sub_f5967a6d7c24,1,1,operator,first_correct,5,0.560830550918197
sub_f5967a6d7c24,1,2,operator,post_correct,1,0.6693510184746565
sub_f5967a6d7c24,1,2,operator,post_correct,2,0.7413548081477975
sub_f5967a6d7c24,1,2,operator,post_correct,3,0.21174798673614406
sub_f5967a6d7c24,1,2,operator,post_correct,4,0.693747039317859
sub_f5967a6d7c24,1,2,operator,post_correct,5,0.3413074372335384
sub_f5967a6d7c24,1,3,operator,post_correct,1,0.5486418193303854
sub_f5967a6d7c24,1,3,operator,post_correct,2,0.6509791535060014
sub_f5967a6d7c24,1,3,operator,post_correct,3,0.5833859759949461
sub_f5967a6d7c24,1,3,operator,post_correct,4,0.5467466835123184
sub_f5967a6d7c24,1,3,operator,post_correct,5,0.0
sub_f5967a6d7c24,1,4,operator,post_incorrect,1,0.5580357142857143
sub_f5967a6d7c24,1,4,operator,post_incorrect,2,0.4193508010680907
sub_f5967a6d7c24,1,4,operator,post_incorrect,3,0.2568424566088117
sub_f5967a6d7c24,1,4,operator,post_incorrect,4,0.4287383177570086
sub_f5967a6d7c24,1,4,operator,post_incorrect,5,0.2422396528704933
sub_f5967a6d7c24,1,5,operator,post_correct,1,0.7866859027205276
sub_f5967a6d7c24,1,5,operator,post_correct,2,0.5418384171475681
sub_f5967a6d7c24,1,5,operator,post_correct,3,0.4993816982687551
sub_f5967a6d7c24,1,5,operator,post_correct,4,0.566982687551525
sub_f5967a6d7c24,1,5,operator,post_correct,5,0.09192085737840096
sub_93d81c85849e,1,1,hybrid,pre_incorrect,1,0.7085915257075867
sub_93d81c85849e,1,1,hybrid,pre_incorrect,2,0.5581142187238323
sub_93d81c85849e,1,1,hybrid,pre_incorrect,3,0.4038268296767709
sub_93d81c85849e,1,1,hybrid,pre_incorrect,4,0.5913163624183544
sub_93d81c85849e,1,1,hybrid,pre_incorrect,5,0.649095628872885
sub_93d81c85849e,1,2,hybrid,first_correct,1,0.6977507961783438
sub_93d81c85849e,1,2,hybrid,first_correct,2,0.7595541401273883
sub_93d81c85849e,1,2,hybrid,first_correct,3,0.7689092356687887
sub_93d81c85849e,1,2,hybrid,first_correct,4,0.4126194267515928
sub_93d81c85849e,1,2,hybrid,first_correct,5,0.5316480891719751
sub_93d81c85849e,1,3,hybrid,post_correct,1,0.4674356223175966
sub_93d81c85849e,1,3,hybrid,post_correct,2,0.5935622317596561
sub_93d81c85849e,1,3,hybrid,post_correct,3,0.5600321888412021
sub_93d81c85849e,1,3,hybrid,post_correct,4,0.6570278969957077
sub_93d81c85849e,1,3,hybrid,post_correct,5,0.5141630901287547
sub_93d81c85849e,1,4,hybrid,post_correct,1,0.7595728547959055
sub_93d81c85849e,1,4,hybrid,post_correct,2,0.7474409200050557
sub_93d81c85849e,1,4,hybrid,post_correct,3,0.7187539491975233
sub_93d81c85849e,1,4,hybrid,post_correct,4,0.5597118665487176
sub_93d81c85849e,1,4,hybrid,post_correct,5,0.49538733729306367
sub_93d81c85849e,1,5,hybrid,post_correct,1,0.72327852004111
sub_93d81c85849e,1,5,hybrid,post_correct,2,0.8257965056526207
sub_93d81c85849e,1,5,hybrid,post_correct,3,0.526207605344296
sub_93d81c85849e,1,5,hybrid,post_correct,4,0.9491264131551899
sub_93d81c85849e,1,5,hybrid,post_correct,5,0.45118191161356674
sub_a3e279103ed5,1,1,operator,first_correct,1,0.5143099843178253
sub_a3e279103ed5,1,1,operator,first_correct,2,0.3351411395713543
sub_a3e279103ed5,1,1,operator,first_correct,3,0.1539466806063773
sub_a3e279103ed5,1,1,operator,first_correct,4,0.16244119184526903
sub_a3e279103ed5,1,1,operator,first_correct,5,0.34056455828541626
sub_a3e279103ed5,1,2,operator,post_correct,1,0.4441669639671779
sub_a3e279103ed5,1,2,operator,post_correct,2,0.08651444880485216
sub_a3e279103ed5,1,2,operator,post_correct,3,0.48804851944345323
sub_a3e279103ed5,1,2,operator,post_correct,4,0.4639671780235467
sub_a3e279103ed5,1,2,operator,post_correct,5,0.2515162326079201
sub_a3e279103ed5,1,3,operator,post_correct,1,0.7193029490616623
sub_a3e279103ed5,1,3,operator,post_correct,2,0.2941018766756032
sub_a3e279103ed5,1,3,operator,post_correct,3,0.5745308310991954
sub_a3e279103ed5,1,3,operator,post_correct,4,0.3353887399463811
sub_a3e279103ed5,1,3,operator,post_correct,5,0.5351206434316356
sub_a3e279103ed5,1,4,operator,post_correct,1,0.5590030518819938
sub_a3e279103ed5,1,4,operator,post_correct,2,0.6327568667344863
sub_a3e279103ed5,1,4,operator,post_correct,3,0.6444557477110885
sub_a3e279103ed5,1,4,operator,post_correct,4,0.052390640895218596
sub_a3e279103ed5,1,4,operator,post_correct,5,0.6454730417090544
sub_a3e279103ed5,1,5,operator,post_correct,1,0.6564129301355578
sub_a3e279103ed5,1,5,operator,post_correct,2,0.8070907194994785
sub_a3e279103ed5,1,5,operator,post_correct,3,0.3175182481751825
sub_a3e279103ed5,1,5,operator,post_correct,4,0.45568300312825893
sub_a3e279103ed5,1,5,operator,post_correct,5,0.6496350364963506
sub_f0ad42f4c80f,1,1,value-loose-chunk,pre_incorrect,1,0.6010096795727636
sub_f0ad42f4c80f,1,1,value-loose-chunk,pre_incorrect,2,0.48039052069425886
sub_f0ad42f4c80f,1,1,value-loose-chunk,pre_incorrect,3,0.5332943925233634
sub_f0ad42f4c80f,1,1,value-loose-chunk,pre_incorrect,4,0.5929572763684938
sub_f0ad42f4c80f,1,1,value-loose-chunk,pre_incorrect,5,0.5641688918558092
sub_f0ad42f4c80f,1,2,value-loose-chunk,first_correct,1,0.48362706083001694
sub_f0ad42f4c80f,1,2,value-loose-chunk,first_correct,2,0.4712905059693011
sub_f0ad42f4c80f,1,2,value-loose-chunk,first_correct,3,0.559977259806708
sub_f0ad42f4c80f,1,2,value-loose-chunk,first_correct,4,0.34258101193860085
sub_f0ad42f4c80f,1,2,value-loose-chunk,first_correct,5,0.6792495736213746
sub_f0ad42f4c80f,1,3,value-loose-chunk,post_incorrect,1,0.6402220181954762
sub_f0ad42f4c80f,1,3,value-loose-chunk,post_incorrect,2,0.6563308571905517
sub_f0ad42f4c80f,1,3,value-loose-chunk,post_incorrect,3,0.7005675653117454
sub_f0ad42f4c80f,1,3,value-loose-chunk,post_incorrect,4,0.6289124447041163
sub_f0ad42f4c80f,1,3,value-loose-chunk,post_incorrect,5,0.4823887822385425
sub_f0ad42f4c80f,1,4,value-loose-chunk,post_correct,1,0.706946107784431
sub_f0ad42f4c80f,1,4,value-loose-chunk,post_correct,2,0.6340119760479038
sub_f0ad42f4c80f,1,4,value-loose-chunk,post_correct,3,0.5182035928143714
sub_f0ad42f4c80f,1,4,value-loose-chunk,post_correct,4,0.38946107784431083
sub_f0ad42f4c80f,1,4,value-loose-chunk,post_correct,5,0.4410778443113781
sub_f0ad42f4c80f,1,5,value-loose-chunk,post_correct,1,0.6713244228432564
sub_f0ad42f4c80f,1,5,value-loose-chunk,post_correct,2,0.3729040097205343
sub_f0ad42f4c80f,1,5,value-loose-chunk,post_correct,3,0.6676792223572298
sub_f0ad42f4c80f,1,5,value-loose-chunk,post_correct,4,0.6369380315917385
sub_f0ad42f4c80f,1,5,value-loose-chunk,post_correct,5,0.6775212636695018
sub_97a093227203,1,1,hybrid,pre_incorrect,1,0.34240529149208637
sub_97a093227203,1,1,hybrid,pre_incorrect,2,0.24159838868098163
sub_97a093227203,1,1,hybrid,pre_incorrect,3,0.2844011222870127
sub_97a093227203,1,1,hybrid,pre_incorrect,4,0.14804407919003076
sub_97a093227203,1,1,hybrid,pre_incorrect,5,0.1650192918982319
sub_97a093227203,1,2,hybrid,pre_incorrect,1,0.6197304439308464
sub_97a093227203,1,2,hybrid,pre_incorrect,2,0.4830057075639718
sub_97a093227203,1,2,hybrid,pre_incorrect,3,0.29888913740401046
sub_97a093227203,1,2,hybrid,pre_incorrect,4,0.34394492904893387
sub_97a093227203,1,2,hybrid,pre_incorrect,5,0.2275570135109388
sub_97a093227203,1,3,hybrid,first_correct,1,0.5809237739818158
sub_97a093227203,1,3,hybrid,first_correct,2,0.501936749699121
sub_97a093227203,1,3,hybrid,first_correct,3,0.4124316069460036
sub_97a093227203,1,3,hybrid,first_correct,4,0.3868442610516103
sub_97a093227203,1,3,hybrid,first_correct,5,0.48160846303993715
sub_97a093227203,1,4,hybrid,post_correct,1,0.5895489057615008
sub_97a093227203,1,4,hybrid,post_correct,2,0.3614250867488919
sub_97a093227203,1,4,hybrid,post_correct,3,0.6570927955474627
sub_97a093227203,1,4,hybrid,post_correct,4,0.6264472463668544
sub_97a093227203,1,4,hybrid,post_correct,5,0.7991204864809148
sub_97a093227203,1,5,hybrid,post_correct,1,0.6197701191601003
sub_97a093227203,1,5,hybrid,post_correct,2,0.5679781310485903
sub_97a093227203,1,5,hybrid,post_correct,3,0.5708401750249966
sub_97a093227203,1,5,hybrid,post_correct,4,0.5710419858182055
sub_97a093227203,1,5,hybrid,post_correct,5,0.6846431159586467
sub_d1b9242fdda8,1,1,value-tight-chunk,pre_incorrect,1,0.49338560727705455
sub_d1b9242fdda8,1,1,value-tight-chunk,pre_incorrect,2,0.20782968040623725
sub_d1b9242fdda8,1,1,value-tight-chunk,pre_incorrect,3,0.2662547784198827
sub_d1b9242fdda8,1,1,value-tight-chunk,pre_incorrect,4,0.6270183475021806
sub_d1b9242fdda8,1,1,value-tight-chunk,pre_incorrect,5,0.2655293551884057
sub_d1b9242fdda8,1,2,value-tight-chunk,first_correct,1,0.7380583318276482
sub_d1b9242fdda8,1,2,value-tight-chunk,first_correct,2,0.795268027806043
sub_d1b9242fdda8,1,2,value-tight-chunk,first_correct,3,0.8206396150517798
sub_d1b9242fdda8,1,2,value-tight-chunk,first_correct,4,0.7443822094582391
sub_d1b9242fdda8,1,2,value-tight-chunk,first_correct,5,0.889593655201272
sub_d1b9242fdda8,1,3,value-tight-chunk,post_correct,1,0.6282738886369675
sub_d1b9242fdda8,1,3,value-tight-chunk,post_correct,2,0.6941973011430266
sub_d1b9242fdda8,1,3,value-tight-chunk,post_correct,3,0.6120744922052135
sub_d1b9242fdda8,1,3,value-tight-chunk,post_correct,4,0.8012446640501626
sub_d1b9242fdda8,1,3,value-tight-chunk,post_correct,5,0.8705299204103006
sub_d1b9242fdda8,1,4,value-tight-chunk,post_correct,1,0.6873483617176641
sub_d1b9242fdda8,1,4,value-tight-chunk,post_correct,2,0.70185852589923
sub_d1b9242fdda8,1,4,value-tight-chunk,post_correct,3,0.8631663251124766
sub_d1b9242fdda8,1,4,value-tight-chunk,post_correct,4,0.8819635832567783
sub_d1b9242fdda8,1,4,value-tight-chunk,post_correct,5,0.616517089487196
sub_d1b9242fdda8,1,5,value-tight-chunk,post_correct,1,0.7771884545260814
sub_d1b9242fdda8,1,5,value-tight-chunk,post_correct,2,0.8730850282954089
sub_d1b9242fdda8,1,5,value-tight-chunk,post_correct,3,0.8745057182771764
sub_d1b9242fdda8,1,5,value-tight-chunk,post_correct,4,0.9317595245424186
sub_d1b9242fdda8,1,5,value-tight-chunk,post_correct,5,0.8916013543911158
sub_b87bf837c6ae,1,1,operator,pre_incorrect,1,0.19595723354493824
sub_b87bf837c6ae,1,1,operator,pre_incorrect,2,0.09137988640160384
sub_b87bf837c6ae,1,1,operator,pre_incorrect,3,0.09167223521550315
sub_b87bf837c6ae,1,1,operator,pre_incorrect,4,0.16475943869027762
sub_b87bf837c6ae,1,1,operator,pre_incorrect,5,0.15903775476111015
sub_b87bf837c6ae,1,2,operator,pre_incorrect,1,0.28329439252336475
sub_b87bf837c6ae,1,2,operator,pre_incorrect,2,0.1609646194926569
sub_b87bf837c6ae,1,2,operator,pre_incorrect,3,0.12925567423231
sub_b87bf837c6ae,1,2,operator,pre_incorrect,4,0.20089285714285646
sub_b87bf837c6ae,1,2,operator,pre_incorrect,5,0.20018357810413953
sub_b87bf837c6ae,1,3,operator,pre_incorrect,1,0.20916451047491869
sub_b87bf837c6ae,1,3,operator,pre_incorrect,2,0.06510307987647147
sub_b87bf837c6ae,1,3,operator,pre_incorrect,3,0.02387112928803951
sub_b87bf837c6ae,1,3,operator,pre_incorrect,4,0.0
sub_b87bf837c6ae,1,3,operator,pre_incorrect,5,0.07511893831900437
sub_b87bf837c6ae,1,4,operator,first_correct,1,0.2769033087054288
sub_b87bf837c6ae,1,4,operator,first_correct,2,0.06135560552521678
sub_b87bf837c6ae,1,4,operator,first_correct,3,0.0
sub_b87bf837c6ae,1,4,operator,first_correct,4,0.10215226469643361
sub_b87bf837c6ae,1,4,operator,first_correct,5,0.1124317378734333
sub_b87bf837c6ae,1,5,operator,post_correct,1,0.0
sub_b87bf837c6ae,1,5,operator,post_correct,2,0.0
sub_b87bf837c6ae,1,5,operator,post_correct,3,0.49320148331273184
sub_b87bf837c6ae,1,5,operator,post_correct,4,0.5259579728059333
sub_b87bf837c6ae,1,5,operator,post_correct,5,0.44808405438813387
sub_c99e3feff124,1,1,operator,first_correct,1,0.24785005512679165
sub_c99e3feff124,1,1,operator,first_correct,2,0.39140022050716594
sub_c99e3feff124,1,1,operator,first_correct,3,0.18787210584343958
sub_c99e3feff124,1,1,operator,first_correct,4,0.06306504961411276
sub_c99e3feff124,1,1,operator,first_correct,5,0.18235942668136595
sub_c99e3feff124,1,2,operator,post_correct,1,0.3454873646209386
sub_c99e3feff124,1,2,operator,post_correct,2,0.5422382671480144
sub_c99e3feff124,1,2,operator,post_correct,3,0.9472924187725633
sub_c99e3feff124,1,2,operator,post_correct,4,0.5754512635379065
sub_c99e3feff124,1,2,operator,post_correct,5,0.2732851985559572
sub_c99e3feff124,1,3,operator,post_correct,1,0.5783028630562262
sub_c99e3feff124,1,3,operator,post_correct,2,0.3704725767506036
sub_c99e3feff124,1,3,operator,post_correct,3,0.0
sub_c99e3feff124,1,3,operator,post_correct,4,0.3166609175577789
sub_c99e3feff124,1,3,operator,post_correct,5,0.20627802690582986
sub_c99e3feff124,1,4,operator,post_correct,1,0.27441975921558903
sub_c99e3feff124,1,4,operator,post_correct,2,0.0702494725083777
sub_c99e3feff124,1,4,operator,post_correct,3,0.2953953084274543
sub_c99e3feff124,1,4,operator,post_correct,4,0.10078192875760136
sub_c99e3feff124,1,4,operator,post_correct,5,0.4689090232096304
sub_c99e3feff124,1,5,operator,post_correct,1,0.6395569620253164
sub_c99e3feff124,1,5,operator,post_correct,2,0.5278481012658228
sub_c99e3feff124,1,5,operator,post_correct,3,0.5648734177215184
sub_c99e3feff124,1,5,operator,post_correct,4,0.7170886075949361
sub_c99e3feff124,1,5,operator,post_correct,5,0.272151898734177
sub_83928208bd4f,1,1,hybrid,pre_incorrect,1,0.3989991659716428
sub_83928208bd4f,1,1,hybrid,pre_incorrect,2,0.4332777314428691
sub_83928208bd4f,1,1,hybrid,pre_incorrect,3,0.3876146788990829
sub_83928208bd4f,1,1,hybrid,pre_incorrect,4,0.4956213511259379
sub_83928208bd4f,1,1,hybrid,pre_incorrect,5,0.5543786488740627
sub_83928208bd4f,1,2,hybrid,first_correct,1,0.5868765331152903
sub_83928208bd4f,1,2,hybrid,first_correct,2,0.1513695829926412
sub_83928208bd4f,1,2,hybrid,first_correct,3,0.6131439084219136
sub_83928208bd4f,1,2,hybrid,first_correct,4,0.5724652493867541
sub_83928208bd4f,1,2,hybrid,first_correct,5,0.6750817661488148
sub_83928208bd4f,1,3,hybrid,post_incorrect,1,0.6354879065888239
sub_83928208bd4f,1,3,hybrid,post_incorrect,2,0.43352793994995864
sub_83928208bd4f,1,3,hybrid,post_incorrect,3,0.4318598832360301
sub_83928208bd4f,1,3,hybrid,post_incorrect,4,0.4234361968306903
sub_83928208bd4f,1,3,hybrid,post_incorrect,5,0.44557964970809016
sub_83928208bd4f,1,4,hybrid,post_correct,1,0.7111566341002207
sub_83928208bd4f,1,4,hybrid,post_correct,2,0.5822565395524739
sub_83928208bd4f,1,4,hybrid,post_correct,3,0.5832020170185944
sub_83928208bd4f,1,4,hybrid,post_correct,4,0.8079104947998738
sub_83928208bd4f,1,4,hybrid,post_correct,5,0.6284273558146863
sub_83928208bd4f,1,5,hybrid,post_correct,1,0.6634754335260115
sub_83928208bd4f,1,5,hybrid,post_correct,2,0.7254335260115606
sub_83928208bd4f,1,5,hybrid,post_correct,3,0.6777456647398843
sub_83928208bd4f,1,5,hybrid,post_correct,4,0.7953395953757224
sub_83928208bd4f,1,5,hybrid,post_correct,5,0.7057442196531792
sub_e3934e9a123e,1,1,value-loose-chunk,first_correct,1,0.4661520190023752
sub_e3934e9a123e,1,1,value-loose-chunk,first_correct,2,0.7315914489311164
sub_e3934e9a123e,1,1,value-loose-chunk,first_correct,3,0.9133016627078384
sub_e3934e9a123e,1,1,value-loose-chunk,first_correct,4,0.3153206650831358
sub_e3934e9a123e,1,1,value-loose-chunk,first_correct,5,0.0
sub_e3934e9a123e,1,2,value-loose-chunk,post_correct,1,0.5882687927107061
sub_e3934e9a123e,1,2,value-loose-chunk,post_correct,2,0.6474943052391801
sub_e3934e9a123e,1,2,value-loose-chunk,post_correct,3,0.9208428246013658
sub_e3934e9a123e,1,2,value-loose-chunk,post_correct,4,0.37072892938496627
sub_e3934e9a123e,1,2,value-loose-chunk,post_correct,5,0.0
sub_e3934e9a123e,1,3,value-loose-chunk,post_correct,1,0.8533246414602347
sub_e3934e9a123e,1,3,value-loose-chunk,post_correct,2,0.8318122555410691
sub_e3934e9a123e,1,3,value-loose-chunk,post_correct,3,0.846805736636245
sub_e3934e9a123e,1,3,value-loose-chunk,post_correct,4,0.0
sub_e3934e9a123e,1,3,value-loose-chunk,post_correct,5,0.0
sub_e3934e9a123e,1,4,value-loose-chunk,post_correct,1,0.7537399309551208
sub_e3934e9a123e,1,4,value-loose-chunk,post_correct,2,0.8199079401611048
sub_e3934e9a123e,1,4,value-loose-chunk,post_correct,3,0.7796317606444191
sub_e3934e9a123e,1,4,value-loose-chunk,post_correct,4,0.0
sub_e3934e9a123e,1,4,value-loose-chunk,post_correct,5,0.0
sub_e3934e9a123e,1,5,value-loose-chunk,post_correct,1,0.5763513513513513
sub_e3934e9a123e,1,5,value-loose-chunk,post_correct,2,0.8689189189189187
sub_e3934e9a123e,1,5,value-loose-chunk,post_correct,3,0.7824324324324318
sub_e3934e9a123e,1,5,value-loose-chunk,post_correct,4,0.28581081081081144
sub_e3934e9a123e,1,5,value-loose-chunk,post_correct,5,0.0
sub_5ddddc986d75,1,1,operator,first_correct,1,0.4370909325394691
sub_5ddddc986d75,1,1,operator,first_correct,2,0.15798467441185643
sub_5ddddc986d75,1,1,operator,first_correct,3,0.2931851644867653
sub_5ddddc986d75,1,1,operator,first_correct,4,0.0
sub_5ddddc986d75,1,1,operator,first_correct,5,0.2942598901630366
sub_5ddddc986d75,1,2,operator,post_correct,1,0.2805231126779982
sub_5ddddc986d75,1,2,operator,post_correct,2,0.28749532231697944
sub_5ddddc986d75,1,2,operator,post_correct,3,0.2954326118212436
sub_5ddddc986d75,1,2,operator,post_correct,4,0.4364524451972507
sub_5ddddc986d75,1,2,operator,post_correct,5,0.3693892423138287
sub_5ddddc986d75,1,3,operator,post_correct,1,0.4370006020838222
sub_5ddddc986d75,1,3,operator,post_correct,2,0.23549641300909274
sub_5ddddc986d75,1,3,operator,post_correct,3,0.13846907432163447
sub_5ddddc986d75,1,3,operator,post_correct,4,0.3770779545477746
sub_5ddddc986d75,1,3,operator,post_correct,5,0.02265467941587678
sub_5ddddc986d75,1,4,operator,post_correct,1,0.39598672414450836
sub_5ddddc986d75,1,4,operator,post_correct,2,0.6386144279555945
sub_5ddddc986d75,1,4,operator,post_correct,3,0.2617022088276812
sub_5ddddc986d75,1,4,operator,post_correct,4,0.38301606073322375
sub_5ddddc986d75,1,4,operator,post_correct,5,0.0
sub_5ddddc986d75,1,5,operator,post_correct,1,0.3552883301448483
sub_5ddddc986d75,1,5,operator,post_correct,2,0.5419123101549993
sub_5ddddc986d75,1,5,operator,post_correct,3,0.29906688009994925
sub_5ddddc986d75,1,5,operator,post_correct,4,0.19911763557568413
sub_5ddddc986d75,1,5,operator,post_correct,5,0.300433373677429
sub_94256d574ebd,1,1,hybrid,pre_incorrect,1,0.2712521898723616
sub_94256d574ebd,1,1,hybrid,pre_incorrect,2,0.2518144656711436
sub_94256d574ebd,1,1,hybrid,pre_incorrect,3,0.24760156836572925
sub_94256d574ebd,1,1,hybrid,pre_incorrect,4,0.22136481187953624
sub_94256d574ebd,1,1,hybrid,pre_incorrect,5,0.37845165596062313
sub_94256d574ebd,1,2,hybrid,pre_incorrect,1,0.35259826782145237
sub_94256d574ebd,1,2,hybrid,pre_incorrect,2,0.2914723517654894
sub_94256d574ebd,1,2,hybrid,pre_incorrect,3,0.38936542305129884
sub_94256d574ebd,1,2,hybrid,pre_incorrect,4,0.3617171885409738
sub_94256d574ebd,1,2,hybrid,pre_incorrect,5,0.17313457694870094
sub_94256d574ebd,1,3,hybrid,first_correct,1,0.3551532033426183
sub_94256d574ebd,1,3,hybrid,first_correct,2,0.08177477118981306
sub_94256d574ebd,1,3,hybrid,first_correct,3,0.14275766016713115
sub_94256d574ebd,1,3,hybrid,first_correct,4,0.2904894548348593
sub_94256d574ebd,1,3,hybrid,first_correct,5,0.2910366096299222
sub_94256d574ebd,1,4,hybrid,post_correct,1,0.7547590719809637
sub_94256d574ebd,1,4,hybrid,post_correct,2,0.3158834027364665
sub_94256d574ebd,1,4,hybrid,post_correct,3,0.4260856632956582
sub_94256d574ebd,1,4,hybrid,post_correct,4,0.38950029744199827
sub_94256d574ebd,1,4,hybrid,post_correct,5,0.39797739440809127
sub_94256d574ebd,1,5,hybrid,post_correct,1,0.6916021198532408
sub_94256d574ebd,1,5,hybrid,post_correct,2,0.5943742356298412
sub_94256d574ebd,1,5,hybrid,post_correct,3,0.0831634732980027
sub_94256d574ebd,1,5,hybrid,post_correct,4,0.4449653485527921
sub_94256d574ebd,1,5,hybrid,post_correct,5,0.15022421524663715
sub_2bb26305655f,1,1,hybrid,pre_incorrect,1,0.09838117489986636
sub_2bb26305655f,1,1,hybrid,pre_incorrect,2,0.03321094793057392
sub_2bb26305655f,1,1,hybrid,pre_incorrect,3,0.2315587449933249
sub_2bb26305655f,1,1,hybrid,pre_incorrect,4,0.09771361815754334
sub_2bb26305655f,1,1,hybrid,pre_incorrect,5,0.16229973297730368
sub_2bb26305655f,1,2,hybrid,first_correct,1,0.2774242809875287
sub_2bb26305655f,1,2,hybrid,first_correct,2,0.30465767370832275
sub_2bb26305655f,1,2,hybrid,first_correct,3,0.0
sub_2bb26305655f,1,2,hybrid,first_correct,4,0.3568337999490972
sub_2bb26305655f,1,2,hybrid,first_correct,5,0.05472130313056754
sub_2bb26305655f,1,3,hybrid,post_incorrect,1,0.2755340453938585
sub_2bb26305655f,1,3,hybrid,post_incorrect,2,0.4031208277703612
sub_2bb26305655f,1,3,hybrid,post_incorrect,3,0.22254672897196245
sub_2bb26305655f,1,3,hybrid,post_incorrect,4,0.1336782376502006
sub_2bb26305655f,1,3,hybrid,post_incorrect,5,0.17807076101468627
sub_2bb26305655f,1,4,hybrid,post_incorrect,1,0.29981642189586116
sub_2bb26305655f,1,4,hybrid,post_incorrect,2,0.018524699599465767
sub_2bb26305655f,1,4,hybrid,post_incorrect,3,0.10155206942590139
sub_2bb26305655f,1,4,hybrid,post_incorrect,4,0.21491154873164145
sub_2bb26305655f,1,4,hybrid,post_incorrect,5,0.07973130841121441
sub_2bb26305655f,1,5,hybrid,post_correct,1,0.18753193663771078
sub_2bb26305655f,1,5,hybrid,post_correct,2,0.26762902401635164
sub_2bb26305655f,1,5,hybrid,post_correct,3,0.08035258048032697
sub_2bb26305655f,1,5,hybrid,post_correct,4,0.21550843127235578
sub_2bb26305655f,1,5,hybrid,post_correct,5,0.07907511497189618
sub_83a65b70f1f4,1,1,value-loose-chunk,first_correct,1,0.9009777607361965
sub_83a65b70f1f4,1,1,value-loose-chunk,first_correct,2,0.8700153374233127
sub_83a65b70f1f4,1,1,value-loose-chunk,first_correct,3,0.8209355828220857
sub_83a65b70f1f4,1,1,value-loose-chunk,first_correct,4,0.6835697852760737
sub_83a65b70f1f4,1,1,value-loose-chunk,first_correct,5,0.7126150306748451
sub_83a65b70f1f4,1,2,value-loose-chunk,post_correct,1,0.870015499506834
sub_83a65b70f1f4,1,2,value-loose-chunk,post_correct,2,0.7215724954206
sub_83a65b70f1f4,1,2,value-loose-chunk,post_correct,3,0.6027899112300966
sub_83a65b70f1f4,1,2,value-loose-chunk,post_correct,4,0.5604480766521069
sub_83a65b70f1f4,1,2,value-loose-chunk,post_correct,5,0.5808792447513033
sub_83a65b70f1f4,1,3,value-loose-chunk,post_correct,1,0.713383187209902
sub_83a65b70f1f4,1,3,value-loose-chunk,post_correct,2,0.7322073233625578
sub_83a65b70f1f4,1,3,value-loose-chunk,post_correct,3,0.7021660649819497
sub_83a65b70f1f4,1,3,value-loose-chunk,post_correct,4,0.7597988653945338
sub_83a65b70f1f4,1,3,value-loose-chunk,post_correct,5,0.5968282619907166
sub_83a65b70f1f4,1,4,value-loose-chunk,post_correct,1,0.7091431095406361
sub_83a65b70f1f4,1,4,value-loose-chunk,post_correct,2,0.7939487632508833
sub_83a65b70f1f4,1,4,value-loose-chunk,post_correct,3,0.602473498233215
sub_83a65b70f1f4,1,4,value-loose-chunk,post_correct,4,0.8615282685512374
sub_83a65b70f1f4,1,4,value-loose-chunk,post_correct,5,0.7579505300353353
sub_83a65b70f1f4,1,5,value-loose-chunk,post_correct,1,0.4481827111984284
sub_83a65b70f1f4,1,5,value-loose-chunk,post_correct,2,0.8219548133595286
sub_83a65b70f1f4,1,5,value-loose-chunk,post_correct,3,0.6468565815324165
sub_83a65b70f1f4,1,5,value-loose-chunk,post_correct,4,0.8754911591355602
sub_83a65b70f1f4,1,5,value-loose-chunk,post_correct,5,0.6942534381139485
sub_71fc70db9a34,1,1,value-tight-chunk,first_correct,1,0.4347672778561353
sub_71fc70db9a34,1,1,value-tight-chunk,first_correct,2,0.32581100141043723
sub_71fc70db9a34,1,1,value-tight-chunk,first_correct,3,0.6382228490832157
sub_71fc70db9a34,1,1,value-tight-chunk,first_correct,4,0.3057122708039495
sub_71fc70db9a34,1,1,value-tight-chunk,first_correct,5,0.0
sub_71fc70db9a34,1,2,value-tight-chunk,post_correct,1,0.5551369863013699
sub_71fc70db9a34,1,2,value-tight-chunk,post_correct,2,0.39554794520547953
sub_71fc70db9a34,1,2,value-tight-chunk,post_correct,3,0.8917808219178079
sub_71fc70db9a34,1,2,value-tight-chunk,post_correct,4,0.38287671232876724
sub_71fc70db9a34,1,2,value-tight-chunk,post_correct,5,0.5178082191780824
sub_71fc70db9a34,1,3,value-tight-chunk,post_correct,1,0.5632352941176472
sub_71fc70db9a34,1,3,value-tight-chunk,post_correct,2,0.7514705882352942
sub_71fc70db9a34,1,3,value-tight-chunk,post_correct,3,0.7875000000000002
sub_71fc70db9a34,1,3,value-tight-chunk,post_correct,4,0.8919117647058818
sub_71fc70db9a34,1,3,value-tight-chunk,post_correct,5,0.0
sub_71fc70db9a34,1,4,value-tight-chunk,post_correct,1,0.5993243243243244
sub_71fc70db9a34,1,4,value-tight-chunk,post_correct,2,0.706081081081081
sub_71fc70db9a34,1,4,value-tight-chunk,post_correct,3,0.6749999999999998
sub_71fc70db9a34,1,4,value-tight-chunk,post_correct,4,0.6520270270270275
sub_71fc70db9a34,1,4,value-tight-chunk,post_correct,5,0.12837837837837804
sub_71fc70db9a34,1,5,value-tight-chunk,post_correct,1,0.5352664576802508
sub_71fc70db9a34,1,5,value-tight-chunk,post_correct,2,0.8605015673981192
sub_71fc70db9a34,1,5,value-tight-chunk,post_correct,3,0.7601880877742948
sub_71fc70db9a34,1,5,value-tight-chunk,post_correct,4,0.44749216300940414
sub_71fc70db9a34,1,5,value-tight-chunk,post_correct,5,0.0
sub_c952a2e899e0,1,1,value-loose-chunk,first_correct,1,0.6067348881485006
sub_c952a2e899e0,1,1,value-loose-chunk,first_correct,2,0.4213469776297002
sub_c952a2e899e0,1,1,value-loose-chunk,first_correct,3,0.3643503093764871
sub_c952a2e899e0,1,1,value-loose-chunk,first_correct,4,0.2745121370775824
sub_c952a2e899e0,1,1,value-loose-chunk,first_correct,5,0.5784150404569258
sub_c952a2e899e0,1,2,value-loose-chunk,post_correct,1,0.6088945827232797
sub_c952a2e899e0,1,2,value-loose-chunk,post_correct,2,0.4216691068814056
sub_c952a2e899e0,1,2,value-loose-chunk,post_correct,3,0.5743045387994149
sub_c952a2e899e0,1,2,value-loose-chunk,post_correct,4,0.5768667642752557
sub_c952a2e899e0,1,2,value-loose-chunk,post_correct,5,0.41416544655929816
sub_c952a2e899e0,1,3,value-loose-chunk,post_correct,1,0.3236630548759175
sub_c952a2e899e0,1,3,value-loose-chunk,post_correct,2,0.15117091925900009
sub_c952a2e899e0,1,3,value-loose-chunk,post_correct,3,0.35896539671443495
sub_c952a2e899e0,1,3,value-loose-chunk,post_correct,4,0.6910171268787139
sub_c952a2e899e0,1,3,value-loose-chunk,post_correct,5,0.5870325061167427
sub_c952a2e899e0,1,4,value-loose-chunk,post_correct,1,0.5394426074633916
sub_c952a2e899e0,1,4,value-loose-chunk,post_correct,2,0.2829475673122342
sub_c952a2e899e0,1,4,value-loose-chunk,post_correct,3,0.6490316485592819
sub_c952a2e899e0,1,4,value-loose-chunk,post_correct,4,0.3559282002834194
sub_c952a2e899e0,1,4,value-loose-chunk,post_correct,5,0.5136986301369865
sub_c952a2e899e0,1,5,value-loose-chunk,post_correct,1,0.5098651348651347
sub_c952a2e899e0,1,5,value-loose-chunk,post_correct,2,0.15222277722277716
sub_c952a2e899e0,1,5,value-loose-chunk,post_correct,3,0.3868631368631368
sub_c952a2e899e0,1,5,value-loose-chunk,post_correct,4,0.3266733266733262
sub_c952a2e899e0,1,5,value-loose-chunk,post_correct,5,0.5696803196803194
sub_9e9e293b106f,1,1,value-loose-chunk,first_correct,1,0.46468895284480843
sub_9e9e293b106f,1,1,value-loose-chunk,first_correct,2,0.6008412663272081
sub_9e9e293b106f,1,1,value-loose-chunk,first_correct,3,0.3515607704228472
sub_9e9e293b106f,1,1,value-loose-chunk,first_correct,4,0.3424839495240209
sub_9e9e293b106f,1,1,value-loose-chunk,first_correct,5,0.3940668585344249
sub_9e9e293b106f,1,2,value-loose-chunk,post_correct,1,0.5132263660017345
sub_9e9e293b106f,1,2,value-loose-chunk,post_correct,2,0.3931049436253254
sub_9e9e293b106f,1,2,value-loose-chunk,post_correct,3,0.5496530789245451
sub_9e9e293b106f,1,2,value-loose-chunk,post_correct,4,0.7237640936686902
sub_9e9e293b106f,1,2,value-loose-chunk,post_correct,5,0.7385082393755418
sub_9e9e293b106f,1,3,value-loose-chunk,post_correct,1,0.4194747274529236
sub_9e9e293b106f,1,3,value-loose-chunk,post_correct,2,0.3704162537165511
sub_9e9e293b106f,1,3,value-loose-chunk,post_correct,3,0.33597621407333994
sub_9e9e293b106f,1,3,value-loose-chunk,post_correct,4,0.5703666997026758
sub_9e9e293b106f,1,3,value-loose-chunk,post_correct,5,0.10257680872150594
sub_9e9e293b106f,1,4,value-loose-chunk,post_incorrect,1,0.3069224353628024
sub_9e9e293b106f,1,4,value-loose-chunk,post_incorrect,2,0.308215179316097
sub_9e9e293b106f,1,4,value-loose-chunk,post_incorrect,3,0.3065888240200165
sub_9e9e293b106f,1,4,value-loose-chunk,post_incorrect,4,0.2173894912427014
sub_9e9e293b106f,1,4,value-loose-chunk,post_incorrect,5,0.26868223519599777
sub_9e9e293b106f,1,5,value-loose-chunk,post_correct,1,0.0
sub_9e9e293b106f,1,5,value-loose-chunk,post_correct,2,0.15121453736324852
sub_9e9e293b106f,1,5,value-loose-chunk,post_correct,3,0.4109957352123116
sub_9e9e293b106f,1,5,value-loose-chunk,post_correct,4,0.334136844057111
sub_9e9e293b106f,1,5,value-loose-chunk,post_correct,5,0.3248655664750601
sub_eb09173c30ac,2,1,value-loose-chunk,first_correct,1,0.8610277569392348
sub_eb09173c30ac,2,1,value-loose-chunk,first_correct,2,0.6250937734433609
sub_eb09173c30ac,2,1,value-loose-chunk,first_correct,3,0.9527381845461362
sub_eb09173c30ac,2,1,value-loose-chunk,first_correct,4,0.7366841710427615
sub_eb09173c30ac,2,1,value-loose-chunk,first_correct,5,0.6888597149287325
sub_eb09173c30ac,2,2,operator,post_incorrect,1,0.7153409565144814
sub_eb09173c30ac,2,2,operator,post_incorrect,2,0.7296135547950919
sub_eb09173c30ac,2,2,operator,post_incorrect,3,0.6352975544612317
sub_eb09173c30ac,2,2,operator,post_incorrect,4,0.7719722894583098
sub_eb09173c30ac,2,2,operator,post_incorrect,5,0.6689758784742528
sub_eb09173c30ac,2,3,tautological,post_incorrect,1,0.6896335865119773
sub_eb09173c30ac,2,3,tautological,post_incorrect,2,0.65991987313246
sub_eb09173c30ac,2,3,tautological,post_incorrect,3,0.6857107086219841
sub_eb09173c30ac,2,3,tautological,post_incorrect,4,0.7478090309656955
sub_eb09173c30ac,2,3,tautological,post_incorrect,5,0.7219764627326594
sub_eb09173c30ac,2,4,hybrid,post_correct,1,0.7683246073298429
sub_eb09173c30ac,2,4,hybrid,post_correct,2,0.7532127558305571
sub_eb09173c30ac,2,4,hybrid,post_correct,3,0.7215611613517373
sub_eb09173c30ac,2,4,hybrid,post_correct,4,0.8385292717753455
sub_eb09173c30ac,2,4,hybrid,post_correct,5,0.8268681580199911
sub_eb09173c30ac,2,5,value-tight-chunk,post_correct,1,0.911212346597248
sub_eb09173c30ac,2,5,value-tight-chunk,post_correct,2,0.6670695425808844
sub_eb09173c30ac,2,5,value-tight-chunk,post_correct,3,0.5193380438824844
sub_eb09173c30ac,2,5,value-tight-chunk,post_correct,4,0.6644663443659351
sub_eb09173c30ac,2,5,value-tight-chunk,post_correct,5,0.656191892896987
sub_0b391805540f,2,1,hybrid,pre_incorrect,1,0.5214869826435246
sub_0b391805540f,2,1,hybrid,pre_incorrect,2,0.41905874499332474
sub_0b391805540f,2,1,hybrid,pre_incorrect,3,0.33123331108144194
sub_0b391805540f,2,1,hybrid,pre_incorrect,4,0.33511348464619656
sub_0b391805540f,2,1,hybrid,pre_incorrect,5,0.39294058744993116
sub_0b391805540f,2,2,operator,first_correct,1,0.44375484871993787
sub_0b391805540f,2,2,operator,first_correct,2,0.3541505042668733
sub_0b391805540f,2,2,operator,first_correct,3,0.5971683475562448
sub_0b391805540f,2,2,operator,first_correct,4,0.1671838634600462
sub_0b391805540f,2,2,operator,first_correct,5,0.4156322730799077
sub_0b391805540f,2,3,tautological,post_incorrect,1,0.548940253671562
sub_0b391805540f,2,3,tautological,post_incorrect,2,0.4425066755674242
sub_0b391805540f,2,3,tautological,post_incorrect,3,0.5189002002670238
sub_0b391805540f,2,3,tautological,post_incorrect,4,0.361064753004004
sub_0b391805540f,2,3,tautological,post_incorrect,5,0.47500834445927864
sub_0b391805540f,2,4,value-loose-chunk,post_correct,1,0.6549137284321082
sub_0b391805540f,2,4,value-loose-chunk,post_correct,2,0.22355588897224327
sub_0b391805540f,2,4,value-loose-chunk,post_correct,3,0.5223180795198796
sub_0b391805540f,2,4,value-loose-chunk,post_correct,4,0.6776069017254313
sub_0b391805540f,2,4,value-loose-chunk,post_correct,5,0.2771942985746446
sub_0b391805540f,2,5,value-tight-chunk,post_incorrect,1,0.5405123497997332
sub_0b391805540f,2,5,value-tight-chunk,post_incorrect,2,0.46065587449933215
sub_0b391805540f,2,5,value-tight-chunk,post_incorrect,3,0.4095460614152207
sub_0b391805540f,2,5,value-tight-chunk,post_incorrect,4,0.47813751668891713
sub_0b391805540f,2,5,value-tight-chunk,post_incorrect,5,0.4801819092122825
sub_5816418a5209,2,1,value-tight-chunk,first_correct,1,0.7331687612208259
sub_5816418a5209,2,1,value-tight-chunk,first_correct,2,0.8442549371633756
sub_5816418a5209,2,1,value-tight-chunk,first_correct,3,0.30812387791741414
sub_5816418a5209,2,1,value-tight-chunk,first_correct,4,0.3067773788150814
sub_5816418a5209,2,1,value-tight-chunk,first_correct,5,0.5154847396768403
sub_5816418a5209,2,2,hybrid,post_incorrect,1,0.7517106141522032
sub_5816418a5209,2,2,hybrid,post_incorrect,2,0.7237983978638179
sub_5816418a5209,2,2,hybrid,post_incorrect,3,0.7331441922563416
sub_5816418a5209,2,2,hybrid,post_incorrect,4,0.7031458611481968
sub_5816418a5209,2,2,hybrid,post_incorrect,5,0.670268691588785
sub_5816418a5209,2,3,value-loose-chunk,post_incorrect,1,0.6772806944328519
sub_5816418a5209,2,3,value-loose-chunk,post_incorrect,2,0.4915699858108671
sub_5816418a5209,2,3,value-loose-chunk,post_incorrect,3,0.5158584425340129
sub_5816418a5209,2,3,value-loose-chunk,post_incorrect,4,0.6260746181453967
sub_5816418a5209,2,3,value-loose-chunk,post_incorrect,5,0.6488189633586511
sub_5816418a5209,2,4,operator,post_incorrect,1,0.6499499332443259
sub_5816418a5209,2,4,operator,post_incorrect,2,0.6196595460614146
sub_5816418a5209,2,4,operator,post_incorrect,3,0.5874916555407217
sub_5816418a5209,2,4,operator,post_incorrect,4,0.5094292389853134
sub_5816418a5209,2,4,operator,post_incorrect,5,0.44425901201602297
sub_5816418a5209,2,5,tautological,post_incorrect,1,0.7701935914552734
sub_5816418a5209,2,5,tautological,post_incorrect,2,0.7356058077436584
sub_5816418a5209,2,5,tautological,post_incorrect,3,0.6471962616822419
sub_5816418a5209,2,5,tautological,post_incorrect,4,0.5657126168224303
sub_5816418a5209,2,5,tautological,post_incorrect,5,0.5670060080106805
sub_79d834729395,2,1,operator,pre_incorrect,1,0.21954272363150878
sub_79d834729395,2,1,operator,pre_incorrect,2,0.14210614152202963
sub_79d834729395,2,1,operator,pre_incorrect,3,0.25742656875834485
sub_79d834729395,2,1,operator,pre_incorrect,4,0.20352136181575553
sub_79d834729395,2,1,operator,pre_incorrect,5,0.11181575433911971
sub_79d834729395,2,2,tautological,pre_incorrect,1,0.35927069425901204
sub_79d834729395,2,2,tautological,pre_incorrect,2,0.48343624833110826
sub_79d834729395,2,2,tautological,pre_incorrect,3,0.32943925233644894
sub_79d834729395,2,2,tautological,pre_incorrect,4,0.376251668891857
sub_79d834729395,2,2,tautological,pre_incorrect,5,0.3749165554072092
sub_79d834729395,2,3,value-tight-chunk,pre_incorrect,1,0.26679742926299976
sub_79d834729395,2,3,value-tight-chunk,pre_incorrect,2,0.30243719222101634
sub_79d834729395,2,3,value-tight-chunk,pre_incorrect,3,0.2686754027209744
sub_79d834729395,2,3,value-tight-chunk,pre_incorrect,4,0.327685502044904
sub_79d834729395,2,3,value-tight-chunk,pre_incorrect,5,0.4575995325932746
sub_79d834729395,2,4,value-loose-chunk,first_correct,1,0.0
sub_79d834729395,2,4,value-loose-chunk,first_correct,2,0.5797329143754912
sub_79d834729395,2,4,value-loose-chunk,first_correct,3,0.15318146111547512
sub_79d834729395,2,4,value-loose-chunk,first_correct,4,0.13452474469756523
sub_79d834729395,2,4,value-loose-chunk,first_correct,5,0.10978004713275677
sub_79d834729395,2,5,hybrid,post_incorrect,1,0.41809984972449515
sub_79d834729395,2,5,hybrid,post_incorrect,2,0.13424611788278484
sub_79d834729395,2,5,hybrid,post_incorrect,3,0.19836366672232436
sub_79d834729395,2,5,hybrid,post_incorrect,4,0.18291868425446672
sub_79d834729395,2,5,hybrid,post_incorrect,5,0.12573050592753382
sub_05af81e6e698,2,1,value-tight-chunk,first_correct,1,0.2620341947764649
sub_05af81e6e698,2,1,value-tight-chunk,first_correct,2,0.1039219385042786
sub_05af81e6e698,2,1,value-tight-chunk,first_correct,3,0.0
sub_05af81e6e698,2,1,value-tight-chunk,first_correct,4,0.1584552329669198
sub_05af81e6e698,2,1,value-tight-chunk,first_correct,5,0.2541457307975928
sub_05af81e6e698,2,2,operator,post_correct,1,0.3954831435530654
sub_05af81e6e698,2,2,operator,post_correct,2,0.24287570898637534
sub_05af81e6e698,2,2,operator,post_correct,3,0.10423713496346391
sub_05af81e6e698,2,2,operator,post_correct,4,0.14752080697496264
sub_05af81e6e698,2,2,operator,post_correct,5,0.29323418282596253
sub_05af81e6e698,2,3,hybrid,post_incorrect,1,0.28251117357811584
sub_05af81e6e698,2,3,hybrid,post_incorrect,2,0.23002230569582896
sub_05af81e6e698,2,3,hybrid,post_incorrect,3,0.27678963821654007
sub_05af81e6e698,2,3,hybrid,post_incorrect,4,0.27200510792142224
sub_05af81e6e698,2,3,hybrid,post_incorrect,5,0.1981558413559208
sub_05af81e6e698,2,4,tautological,post_incorrect,1,0.13413795104321244
sub_05af81e6e698,2,4,tautological,post_incorrect,2,0.32674055223521825
sub_05af81e6e698,2,4,tautological,post_incorrect,3,0.22713595331448935
sub_05af81e6e698,2,4,tautological,post_incorrect,4,0.12599782819533004
sub_05af81e6e698,2,4,tautological,post_incorrect,5,0.202259671576714
sub_05af81e6e698,2,5,value-loose-chunk,post_incorrect,1,0.2964910389211873
sub_05af81e6e698,2,5,value-loose-chunk,post_incorrect,2,0.20700465262861006
sub_05af81e6e698,2,5,value-loose-chunk,post_incorrect,3,0.1444719971470516
sub_05af81e6e698,2,5,value-loose-chunk,post_incorrect,4,0.10084842051137456
sub_05af81e6e698,2,5,value-loose-chunk,post_incorrect,5,0.27525979249773963
sub_dedb795332fb,2,1,tautological,pre_incorrect,1,0.20003345040976755
sub_dedb795332fb,2,1,tautological,pre_incorrect,2,0.2834922227797297
sub_dedb795332fb,2,1,tautological,pre_incorrect,3,0.10106205051011881
sub_dedb795332fb,2,1,tautological,pre_incorrect,4,0.025045994313429902
sub_dedb795332fb,2,1,tautological,pre_incorrect,5,0.06271951831409935
sub_dedb795332fb,2,2,hybrid,pre_incorrect,1,0.26040363606037864
sub_dedb795332fb,2,2,hybrid,pre_incorrect,2,0.231882245017096
sub_dedb795332fb,2,2,hybrid,pre_incorrect,3,0.09949128513051497
sub_dedb795332fb,2,2,hybrid,pre_incorrect,4,0.1722958885831048
sub_dedb795332fb,2,2,hybrid,pre_incorrect,5,0.14460845634225802
sub_dedb795332fb,2,3,operator,pre_incorrect,1,0.18672337586523244
sub_dedb795332fb,2,3,operator,pre_incorrect,2,0.35326494871153313
sub_dedb795332fb,2,3,operator,pre_incorrect,3,0.33220748895004615
sub_dedb795332fb,2,3,operator,pre_incorrect,4,0.06258860812275893
sub_dedb795332fb,2,3,operator,pre_incorrect,5,0.17004419981652918
sub_dedb795332fb,2,4,value-tight-chunk,first_correct,1,0.22153289388651928
sub_dedb795332fb,2,4,value-tight-chunk,first_correct,2,0.13273878764378924
sub_dedb795332fb,2,4,value-tight-chunk,first_correct,3,0.15135065270776732
sub_dedb795332fb,2,4,value-tight-chunk,first_correct,4,0.14055835595191915
sub_dedb795332fb,2,4,value-tight-chunk,first_correct,5,0.24020938348196968
sub_dedb795332fb,2,5,value-loose-chunk,post_correct,1,0.4247685185185186
sub_dedb795332fb,2,5,value-loose-chunk,post_correct,2,0.19020061728395057
sub_dedb795332fb,2,5,value-loose-chunk,post_correct,3,0.0
sub_dedb795332fb,2,5,value-loose-chunk,post_correct,4,0.06095679012345727
sub_dedb795332fb,2,5,value-loose-chunk,post_correct,5,0.0675154320987657
sub_acc97ca3a1b4,2,1,value-tight-chunk,first_correct,1,0.3842063106477408
sub_acc97ca3a1b4,2,1,value-tight-chunk,first_correct,2,0.3782974644484423
sub_acc97ca3a1b4,2,1,value-tight-chunk,first_correct,3,0.4006985569284496
sub_acc97ca3a1b4,2,1,value-tight-chunk,first_correct,4,0.4061872185091328
sub_acc97ca3a1b4,2,1,value-tight-chunk,first_correct,5,0.5517549273211916
sub_acc97ca3a1b4,2,2,hybrid,post_incorrect,1,0.318208123110028
sub_acc97ca3a1b4,2,2,hybrid,post_incorrect,2,0.2679990545045527
sub_acc97ca3a1b4,2,2,hybrid,post_incorrect,3,0.21624132956221864
sub_acc97ca3a1b4,2,2,hybrid,post_incorrect,4,0.39930881022439285
sub_acc97ca3a1b4,2,2,hybrid,post_incorrect,5,0.37982834367129337
sub_acc97ca3a1b4,2,3,value-loose-chunk,post_correct,1,0.5054974081289004
sub_acc97ca3a1b4,2,3,value-loose-chunk,post_correct,2,0.2707432231650543
sub_acc97ca3a1b4,2,3,value-loose-chunk,post_correct,3,0.5476276950506812
sub_acc97ca3a1b4,2,3,value-loose-chunk,post_correct,4,0.39875193977614193
sub_acc97ca3a1b4,2,3,value-loose-chunk,post_correct,5,0.5545943804272462
sub_acc97ca3a1b4,2,4,tautological,post_incorrect,1,0.31715643782378106
sub_acc97ca3a1b4,2,4,tautological,post_incorrect,2,0.19900334000238282
sub_acc97ca3a1b4,2,4,tautological,post_incorrect,3,0.3217576711186338
sub_acc97ca3a1b4,2,4,tautological,post_incorrect,4,0.28404399107689404
sub_acc97ca3a1b4,2,4,tautological,post_incorrect,5,0.4890248261185713
sub_acc97ca3a1b4,2,5,operator,post_incorrect,1,0.4928934778783152
sub_acc97ca3a1b4,2,5,operator,post_incorrect,2,0.4080981203422917
sub_acc97ca3a1b4,2,5,operator,post_incorrect,3,0.357552393463555
sub_acc97ca3a1b4,2,5,operator,post_incorrect,4,0.541884077543555
sub_acc97ca3a1b4,2,5,operator,post_incorrect,5,0.5997061628054504
sub_cdce09da305b,2,1,hybrid,first_correct,1,0.5995943204868154
sub_cdce09da305b,2,1,hybrid,first_correct,2,0.4490872210953348
sub_cdce09da305b,2,1,hybrid,first_correct,3,0.5292089249492901
sub_cdce09da305b,2,1,hybrid,first_correct,4,0.5732251521298176
sub_cdce09da305b,2,1,hybrid,first_correct,5,0.6399594320486826
sub_cdce09da305b,2,2,value-tight-chunk,post_correct,1,0.39864062293783803
sub_cdce09da305b,2,2,value-tight-chunk,post_correct,2,0.47881747393427504
sub_cdce09da305b,2,2,value-tight-chunk,post_correct,3,0.6021512471954594
sub_cdce09da305b,2,2,value-tight-chunk,post_correct,4,0.5495578725089092
sub_cdce09da305b,2,2,value-tight-chunk,post_correct,5,0.5462584136201667
sub_cdce09da305b,2,3,value-loose-chunk,post_correct,1,0.6730489578284051
sub_cdce09da305b,2,3,value-loose-chunk,post_correct,2,0.39093553078041704
sub_cdce09da305b,2,3,value-loose-chunk,post_correct,3,0.6492971400872513
sub_cdce09da305b,2,3,value-loose-chunk,post_correct,4,0.6984973339796404
sub_cdce09da305b,2,3,value-loose-chunk,post_correct,5,0.6861366941347552
sub_cdce09da305b,2,4,operator,post_correct,1,0.4995033112582782
sub_cdce09da305b,2,4,operator,post_correct,2,0.33493377483443704
sub_cdce09da305b,2,4,operator,post_correct,3,0.44420529801324443
sub_cdce09da305b,2,4,operator,post_correct,4,0.49950331125827807
sub_cdce09da305b,2,4,operator,post_correct,5,0.681291390728476
sub_cdce09da305b,2,5,tautological,post_incorrect,1,0.47729738753025613
sub_cdce09da305b,2,5,tautological,post_incorrect,2,0.385944411985644
sub_cdce09da305b,2,5,tautological,post_incorrect,3,0.3294800100158586
sub_cdce09da305b,2,5,tautological,post_incorrect,4,0.5118938319005087
sub_cdce09da305b,2,5,tautological,post_incorrect,5,0.36566229863951316
sub_fdb029ec5a9d,2,1,value-loose-chunk,first_correct,1,0.20416066282420758
sub_fdb029ec5a9d,2,1,value-loose-chunk,first_correct,2,0.43425792507204597
sub_fdb029ec5a9d,2,1,value-loose-chunk,first_correct,3,0.23802233429394817
sub_fdb029ec5a9d,2,1,value-loose-chunk,first_correct,4,0.10644812680115293
sub_fdb029ec5a9d,2,1,value-loose-chunk,first_correct,5,0.2899855907780979
sub_fdb029ec5a9d,2,2,operator,post_correct,1,0.5675176868655798
sub_fdb029ec5a9d,2,2,operator,post_correct,2,0.43863426637957587
sub_fdb029ec5a9d,2,2,operator,post_correct,3,0.24992310058443556
sub_fdb029ec5a9d,2,2,operator,post_correct,4,0.3709627806828672
sub_fdb029ec5a9d,2,2,operator,post_correct,5,0.40402952937557657
sub_fdb029ec5a9d,2,3,hybrid,post_correct,1,0.31231003039513666
sub_fdb029ec5a9d,2,3,hybrid,post_correct,2,0.14942785624888238
sub_fdb029ec5a9d,2,3,hybrid,post_correct,3,0.1126408010012517
sub_fdb029ec5a9d,2,3,hybrid,post_correct,4,0.05766136241730636
sub_fdb029ec5a9d,2,3,hybrid,post_correct,5,0.22617557661362428
sub_fdb029ec5a9d,2,4,tautological,post_correct,1,0.6277854195323245
sub_fdb029ec5a9d,2,4,tautological,post_correct,2,0.2693259972489681
sub_fdb029ec5a9d,2,4,tautological,post_correct,3,0.3379642365887208
sub_fdb029ec5a9d,2,4,tautological,post_correct,4,0.13136176066024685
sub_fdb029ec5a9d,2,4,tautological,post_correct,5,0.2896836313617599
sub_fdb029ec5a9d,2,5,value-tight-chunk,post_correct,1,0.41881403290903435
sub_fdb029ec5a9d,2,5,value-tight-chunk,post_correct,2,0.31806892269481546
sub_fdb029ec5a9d,2,5,value-tight-chunk,post_correct,3,0.3134119838559448
sub_fdb029ec5a9d,2,5,value-tight-chunk,post_correct,4,0.3090655076063334
sub_fdb029ec5a9d,2,5,value-tight-chunk,post_correct,5,0.27832971126979134
sub_61d7e217ebbc,2,1,tautological,first_correct,1,0.42088754646840154
sub_61d7e217ebbc,2,1,tautological,first_correct,2,0.10722583643122656
sub_61d7e217ebbc,2,1,tautological,first_correct,3,0.4954693308550186
sub_61d7e217ebbc,2,1,tautological,first_correct,4,0.4546933085501852
sub_61d7e217ebbc,2,1,tautological,first_correct,5,0.7088754646840153
sub_61d7e217ebbc,2,2,hybrid,post_incorrect,1,0.28692423230974634
sub_61d7e217ebbc,2,2,hybrid,post_incorrect,2,0.4035797730307074
sub_61d7e217ebbc,2,2,hybrid,post_incorrect,3,0.31425233644859796
sub_61d7e217ebbc,2,2,hybrid,post_incorrect,4,0.1655540720961289
sub_61d7e217ebbc,2,2,hybrid,post_incorrect,5,0.2663551401869159
sub_61d7e217ebbc,2,3,value-loose-chunk,post_correct,1,0.4102726696258719
sub_61d7e217ebbc,2,3,value-loose-chunk,post_correct,2,0.25745085605580226
sub_61d7e217ebbc,2,3,value-loose-chunk,post_correct,3,0.07260621433100799
sub_61d7e217ebbc,2,3,value-loose-chunk,post_correct,4,0.40678503487634793
sub_61d7e217ebbc,2,3,value-loose-chunk,post_correct,5,0.0
sub_61d7e217ebbc,2,4,value-tight-chunk,post_correct,1,0.25567469711739316
sub_61d7e217ebbc,2,4,value-tight-chunk,post_correct,2,0.4187439075337701
sub_61d7e217ebbc,2,4,value-tight-chunk,post_correct,3,0.16543656872301893
sub_61d7e217ebbc,2,4,value-tight-chunk,post_correct,4,0.3544074641414847
sub_61d7e217ebbc,2,4,value-tight-chunk,post_correct,5,0.224899039131043
sub_61d7e217ebbc,2,5,operator,post_correct,1,0.4890222984562607
sub_61d7e217ebbc,2,5,operator,post_correct,2,0.3049742710120069
sub_61d7e217ebbc,2,5,operator,post_correct,3,0.16209262435677535
sub_61d7e217ebbc,2,5,operator,post_correct,4,0.4768439108061758
sub_61d7e217ebbc,2,5,operator,post_correct,5,0.5108061749571187
sub_43f76795edbe,2,1,value-loose-chunk,first_correct,1,0.4249566223250432
sub_43f76795edbe,2,1,value-loose-chunk,first_correct,2,0.636495083863505
sub_43f76795edbe,2,1,value-loose-chunk,first_correct,3,0.6399652978600345
sub_43f76795edbe,2,1,value-loose-chunk,first_correct,4,0.48235974551763955
sub_43f76795edbe,2,1,value-loose-chunk,first_correct,5,0.557403123192597
sub_43f76795edbe,2,2,operator,post_correct,1,0.6955564656496367
sub_43f76795edbe,2,2,operator,post_correct,2,0.5984437391215313
sub_43f76795edbe,2,2,operator,post_correct,3,0.6762567830449474
sub_43f76795edbe,2,2,operator,post_correct,4,0.5054264359578178
sub_43f76795edbe,2,2,operator,post_correct,5,0.68741681171291
sub_43f76795edbe,2,3,hybrid,post_correct,1,0.6188083273510409
sub_43f76795edbe,2,3,hybrid,post_correct,2,0.5199210337401294
sub_43f76795edbe,2,3,hybrid,post_correct,3,0.5249461593682704
sub_43f76795edbe,2,3,hybrid,post_correct,4,0.6308327351040913
sub_43f76795edbe,2,3,hybrid,post_correct,5,0.5900933237616655
sub_43f76795edbe,2,4,tautological,post_correct,1,0.5466565514251654
sub_43f76795edbe,2,4,tautological,post_correct,2,0.4590332719193669
sub_43f76795edbe,2,4,tautological,post_correct,3,0.5647014197463952
sub_43f76795edbe,2,4,tautological,post_correct,4,0.710686030128969
sub_43f76795edbe,2,4,tautological,post_correct,5,0.5953180882193572
sub_43f76795edbe,2,5,value-tight-chunk,post_incorrect,1,0.5318102226298673
sub_43f76795edbe,2,5,value-tight-chunk,post_incorrect,2,0.520970566163595
sub_43f76795edbe,2,5,value-tight-chunk,post_incorrect,3,0.4299174518469106
sub_43f76795edbe,2,5,value-tight-chunk,post_incorrect,4,0.569915784207455
sub_43f76795edbe,2,5,value-tight-chunk,post_incorrect,5,0.5602017843742187
sub_a9b8cf258182,2,1,value-tight-chunk,pre_incorrect,1,0.5657290710291292
sub_a9b8cf258182,2,1,value-tight-chunk,pre_incorrect,2,0.3292713462983055
sub_a9b8cf258182,2,1,value-tight-chunk,pre_incorrect,3,0.34116517819881437
sub_a9b8cf258182,2,1,value-tight-chunk,pre_incorrect,4,0.5132292796928459
sub_a9b8cf258182,2,1,value-tight-chunk,pre_incorrect,5,0.27489358150404763
sub_a9b8cf258182,2,2,value-loose-chunk,first_correct,1,0.6080418437397843
sub_a9b8cf258182,2,2,value-loose-chunk,first_correct,2,0.6905851585485452
sub_a9b8cf258182,2,2,value-loose-chunk,first_correct,3,0.4344557044785874
sub_a9b8cf258182,2,2,value-loose-chunk,first_correct,4,0.5421706440013082
sub_a9b8cf258182,2,2,value-loose-chunk,first_correct,5,0.0833605753514217
sub_a9b8cf258182,2,3,tautological,post_incorrect,1,0.39971621734412804
sub_a9b8cf258182,2,3,tautological,post_incorrect,2,0.4986645522076615
sub_a9b8cf258182,2,3,tautological,post_incorrect,3,0.3894082296970198
sub_a9b8cf258182,2,3,tautological,post_incorrect,4,0.2600784575578004
sub_a9b8cf258182,2,3,tautological,post_incorrect,5,0.28582756030381334
sub_a9b8cf258182,2,4,hybrid,post_incorrect,1,0.5429429930723646
sub_a9b8cf258182,2,4,hybrid,post_incorrect,2,0.5552958851514899
sub_a9b8cf258182,2,4,hybrid,post_incorrect,3,0.50459060178616
sub_a9b8cf258182,2,4,hybrid,post_incorrect,4,0.31236958517652946
sub_a9b8cf258182,2,4,hybrid,post_incorrect,5,0.3691678490943984
sub_a9b8cf258182,2,5,operator,post_incorrect,1,0.40572573240964854
sub_a9b8cf258182,2,5,operator,post_incorrect,2,0.3083215090560056
sub_a9b8cf258182,2,5,operator,post_incorrect,3,0.35819213755112106
sub_a9b8cf258182,2,5,operator,post_incorrect,4,0.30769551790334776
sub_a9b8cf258182,2,5,operator,post_incorrect,5,0.31508221350471627
sub_01b7819ee556,2,1,value-loose-chunk,first_correct,1,0.608321870701513
sub_01b7819ee556,2,1,value-loose-chunk,first_correct,2,0.4909731774415406
sub_01b7819ee556,2,1,value-loose-chunk,first_correct,3,0.518741403026135
sub_01b7819ee556,2,1,value-loose-chunk,first_correct,4,0.45134112792297176
sub_01b7819ee556,2,1,value-loose-chunk,first_correct,5,0.1648039889958736
sub_01b7819ee556,2,2,operator,post_incorrect,1,0.5673060884070059
sub_01b7819ee556,2,2,operator,post_incorrect,2,0.18965804837364478
sub_01b7819ee556,2,2,operator,post_incorrect,3,0.26013344453711396
sub_01b7819ee556,2,2,operator,post_incorrect,4,0.14153461217681482
sub_01b7819ee556,2,2,operator,post_incorrect,5,0.0697247706422023
sub_01b7819ee556,2,3,tautological,post_incorrect,1,0.4816884958705265
sub_01b7819ee556,2,3,tautological,post_incorrect,2,0.24964544923667273
sub_01b7819ee556,2,3,tautological,post_incorrect,3,0.0700342037206975
sub_01b7819ee556,2,3,tautological,post_incorrect,4,0.06945023775757096
sub_01b7819ee556,2,3,tautological,post_incorrect,5,0.051430716609660046
sub_01b7819ee556,2,4,value-tight-chunk,post_incorrect,1,0.35421706849086526
sub_01b7819ee556,2,4,value-tight-chunk,post_incorrect,2,0.20956035705347478
sub_01b7819ee556,2,4,value-tight-chunk,post_incorrect,3,0.2704596646366895
sub_01b7819ee556,2,4,value-tight-chunk,post_incorrect,4,0.597939434387252
sub_01b7819ee556,2,4,value-tight-chunk,post_incorrect,5,0.30929340118461635
sub_01b7819ee556,2,5,hybrid,post_incorrect,1,0.4073394495412844
sub_01b7819ee556,2,5,hybrid,post_incorrect,2,0.0
sub_01b7819ee556,2,5,hybrid,post_incorrect,3,0.21968306922435335
sub_01b7819ee556,2,5,hybrid,post_incorrect,4,0.0
sub_01b7819ee556,2,5,hybrid,post_incorrect,5,0.0
sub_9b26cf0dfff5,2,1,value-loose-chunk,first_correct,1,0.6253671842215693
sub_9b26cf0dfff5,2,1,value-loose-chunk,first_correct,2,0.37379353755770006
sub_9b26cf0dfff5,2,1,value-loose-chunk,first_correct,3,0.3318296265211918
sub_9b26cf0dfff5,2,1,value-loose-chunk,first_correct,4,0.662085606378516
sub_9b26cf0dfff5,2,1,value-loose-chunk,first_correct,5,0.42194712547209456
sub_9b26cf0dfff5,2,2,hybrid,post_incorrect,1,0.3863920620361877
sub_9b26cf0dfff5,2,2,hybrid,post_incorrect,2,0.17885433169348813
sub_9b26cf0dfff5,2,2,hybrid,post_incorrect,3,0.4114483448678398
sub_9b26cf0dfff5,2,2,hybrid,post_incorrect,4,0.22242141249062045
sub_9b26cf0dfff5,2,2,hybrid,post_incorrect,5,0.14074877011590115
sub_9b26cf0dfff5,2,3,tautological,post_incorrect,1,0.4614775285583256
sub_9b26cf0dfff5,2,3,tautological,post_incorrect,2,0.4798215625781706
sub_9b26cf0dfff5,2,3,tautological,post_incorrect,3,0.4269990827982992
sub_9b26cf0dfff5,2,3,tautological,post_incorrect,4,0.33794713582923347
sub_9b26cf0dfff5,2,3,tautological,post_incorrect,5,0.1936129408821809
sub_9b26cf0dfff5,2,4,operator,post_correct,1,0.4687583444592791
sub_9b26cf0dfff5,2,4,operator,post_correct,2,0.396395193591455
sub_9b26cf0dfff5,2,4,operator,post_correct,3,0.1427236315086786
sub_9b26cf0dfff5,2,4,operator,post_correct,4,0.47970627503337737
sub_9b26cf0dfff5,2,4,operator,post_correct,5,0.4150867823764994
sub_9b26cf0dfff5,2,5,value-tight-chunk,post_incorrect,1,0.34903693821395776
sub_9b26cf0dfff5,2,5,value-tight-chunk,post_incorrect,2,0.3001334111565079
sub_9b26cf0dfff5,2,5,value-tight-chunk,post_incorrect,3,0.3124739431334944
sub_9b26cf0dfff5,2,5,value-tight-chunk,post_incorrect,4,0.3020095055449012
sub_9b26cf0dfff5,2,5,value-tight-chunk,post_incorrect,5,0.19744851163178598
sub_0fde8a24c9b1,2,1,tautological,pre_incorrect,1,0.16618002836406107
sub_0fde8a24c9b1,2,1,tautological,pre_incorrect,2,0.2126887461416533
sub_0fde8a24c9b1,2,1,tautological,pre_incorrect,3,0.23045799616250873
sub_0fde8a24c9b1,2,1,tautological,pre_incorrect,4,0.27629932426795734
sub_0fde8a24c9b1,2,1,tautological,pre_incorrect,5,0.2442646200050046
sub_0fde8a24c9b1,2,2,value-tight-chunk,pre_incorrect,1,0.21965462584466505
sub_0fde8a24c9b1,2,2,value-tight-chunk,pre_incorrect,2,0.20017518978893814
sub_0fde8a24c9b1,2,2,value-tight-chunk,pre_incorrect,3,0.3088762826395256
sub_0fde8a24c9b1,2,2,value-tight-chunk,pre_incorrect,4,0.2572370067573187
sub_0fde8a24c9b1,2,2,value-tight-chunk,pre_incorrect,5,0.269750563110037
sub_0fde8a24c9b1,2,3,operator,pre_incorrect,1,0.5007091015266538
sub_0fde8a24c9b1,2,3,operator,pre_incorrect,2,0.24693417869358478
sub_0fde8a24c9b1,2,3,operator,pre_incorrect,3,0.1534996245933094
sub_0fde8a24c9b1,2,3,operator,pre_incorrect,4,0.12788854592475132
sub_0fde8a24c9b1,2,3,operator,pre_incorrect,5,0.4898223074997906
sub_0fde8a24c9b1,2,4,value-loose-chunk,first_correct,1,0.5461814621409921
sub_0fde8a24c9b1,2,4,value-loose-chunk,first_correct,2,0.29169386422976495
sub_0fde8a24c9b1,2,4,value-loose-chunk,first_correct,3,0.3496246736292428
sub_0fde8a24c9b1,2,4,value-loose-chunk,first_correct,4,0.24200391644908625
sub_0fde8a24c9b1,2,4,value-loose-chunk,first_correct,5,0.16269582245430808
sub_0fde8a24c9b1,2,5,hybrid,post_incorrect,1,0.27855176441144563
sub_0fde8a24c9b1,2,5,hybrid,post_incorrect,2,0.26424459831484154
sub_0fde8a24c9b1,2,5,hybrid,post_incorrect,3,0.276174188704429
sub_0fde8a24c9b1,2,5,hybrid,post_incorrect,4,0.08805372486860784
sub_0fde8a24c9b1,2,5,hybrid,post_incorrect,5,0.14019354300492157
sub_d99ccdfef616,2,1,value-loose-chunk,first_correct,1,0.48358710994984533
sub_d99ccdfef616,2,1,value-loose-chunk,first_correct,2,0.5297173919572337
sub_d99ccdfef616,2,1,value-loose-chunk,first_correct,3,0.38519986785596316
sub_d99ccdfef616,2,1,value-loose-chunk,first_correct,4,0.594858395651259
sub_d99ccdfef616,2,1,value-loose-chunk,first_correct,5,0.4951497131873742
sub_d99ccdfef616,2,2,tautological,post_incorrect,1,0.501042636840934
sub_d99ccdfef616,2,2,tautological,post_incorrect,2,0.3289374994848635
sub_d99ccdfef616,2,2,tautological,post_incorrect,3,0.1759789659350349
sub_d99ccdfef616,2,2,tautological,post_incorrect,4,0.2635027652542294
sub_d99ccdfef616,2,2,tautological,post_incorrect,5,0.2711680005274994
sub_d99ccdfef616,2,3,hybrid,post_incorrect,1,0.38469842682554983
sub_d99ccdfef616,2,3,hybrid,post_incorrect,2,0.1840012526061629
sub_d99ccdfef616,2,3,hybrid,post_incorrect,3,0.3643270950250106
sub_d99ccdfef616,2,3,hybrid,post_incorrect,4,0.3758642570479687
sub_d99ccdfef616,2,3,hybrid,post_incorrect,5,0.3319406330605624
sub_d99ccdfef616,2,4,operator,post_correct,1,0.4777638946735157
sub_d99ccdfef616,2,4,operator,post_correct,2,0.31696669597544236
sub_d99ccdfef616,2,4,operator,post_correct,3,0.4570009409659548
sub_d99ccdfef616,2,4,operator,post_correct,4,0.29422925632838215
sub_d99ccdfef616,2,4,operator,post_correct,5,0.11414996837737285
sub_d99ccdfef616,2,5,value-tight-chunk,post_correct,1,0.5731044402518073
sub_d99ccdfef616,2,5,value-tight-chunk,post_correct,2,0.13442175854146038
sub_d99ccdfef616,2,5,value-tight-chunk,post_correct,3,0.326975884034147
sub_d99ccdfef616,2,5,value-tight-chunk,post_correct,4,0.039265499785179306
sub_d99ccdfef616,2,5,value-tight-chunk,post_correct,5,0.24653951768068308
sub_b153474cd583,2,1,tautological,pre_incorrect,1,0.35148225469728595
sub_b153474cd583,2,1,tautological,pre_incorrect,2,0.2988308977035492
sub_b153474cd583,2,1,tautological,pre_incorrect,3,0.27787056367432067
sub_b153474cd583,2,1,tautological,pre_incorrect,4,0.32442588726513555
sub_b153474cd583,2,1,tautological,pre_incorrect,5,0.39870563674321413
sub_b153474cd583,2,2,hybrid,pre_incorrect,1,0.4833402922755739
sub_b153474cd583,2,2,hybrid,pre_incorrect,2,0.3673486430062625
sub_b153474cd583,2,2,hybrid,pre_incorrect,3,0.5016283924843419
sub_b153474cd583,2,2,hybrid,pre_incorrect,4,0.3326096033402926
sub_b153474cd583,2,2,hybrid,pre_incorrect,5,0.5358246346555323
sub_b153474cd583,2,3,operator,pre_incorrect,1,0.5433820459290188
sub_b153474cd583,2,3,operator,pre_incorrect,2,0.41924843423799657
sub_b153474cd583,2,3,operator,pre_incorrect,3,0.41607515657620237
sub_b153474cd583,2,3,operator,pre_incorrect,4,0.34396659707724603
sub_b153474cd583,2,3,operator,pre_incorrect,5,0.29999999999999893
sub_b153474cd583,2,4,value-tight-chunk,first_correct,1,0.4791788856304985
sub_b153474cd583,2,4,value-tight-chunk,first_correct,2,0.4737536656891494
sub_b153474cd583,2,4,value-tight-chunk,first_correct,3,0.5013196480938409
sub_b153474cd583,2,4,value-tight-chunk,first_correct,4,0.2712609970674489
sub_b153474cd583,2,4,value-tight-chunk,first_correct,5,0.4888563049853382
sub_b153474cd583,2,5,value-loose-chunk,post_correct,1,0.7032593123209169
sub_b153474cd583,2,5,value-loose-chunk,post_correct,2,0.4720630372492838
sub_b153474cd583,2,5,value-loose-chunk,post_correct,3,0.6891117478510039
sub_b153474cd583,2,5,value-loose-chunk,post_correct,4,0.30766475644699137
sub_b153474cd583,2,5,value-loose-chunk,post_correct,5,0.4507521489971339
sub_08077de52922,2,1,value-loose-chunk,first_correct,1,0.6171838814265864
sub_08077de52922,2,1,value-loose-chunk,first_correct,2,0.35108846688281614
sub_08077de52922,2,1,value-loose-chunk,first_correct,3,0.20333487725798943
sub_08077de52922,2,1,value-loose-chunk,first_correct,4,0.20333487725798985
sub_08077de52922,2,1,value-loose-chunk,first_correct,5,0.12505789717461768
sub_08077de52922,2,2,value-tight-chunk,post_incorrect,1,0.27764764932240255
sub_08077de52922,2,2,value-tight-chunk,post_incorrect,2,0.13819641960849932
sub_08077de52922,2,2,value-tight-chunk,post_incorrect,3,0.10799732307177487
sub_08077de52922,2,2,value-tight-chunk,post_incorrect,4,0.14898778651497335
sub_08077de52922,2,2,value-tight-chunk,post_incorrect,5,0.317048686632089
sub_08077de52922,2,3,operator,post_incorrect,1,0.22226859193723397
sub_08077de52922,2,3,operator,post_incorrect,2,0.1318754694933645
sub_08077de52922,2,3,operator,post_incorrect,3,0.1901343794341036
sub_08077de52922,2,3,operator,post_incorrect,4,0.11918871546615392
sub_08077de52922,2,3,operator,post_incorrect,5,0.10524997913362788
sub_08077de52922,2,4,hybrid,post_correct,1,0.40904088715821546
sub_08077de52922,2,4,hybrid,post_correct,2,0.2526877169220352
sub_08077de52922,2,4,hybrid,post_correct,3,0.26123761957165825
sub_08077de52922,2,4,hybrid,post_correct,4,0.1050960805891804
sub_08077de52922,2,4,hybrid,post_correct,5,0.3719207652586137
sub_08077de52922,2,5,tautological,post_incorrect,1,0.15253598928690984
sub_08077de52922,2,5,tautological,post_incorrect,2,0.10650318044861086
sub_08077de52922,2,5,tautological,post_incorrect,3,0.20254435888851705
sub_08077de52922,2,5,tautological,post_incorrect,4,0.2645212587880822
sub_08077de52922,2,5,tautological,post_incorrect,5,0.09432541011047954
sub_da15d261510f,2,1,tautological,pre_incorrect,1,0.26777369826435243
sub_da15d261510f,2,1,tautological,pre_incorrect,2,0.38180073431241746
sub_da15d261510f,2,1,tautological,pre_incorrect,3,0.3364485981308411
sub_da15d261510f,2,1,tautological,pre_incorrect,4,0.44755507343124123
sub_da15d261510f,2,1,tautological,pre_incorrect,5,0.46057242990654274
sub_da15d261510f,2,2,value-loose-chunk,first_correct,1,0.5567041839980426
sub_da15d261510f,2,2,value-loose-chunk,first_correct,2,0.3910570100318085
sub_da15d261510f,2,2,value-loose-chunk,first_correct,3,0.31636897479814113
sub_da15d261510f,2,2,value-loose-chunk,first_correct,4,0.22730609248837785
sub_da15d261510f,2,2,value-loose-chunk,first_correct,5,0.5708343528260335
sub_da15d261510f,2,3,value-tight-chunk,post_incorrect,1,0.5692590120160215
sub_da15d261510f,2,3,value-tight-chunk,post_incorrect,2,0.46182409879839753
sub_da15d261510f,2,3,value-tight-chunk,post_incorrect,3,0.3789636181575439
sub_da15d261510f,2,3,value-tight-chunk,post_incorrect,4,0.4165136849132166
sub_da15d261510f,2,3,value-tight-chunk,post_incorrect,5,0.6029289052069423
sub_da15d261510f,2,4,hybrid,post_correct,1,0.5978848991637973
sub_da15d261510f,2,4,hybrid,post_correct,2,0.42793900639449095
sub_da15d261510f,2,4,hybrid,post_correct,3,0.459911460895229
sub_da15d261510f,2,4,hybrid,post_correct,4,0.3194786030496802
sub_da15d261510f,2,4,hybrid,post_correct,5,0.3334972946384657
sub_da15d261510f,2,5,operator,post_correct,1,0.3517203012666895
sub_da15d261510f,2,5,operator,post_correct,2,0.5207976720301268
sub_da15d261510f,2,5,operator,post_correct,3,0.5064190345772
sub_da15d261510f,2,5,operator,post_correct,4,0.8372988702499145
sub_da15d261510f,2,5,operator,post_correct,5,0.7306145155768569
sub_d482ed5a6935,2,1,tautological,pre_incorrect,1,0.6454386111342959
sub_d482ed5a6935,2,1,tautological,pre_incorrect,2,0.5630164427009429
sub_d482ed5a6935,2,1,tautological,pre_incorrect,3,0.5169434938652862
sub_d482ed5a6935,2,1,tautological,pre_incorrect,4,0.663091561639262
sub_d482ed5a6935,2,1,tautological,pre_incorrect,5,0.7090393122443873
sub_d482ed5a6935,2,2,operator,pre_incorrect,1,0.6512811952257741
sub_d482ed5a6935,2,2,operator,pre_incorrect,2,0.6470244553876973
sub_d482ed5a6935,2,2,operator,pre_incorrect,3,0.59573491361322
sub_d482ed5a6935,2,2,operator,pre_incorrect,4,0.5887238127034476
sub_d482ed5a6935,2,2,operator,pre_incorrect,5,0.7008596945163198
sub_d482ed5a6935,2,3,value-tight-chunk,pre_incorrect,1,0.6648026041231953
sub_d482ed5a6935,2,3,value-tight-chunk,pre_incorrect,2,0.6734412820298808
sub_d482ed5a6935,2,3,value-tight-chunk,pre_incorrect,3,0.5496202320340546
sub_d482ed5a6935,2,3,value-tight-chunk,pre_incorrect,4,0.6804941156831643
sub_d482ed5a6935,2,3,value-tight-chunk,pre_incorrect,5,0.6695184041398884
sub_d482ed5a6935,2,4,hybrid,first_correct,1,0.7248974303606133
sub_d482ed5a6935,2,4,hybrid,first_correct,2,0.5662923774562728
sub_d482ed5a6935,2,4,hybrid,first_correct,3,0.6533146188728131
sub_d482ed5a6935,2,4,hybrid,first_correct,4,0.7833081407903244
sub_d482ed5a6935,2,4,hybrid,first_correct,5,0.37907579356510657
sub_d482ed5a6935,2,5,value-loose-chunk,post_correct,1,0.7151677852348993
sub_d482ed5a6935,2,5,value-loose-chunk,post_correct,2,0.5138255033557043
sub_d482ed5a6935,2,5,value-loose-chunk,post_correct,3,0.38885906040268553
sub_d482ed5a6935,2,5,value-loose-chunk,post_correct,4,0.6971812080536911
sub_d482ed5a6935,2,5,value-loose-chunk,post_correct,5,0.5575838926174501
sub_112df383350c,2,1,hybrid,first_correct,1,0.6597187655550026
sub_112df383350c,2,1,hybrid,first_correct,2,0.49838227974116467
sub_112df383350c,2,1,hybrid,first_correct,3,0.4800895968143356
sub_112df383350c,2,1,hybrid,first_correct,4,0.6846067695370832
sub_112df383350c,2,1,hybrid,first_correct,5,0.5107018417122946
sub_112df383350c,2,2,value-tight-chunk,post_incorrect,1,0.5586738949124268
sub_112df383350c,2,2,value-tight-chunk,post_incorrect,2,0.5087572977481237
sub_112df383350c,2,2,value-tight-chunk,post_incorrect,3,0.4446622185154288
sub_112df383350c,2,2,value-tight-chunk,post_incorrect,4,0.5301084236864043
sub_112df383350c,2,2,value-tight-chunk,post_incorrect,5,0.46638865721434875
sub_112df383350c,2,3,tautological,post_incorrect,1,0.5621351125938282
sub_112df383350c,2,3,tautological,post_incorrect,2,0.5347372810675568
sub_112df383350c,2,3,tautological,post_incorrect,3,0.4710175145954954
sub_112df383350c,2,3,tautological,post_incorrect,4,0.5423269391159309
sub_112df383350c,2,3,tautological,post_incorrect,5,0.5538365304420364
sub_112df383350c,2,4,operator,post_incorrect,1,0.6130108423686405
sub_112df383350c,2,4,operator,post_incorrect,2,0.5453711426188489
sub_112df383350c,2,4,operator,post_incorrect,3,0.5161384487072559
sub_112df383350c,2,4,operator,post_incorrect,4,0.4596747289407856
sub_112df383350c,2,4,operator,post_incorrect,5,0.30417014178482116
sub_112df383350c,2,5,value-loose-chunk,post_correct,1,0.5527618293407246
sub_112df383350c,2,5,value-loose-chunk,post_correct,2,0.28202336171055276
sub_112df383350c,2,5,value-loose-chunk,post_correct,3,0.2722233221144328
sub_112df383350c,2,5,value-loose-chunk,post_correct,4,0.28034052662839015
sub_112df383350c,2,5,value-loose-chunk,post_correct,5,0.6592753910116798
sub_a369f765e294,2,1,value-loose-chunk,first_correct,1,0.8262279888785913
sub_a369f765e294,2,1,value-loose-chunk,first_correct,2,0.6165761948894483
sub_a369f765e294,2,1,value-loose-chunk,first_correct,3,0.7544022242817422
sub_a369f765e294,2,1,value-loose-chunk,first_correct,4,0.5078114656427909
sub_a369f765e294,2,1,value-loose-chunk,first_correct,5,0.704753078247057
sub_a369f765e294,2,2,value-tight-chunk,post_incorrect,1,0.7065253671562083
sub_a369f765e294,2,2,value-tight-chunk,post_incorrect,2,0.4700851134846459
sub_a369f765e294,2,2,value-tight-chunk,post_incorrect,3,0.4994576101468629
sub_a369f765e294,2,2,value-tight-chunk,post_incorrect,4,0.2872997329773035
sub_a369f765e294,2,2,value-tight-chunk,post_incorrect,5,0.5219876502002686
sub_a369f765e294,2,3,operator,post_incorrect,1,0.7396111481975968
sub_a369f765e294,2,3,operator,post_incorrect,2,0.47751168224299095
sub_a369f765e294,2,3,operator,post_incorrect,3,0.5077603471295061
sub_a369f765e294,2,3,operator,post_incorrect,4,0.4501835781041391
sub_a369f765e294,2,3,operator,post_incorrect,5,0.6121912550066756
sub_a369f765e294,2,4,tautological,post_incorrect,1,0.5933327770360483
sub_a369f765e294,2,4,tautological,post_incorrect,2,0.6020110146862481
sub_a369f765e294,2,4,tautological,post_incorrect,3,0.677236315086783
sub_a369f765e294,2,4,tautological,post_incorrect,4,0.41325934579439316
sub_a369f765e294,2,4,tautological,post_incorrect,5,0.6119826435246999
sub_a369f765e294,2,5,hybrid,post_correct,1,0.7646341463414633
sub_a369f765e294,2,5,hybrid,post_correct,2,0.41951219512195115
sub_a369f765e294,2,5,hybrid,post_correct,3,0.6310654685494232
sub_a369f765e294,2,5,hybrid,post_correct,4,0.5322849807445447
sub_a369f765e294,2,5,hybrid,post_correct,5,0.5483311938382559
sub_f310d2864479,2,1,hybrid,pre_incorrect,1,0.642654542420956
sub_f310d2864479,2,1,hybrid,pre_incorrect,2,0.5331192124801866
sub_f310d2864479,2,1,hybrid,pre_incorrect,3,0.4802702928172188
sub_f310d2864479,2,1,hybrid,pre_incorrect,4,0.43121715191457505
sub_f310d2864479,2,1,hybrid,pre_incorrect,5,0.5297822641194643
sub_f310d2864479,2,2,value-loose-chunk,first_correct,1,0.6605990783410138
sub_f310d2864479,2,2,value-loose-chunk,first_correct,2,0.4649769585253456
sub_f310d2864479,2,2,value-loose-chunk,first_correct,3,0.4415898617511515
sub_f310d2864479,2,2,value-loose-chunk,first_correct,4,0.572350230414747
sub_f310d2864479,2,2,value-loose-chunk,first_correct,5,0.6895161290322589
sub_f310d2864479,2,3,tautological,post_incorrect,1,0.5515141403186786
sub_f310d2864479,2,3,tautological,post_incorrect,2,0.4727621590055885
sub_f310d2864479,2,3,tautological,post_incorrect,3,0.5404187870192707
sub_f310d2864479,2,3,tautological,post_incorrect,4,0.4946191707683325
sub_f310d2864479,2,3,tautological,post_incorrect,5,0.49958288145490964
sub_f310d2864479,2,4,operator,post_incorrect,1,0.406106615500125
sub_f310d2864479,2,4,operator,post_incorrect,2,0.6015266538750308
sub_f310d2864479,2,4,operator,post_incorrect,3,0.5569366814048536
sub_f310d2864479,2,4,operator,post_incorrect,4,0.47242846416951667
sub_f310d2864479,2,4,operator,post_incorrect,5,0.6457829315091337
sub_f310d2864479,2,5,value-tight-chunk,post_incorrect,1,0.4190790022524401
sub_f310d2864479,2,5,value-tight-chunk,post_incorrect,2,0.5118044548260618
sub_f310d2864479,2,5,value-tight-chunk,post_incorrect,3,0.5832151497455577
sub_f310d2864479,2,5,value-tight-chunk,post_incorrect,4,0.38833736547927106
sub_f310d2864479,2,5,value-tight-chunk,post_incorrect,5,0.6703095019604557
sub_188439c95744,2,1,hybrid,first_correct,1,0.3825853176780425
sub_188439c95744,2,1,hybrid,first_correct,2,0.15038955338527377
sub_188439c95744,2,1,hybrid,first_correct,3,0.08131241084165475
sub_188439c95744,2,1,hybrid,first_correct,4,0.24920443322725747
sub_188439c95744,2,1,hybrid,first_correct,5,0.35240864698781893
sub_188439c95744,2,2,operator,post_correct,1,0.22079017104312212
sub_188439c95744,2,2,operator,post_correct,2,0.44218260660081943
sub_188439c95744,2,2,operator,post_correct,3,0.12093471452662026
sub_188439c95744,2,2,operator,post_correct,4,0.23355817875210708
sub_188439c95744,2,2,operator,post_correct,5,0.6117802939050815
sub_188439c95744,2,3,tautological,post_incorrect,1,0.35022118354060594
sub_188439c95744,2,3,tautological,post_incorrect,2,0.02662549035973632
sub_188439c95744,2,3,tautological,post_incorrect,3,0.05249979133628226
sub_188439c95744,2,3,tautological,post_incorrect,4,0.157082046573741
sub_188439c95744,2,3,tautological,post_incorrect,5,0.3716718137050332
sub_188439c95744,2,4,value-tight-chunk,post_correct,1,0.41016269747701006
sub_188439c95744,2,4,value-tight-chunk,post_correct,2,0.17896722471115292
sub_188439c95744,2,4,value-tight-chunk,post_correct,3,0.01638764442348537
sub_188439c95744,2,4,value-tight-chunk,post_correct,4,0.23591134166470062
sub_188439c95744,2,4,value-tight-chunk,post_correct,5,0.6487856637585476
sub_188439c95744,2,5,value-loose-chunk,post_correct,1,0.27283326855810336
sub_188439c95744,2,5,value-loose-chunk,post_correct,2,0.1542945977458221
sub_188439c95744,2,5,value-loose-chunk,post_correct,3,0.0
sub_188439c95744,2,5,value-loose-chunk,post_correct,4,0.4928099494753202
sub_188439c95744,2,5,value-loose-chunk,post_correct,5,0.15837543723280242
sub_724dd2d1a515,2,1,value-loose-chunk,first_correct,1,0.8307840927386896
sub_724dd2d1a515,2,1,value-loose-chunk,first_correct,2,0.5998343951974607
sub_724dd2d1a515,2,1,value-loose-chunk,first_correct,3,0.6490098212848173
sub_724dd2d1a515,2,1,value-loose-chunk,first_correct,4,0.3814430618487941
sub_724dd2d1a515,2,1,value-loose-chunk,first_correct,5,0.3417899119074455
sub_724dd2d1a515,2,2,value-tight-chunk,post_incorrect,1,0.7945205479452054
sub_724dd2d1a515,2,2,value-tight-chunk,post_incorrect,2,0.5697193390968314
sub_724dd2d1a515,2,2,value-tight-chunk,post_incorrect,3,0.5958119679291853
sub_724dd2d1a515,2,2,value-tight-chunk,post_incorrect,4,0.44371506188742066
sub_724dd2d1a515,2,2,value-tight-chunk,post_incorrect,5,0.37006118556317996
sub_724dd2d1a515,2,3,hybrid,post_incorrect,1,0.4853399231826003
sub_724dd2d1a515,2,3,hybrid,post_incorrect,2,0.555696740417421
sub_724dd2d1a515,2,3,hybrid,post_incorrect,3,0.4681653348075236
sub_724dd2d1a515,2,3,hybrid,post_incorrect,4,0.5199902637452398
sub_724dd2d1a515,2,3,hybrid,post_incorrect,5,0.41015210835296284
sub_724dd2d1a515,2,4,operator,post_incorrect,1,0.5262062643996134
sub_724dd2d1a515,2,4,operator,post_incorrect,2,0.36546735261814944
sub_724dd2d1a515,2,4,operator,post_incorrect,3,0.45060571277570854
sub_724dd2d1a515,2,4,operator,post_incorrect,4,0.41457674426286384
sub_724dd2d1a515,2,4,operator,post_incorrect,5,0.44724477072099317
sub_724dd2d1a515,2,5,tautological,post_incorrect,1,0.4720434283259105
sub_724dd2d1a515,2,5,tautological,post_incorrect,2,0.5259157047600945
sub_724dd2d1a515,2,5,tautological,post_incorrect,3,0.3075346823436088
sub_724dd2d1a515,2,5,tautological,post_incorrect,4,0.4078428780354791
sub_724dd2d1a515,2,5,tautological,post_incorrect,5,0.28869591082981483
sub_c0359a5fa512,2,1,value-tight-chunk,first_correct,1,0.5502013808975834
sub_c0359a5fa512,2,1,value-tight-chunk,first_correct,2,0.44145569620253167
sub_c0359a5fa512,2,1,value-tight-chunk,first_correct,3,0.31214039125431553
sub_c0359a5fa512,2,1,value-tight-chunk,first_correct,4,0.5789700805523593
sub_c0359a5fa512,2,1,value-tight-chunk,first_correct,5,0.5676064441887234
sub_c0359a5fa512,2,2,hybrid,post_correct,1,0.44140423335054196
sub_c0359a5fa512,2,2,hybrid,post_correct,2,0.4163655136809498
sub_c0359a5fa512,2,2,hybrid,post_correct,3,0.3368611254517294
sub_c0359a5fa512,2,2,hybrid,post_correct,4,0.35280072276716606
sub_c0359a5fa512,2,2,hybrid,post_correct,5,0.42430304594734186
sub_c0359a5fa512,2,3,value-loose-chunk,post_correct,1,0.6303939962476548
sub_c0359a5fa512,2,3,value-loose-chunk,post_correct,2,0.27941570624497464
sub_c0359a5fa512,2,3,value-loose-chunk,post_correct,3,0.4710533369069962
sub_c0359a5fa512,2,3,value-loose-chunk,post_correct,4,0.5880461002412224
sub_c0359a5fa512,2,3,value-loose-chunk,post_correct,5,0.49209327258107705
sub_c0359a5fa512,2,4,tautological,post_incorrect,1,0.5300175102142919
sub_c0359a5fa512,2,4,tautological,post_incorrect,2,0.3639206203618779
sub_c0359a5fa512,2,4,tautological,post_incorrect,3,0.45630784624364185
sub_c0359a5fa512,2,4,tautological,post_incorrect,4,0.45343116818143875
sub_c0359a5fa512,2,4,tautological,post_incorrect,5,0.34916201117318435
sub_c0359a5fa512,2,5,operator,post_incorrect,1,0.3751459549624689
sub_c0359a5fa512,2,5,operator,post_incorrect,2,0.3604670558799003
sub_c0359a5fa512,2,5,operator,post_incorrect,3,0.30366972477064147
sub_c0359a5fa512,2,5,operator,post_incorrect,4,0.3126355296080073
sub_c0359a5fa512,2,5,operator,post_incorrect,5,0.34524603836530426
sub_cbe375515140,2,1,tautological,pre_incorrect,1,0.35321100917431175
sub_cbe375515140,2,1,tautological,pre_incorrect,2,0.1888240200166805
sub_cbe375515140,2,1,tautological,pre_incorrect,3,0.2791492910758967
sub_cbe375515140,2,1,tautological,pre_incorrect,4,0.15179316096747292
sub_cbe375515140,2,1,tautological,pre_incorrect,5,0.12435362802335218
sub_cbe375515140,2,2,value-loose-chunk,pre_incorrect,1,0.3181818181818181
sub_cbe375515140,2,2,value-loose-chunk,pre_incorrect,2,0.16964136780650532
sub_cbe375515140,2,2,value-loose-chunk,pre_incorrect,3,0.31196830692243693
sub_cbe375515140,2,2,value-loose-chunk,pre_incorrect,4,0.09261884904086813
sub_cbe375515140,2,2,value-loose-chunk,pre_incorrect,5,0.03978315262718905
sub_cbe375515140,2,3,value-tight-chunk,pre_incorrect,1,0.32452043369474565
sub_cbe375515140,2,3,value-tight-chunk,pre_incorrect,2,0.1974145120934108
sub_cbe375515140,2,3,value-tight-chunk,pre_incorrect,3,0.08048373644703918
sub_cbe375515140,2,3,value-tight-chunk,pre_incorrect,4,0.01918265221017548
sub_cbe375515140,2,3,value-tight-chunk,pre_incorrect,5,0.3860717264386993
sub_cbe375515140,2,4,operator,first_correct,1,0.37764660592839716
sub_cbe375515140,2,4,operator,first_correct,2,0.27717182086487874
sub_cbe375515140,2,4,operator,first_correct,3,0.22738354933915075
sub_cbe375515140,2,4,operator,first_correct,4,0.49762607468240677
sub_cbe375515140,2,4,operator,first_correct,5,0.12986013088669324
sub_cbe375515140,2,5,hybrid,post_correct,1,0.5291163295778473
sub_cbe375515140,2,5,hybrid,post_correct,2,0.1988597801004478
sub_cbe375515140,2,5,hybrid,post_correct,3,0.18487851228451227
sub_cbe375515140,2,5,hybrid,post_correct,4,0.21806705578933136
sub_cbe375515140,2,5,hybrid,post_correct,5,0.2440613546898357
sub_879938aeb461,2,1,hybrid,first_correct,1,0.454654197477164
sub_879938aeb461,2,1,hybrid,first_correct,2,0.3024140930839496
sub_879938aeb461,2,1,hybrid,first_correct,3,0.0
sub_879938aeb461,2,1,hybrid,first_correct,4,0.5048934319269237
sub_879938aeb461,2,1,hybrid,first_correct,5,0.40550239234449675
sub_879938aeb461,2,2,value-loose-chunk,post_correct,1,0.574214086748906
sub_879938aeb461,2,2,value-loose-chunk,post_correct,2,0.28849980103461986
sub_879938aeb461,2,2,value-loose-chunk,post_correct,3,0.5035813768404296
sub_879938aeb461,2,2,value-loose-chunk,post_correct,4,0.6329088738559479
sub_879938aeb461,2,2,value-loose-chunk,post_correct,5,0.6177875049741346
sub_879938aeb461,2,3,value-tight-chunk,post_correct,1,0.45894428152492667
sub_879938aeb461,2,3,value-tight-chunk,post_correct,2,0.36480938416422304
sub_879938aeb461,2,3,value-tight-chunk,post_correct,3,0.33416422287390024
sub_879938aeb461,2,3,value-tight-chunk,post_correct,4,0.585043988269795
sub_879938aeb461,2,3,value-tight-chunk,post_correct,5,0.7203812316715548
sub_879938aeb461,2,4,tautological,post_incorrect,1,0.36197547342954883
sub_879938aeb461,2,4,tautological,post_incorrect,2,0.0651539167431383
sub_879938aeb461,2,4,tautological,post_incorrect,3,0.15575206473679826
sub_879938aeb461,2,4,tautological,post_incorrect,4,0.2935680320347041
sub_879938aeb461,2,4,tautological,post_incorrect,5,0.2780095103028277
sub_879938aeb461,2,5,operator,post_correct,1,0.6328760753313184
sub_879938aeb461,2,5,operator,post_correct,2,0.11671704254824454
sub_879938aeb461,2,5,operator,post_correct,3,0.10718437572657528
sub_879938aeb461,2,5,operator,post_correct,4,0.19228086491513557
sub_879938aeb461,2,5,operator,post_correct,5,0.272262264589631
sub_aee5b49a860d,2,1,operator,pre_incorrect,1,0.39599164926931113
sub_aee5b49a860d,2,1,operator,pre_incorrect,2,0.19599164926931117
sub_aee5b49a860d,2,1,operator,pre_incorrect,3,0.13828810020876817
sub_aee5b49a860d,2,1,operator,pre_incorrect,4,0.10304801670146094
sub_aee5b49a860d,2,1,operator,pre_incorrect,5,0.13486430062630497
sub_aee5b49a860d,2,2,tautological,pre_incorrect,1,0.18148827896888312
sub_aee5b49a860d,2,2,tautological,pre_incorrect,2,0.27504796863268544
sub_aee5b49a860d,2,2,tautological,pre_incorrect,3,0.18457495620255265
sub_aee5b49a860d,2,2,tautological,pre_incorrect,4,0.19662968215566798
sub_aee5b49a860d,2,2,tautological,pre_incorrect,5,0.22924835238174668
sub_aee5b49a860d,2,3,value-tight-chunk,pre_incorrect,1,0.23961634695579662
sub_aee5b49a860d,2,3,value-tight-chunk,pre_incorrect,2,0.19182652210175152
sub_aee5b49a860d,2,3,value-tight-chunk,pre_incorrect,3,0.3986655546288563
sub_aee5b49a860d,2,3,value-tight-chunk,pre_incorrect,4,0.0988323603002504
sub_aee5b49a860d,2,3,value-tight-chunk,pre_incorrect,5,0.07222685571309481
sub_aee5b49a860d,2,4,value-loose-chunk,first_correct,1,0.1019210245464248
sub_aee5b49a860d,2,4,value-loose-chunk,first_correct,2,0.2569370330843119
sub_aee5b49a860d,2,4,value-loose-chunk,first_correct,3,0.1213980789754536
sub_aee5b49a860d,2,4,value-loose-chunk,first_correct,4,0.45837780149413115
sub_aee5b49a860d,2,4,value-loose-chunk,first_correct,5,0.4634471718249729
sub_aee5b49a860d,2,5,hybrid,post_correct,1,0.5110310021629417
sub_aee5b49a860d,2,5,hybrid,post_correct,2,0.24289834174477237
sub_aee5b49a860d,2,5,hybrid,post_correct,3,0.3011535688536404
sub_aee5b49a860d,2,5,hybrid,post_correct,4,0.028550829127614127
sub_aee5b49a860d,2,5,hybrid,post_correct,5,0.23316510454217854
sub_498317e91f9a,2,1,hybrid,first_correct,1,0.2822601389007973
sub_498317e91f9a,2,1,hybrid,first_correct,2,0.22327017062505305
sub_498317e91f9a,2,1,hybrid,first_correct,3,0.09208608419789059
sub_498317e91f9a,2,1,hybrid,first_correct,4,0.2366458029666477
sub_498317e91f9a,2,1,hybrid,first_correct,5,0.16676669810511816
sub_498317e91f9a,2,2,value-loose-chunk,post_correct,1,0.41524396403677133
sub_498317e91f9a,2,2,value-loose-chunk,post_correct,2,0.25250025255076264
sub_498317e91f9a,2,2,value-loose-chunk,post_correct,3,0.348216991615315
sub_498317e91f9a,2,2,value-loose-chunk,post_correct,4,0.23785230831396986
sub_498317e91f9a,2,2,value-loose-chunk,post_correct,5,0.2966461258713011
sub_498317e91f9a,2,3,operator,post_incorrect,1,0.29812108559498973
sub_498317e91f9a,2,3,operator,post_incorrect,2,0.32475991649269353
sub_498317e91f9a,2,3,operator,post_incorrect,3,0.3017118997912314
sub_498317e91f9a,2,3,operator,post_incorrect,4,0.4638830897703555
sub_498317e91f9a,2,3,operator,post_incorrect,5,0.18237995824634634
sub_498317e91f9a,2,4,tautological,post_incorrect,1,0.3763674321503132
sub_498317e91f9a,2,4,tautological,post_incorrect,2,0.40793319415448864
sub_498317e91f9a,2,4,tautological,post_incorrect,3,0.3421711899791232
sub_498317e91f9a,2,4,tautological,post_incorrect,4,0.2424634655532366
sub_498317e91f9a,2,4,tautological,post_incorrect,5,0.3224217118997916
sub_498317e91f9a,2,5,value-tight-chunk,post_incorrect,1,0.4342379958246347
sub_498317e91f9a,2,5,value-tight-chunk,post_incorrect,2,0.32626304801670164
sub_498317e91f9a,2,5,value-tight-chunk,post_incorrect,3,0.2420876826722339
sub_498317e91f9a,2,5,value-tight-chunk,post_incorrect,4,0.25878914405010295
sub_498317e91f9a,2,5,value-tight-chunk,post_incorrect,5,0.3011273486430076
sub_43b86806461c,2,1,hybrid,first_correct,1,0.5314999999999998
sub_43b86806461c,2,1,hybrid,first_correct,2,0.7653749999999999
sub_43b86806461c,2,1,hybrid,first_correct,3,0.41575000000000006
sub_43b86806461c,2,1,hybrid,first_correct,4,0.15649999999999986
sub_43b86806461c,2,1,hybrid,first_correct,5,0.7174375
sub_43b86806461c,2,2,operator,post_incorrect,1,0.41344306124154073
sub_43b86806461c,2,2,operator,post_incorrect,2,0.6149636561116216
sub_43b86806461c,2,2,operator,post_incorrect,3,0.4068009023310218
sub_43b86806461c,2,2,operator,post_incorrect,4,0.48554599381736113
sub_43b86806461c,2,2,operator,post_incorrect,5,0.5518004845851779
sub_43b86806461c,2,3,value-loose-chunk,post_correct,1,0.6959654178674353
sub_43b86806461c,2,3,value-loose-chunk,post_correct,2,0.6091498559077811
sub_43b86806461c,2,3,value-loose-chunk,post_correct,3,0.9819884726224786
sub_43b86806461c,2,3,value-loose-chunk,post_correct,4,0.7557636887608071
sub_43b86806461c,2,3,value-loose-chunk,post_correct,5,0.7622478386167152
sub_43b86806461c,2,4,value-tight-chunk,post_correct,1,0.5188310351924263
sub_43b86806461c,2,4,value-tight-chunk,post_correct,2,0.5387939905330313
sub_43b86806461c,2,4,value-tight-chunk,post_correct,3,0.4321876929409343
sub_43b86806461c,2,4,value-tight-chunk,post_correct,4,0.33031487960485706
sub_43b86806461c,2,4,value-tight-chunk,post_correct,5,0.8862934760238724
sub_43b86806461c,2,5,tautological,post_incorrect,1,0.6447797375240323
sub_43b86806461c,2,5,tautological,post_incorrect,2,0.5801638385020476
sub_43b86806461c,2,5,tautological,post_incorrect,3,0.46840257460503165
sub_43b86806461c,2,5,tautological,post_incorrect,4,0.5709688205299681
sub_43b86806461c,2,5,tautological,post_incorrect,5,0.4720805817938639
sub_04085c73cb87,2,1,operator,pre_incorrect,1,0.5561882431753474
sub_04085c73cb87,2,1,operator,pre_incorrect,2,0.5420783788310161
sub_04085c73cb87,2,1,operator,pre_incorrect,3,0.3603249037012217
sub_04085c73cb87,2,1,operator,pre_incorrect,4,0.22391559202813593
sub_04085c73cb87,2,1,operator,pre_incorrect,5,0.3765282197286902
sub_04085c73cb87,2,2,value-loose-chunk,pre_incorrect,1,0.3228966094600251
sub_04085c73cb87,2,2,value-loose-chunk,pre_incorrect,2,0.19635830891586417
sub_04085c73cb87,2,2,value-loose-chunk,pre_incorrect,3,0.5362913352867317
sub_04085c73cb87,2,2,value-loose-chunk,pre_incorrect,4,0.49568857262452964
sub_04085c73cb87,2,2,value-loose-chunk,pre_incorrect,5,0.49790707408957646
sub_04085c73cb87,2,3,hybrid,pre_incorrect,1,0.4381175682465248
sub_04085c73cb87,2,3,hybrid,pre_incorrect,2,0.318455870038519
sub_04085c73cb87,2,3,hybrid,pre_incorrect,3,0.15139842572433426
sub_04085c73cb87,2,3,hybrid,pre_incorrect,4,0.16387539775581986
sub_04085c73cb87,2,3,hybrid,pre_incorrect,5,0.20063640931167376
sub_04085c73cb87,2,4,tautological,pre_incorrect,1,0.2617472150096323
sub_04085c73cb87,2,4,tautological,pre_incorrect,2,0.22141720412094795
sub_04085c73cb87,2,4,tautological,pre_incorrect,3,0.11454058128821537
sub_04085c73cb87,2,4,tautological,pre_incorrect,4,0.2635061562944959
sub_04085c73cb87,2,4,tautological,pre_incorrect,5,0.1580534383114176
sub_04085c73cb87,2,5,value-tight-chunk,first_correct,1,0.2877049180327867
sub_04085c73cb87,2,5,value-tight-chunk,first_correct,2,0.28529411764705837
sub_04085c73cb87,2,5,value-tight-chunk,first_correct,3,0.15043394406943125
sub_04085c73cb87,2,5,value-tight-chunk,first_correct,4,0.16205400192864083
sub_04085c73cb87,2,5,value-tight-chunk,first_correct,5,0.05617164898746345
sub_47198434ebe7,2,1,value-loose-chunk,first_correct,1,0.4202022693635916
sub_47198434ebe7,2,1,value-loose-chunk,first_correct,2,0.17581401085347775
sub_47198434ebe7,2,1,value-loose-chunk,first_correct,3,0.1721139615194867
sub_47198434ebe7,2,1,value-loose-chunk,first_correct,4,0.12567834237789816
sub_47198434ebe7,2,1,value-loose-chunk,first_correct,5,0.32350764676862326
sub_47198434ebe7,2,2,value-tight-chunk,post_correct,1,0.37528357531760437
sub_47198434ebe7,2,2,value-tight-chunk,post_correct,2,0.18948502722323118
sub_47198434ebe7,2,2,value-tight-chunk,post_correct,3,0.14666515426497312
sub_47198434ebe7,2,2,value-tight-chunk,post_correct,4,0.15982304900181477
sub_47198434ebe7,2,2,value-tight-chunk,post_correct,5,0.21120689655172356
sub_47198434ebe7,2,3,hybrid,post_incorrect,1,0.30755440673726375
sub_47198434ebe7,2,3,hybrid,post_incorrect,2,0.15546568831818572
sub_47198434ebe7,2,3,hybrid,post_incorrect,3,0.13282748269824093
sub_47198434ebe7,2,3,hybrid,post_incorrect,4,0.05786708913532916
sub_47198434ebe7,2,3,hybrid,post_incorrect,5,0.07954640206787238
sub_47198434ebe7,2,4,operator,post_incorrect,1,0.2701575919286252
sub_47198434ebe7,2,4,operator,post_incorrect,2,0.3040940548653375
sub_47198434ebe7,2,4,operator,post_incorrect,3,0.32210456099391305
sub_47198434ebe7,2,4,operator,post_incorrect,4,0.13437004919536213
sub_47198434ebe7,2,4,operator,post_incorrect,5,0.20691236554656797
sub_47198434ebe7,2,5,tautological,post_incorrect,1,0.1540481947802886
sub_47198434ebe7,2,5,tautological,post_incorrect,2,0.1840240140081712
sub_47198434ebe7,2,5,tautological,post_incorrect,3,0.14329192028683388
sub_47198434ebe7,2,5,tautological,post_incorrect,4,0.30117568581672655
sub_47198434ebe7,2,5,tautological,post_incorrect,5,0.22917535228883454
sub_239ede6562d1,2,1,operator,first_correct,1,0.6160591122469711
sub_239ede6562d1,2,1,operator,first_correct,2,0.8632334228001326
sub_239ede6562d1,2,1,operator,first_correct,3,0.5677149609161972
sub_239ede6562d1,2,1,operator,first_correct,4,0.6459039532919155
sub_239ede6562d1,2,1,operator,first_correct,5,0.6494754964338061
sub_239ede6562d1,2,2,value-tight-chunk,post_correct,1,0.6827468241504648
sub_239ede6562d1,2,2,value-tight-chunk,post_correct,2,0.6218029535584996
sub_239ede6562d1,2,2,value-tight-chunk,post_correct,3,0.5781778770653155
sub_239ede6562d1,2,2,value-tight-chunk,post_correct,4,0.6611960216171572
sub_239ede6562d1,2,2,value-tight-chunk,post_correct,5,0.8227717443395054
sub_239ede6562d1,2,3,value-loose-chunk,post_correct,1,0.92377831599943
sub_239ede6562d1,2,3,value-loose-chunk,post_correct,2,0.7801681151161141
sub_239ede6562d1,2,3,value-loose-chunk,post_correct,3,0.5136534169159891
sub_239ede6562d1,2,3,value-loose-chunk,post_correct,4,0.9073942157002425
sub_239ede6562d1,2,3,value-loose-chunk,post_correct,5,0.9767298285605743
sub_239ede6562d1,2,4,hybrid,post_correct,1,0.7981528596849861
sub_239ede6562d1,2,4,hybrid,post_correct,2,0.7632248481550656
sub_239ede6562d1,2,4,hybrid,post_correct,3,0.6821918614056502
sub_239ede6562d1,2,4,hybrid,post_correct,4,0.7529302763357204
sub_239ede6562d1,2,4,hybrid,post_correct,5,0.6477785784666978
sub_239ede6562d1,2,5,tautological,post_incorrect,1,0.6501305807220638
sub_239ede6562d1,2,5,tautological,post_incorrect,2,0.5869551721140837
sub_239ede6562d1,2,5,tautological,post_incorrect,3,0.765078865789507
sub_239ede6562d1,2,5,tautological,post_incorrect,4,0.7628356090111051
sub_239ede6562d1,2,5,tautological,post_incorrect,5,0.7533535033297036
sub_6f9562b65f45,2,1,operator,pre_incorrect,1,0.3555741127348641
sub_6f9562b65f45,2,1,operator,pre_incorrect,2,0.1046346555323591
sub_6f9562b65f45,2,1,operator,pre_incorrect,3,0.17340292275574107
sub_6f9562b65f45,2,1,operator,pre_incorrect,4,0.2519832985386214
sub_6f9562b65f45,2,1,operator,pre_incorrect,5,0.14187891440501088
sub_6f9562b65f45,2,2,tautological,pre_incorrect,1,0.26175365344467644
sub_6f9562b65f45,2,2,tautological,pre_incorrect,2,0.20931106471816308
sub_6f9562b65f45,2,2,tautological,pre_incorrect,3,0.13469728601252665
sub_6f9562b65f45,2,2,tautological,pre_incorrect,4,0.045929018789144405
sub_6f9562b65f45,2,2,tautological,pre_incorrect,5,0.36926931106471733
sub_6f9562b65f45,2,3,value-tight-chunk,pre_incorrect,1,0.15511482254697287
sub_6f9562b65f45,2,3,value-tight-chunk,pre_incorrect,2,0.16526096033402946
sub_6f9562b65f45,2,3,value-tight-chunk,pre_incorrect,3,0.20605427974947818
sub_6f9562b65f45,2,3,value-tight-chunk,pre_incorrect,4,0.10855949895615902
sub_6f9562b65f45,2,3,value-tight-chunk,pre_incorrect,5,0.1883507306889357
sub_6f9562b65f45,2,4,hybrid,pre_incorrect,1,0.17787056367432152
sub_6f9562b65f45,2,4,hybrid,pre_incorrect,2,0.05653444676409183
sub_6f9562b65f45,2,4,hybrid,pre_incorrect,3,0.23699373695198458
sub_6f9562b65f45,2,4,hybrid,pre_incorrect,4,0.5476409185803763
sub_6f9562b65f45,2,4,hybrid,pre_incorrect,5,0.21615866388309005
sub_6f9562b65f45,2,5,value-loose-chunk,first_correct,1,0.4986213235294117
sub_6f9562b65f45,2,5,value-loose-chunk,first_correct,2,0.3147977941176471
sub_6f9562b65f45,2,5,value-loose-chunk,first_correct,3,0.4613970588235296
sub_6f9562b65f45,2,5,value-loose-chunk,first_correct,4,0.6599264705882348
sub_6f9562b65f45,2,5,value-loose-chunk,first_correct,5,0.3506433823529419
sub_1fd86ec6bf44,2,1,tautological,first_correct,1,0.3751748251748252
sub_1fd86ec6bf44,2,1,tautological,first_correct,2,0.19090909090909114
sub_1fd86ec6bf44,2,1,tautological,first_correct,3,0.05576923076923091
sub_1fd86ec6bf44,2,1,tautological,first_correct,4,0.22727272727272674
sub_1fd86ec6bf44,2,1,tautological,first_correct,5,0.07797202797202822
sub_1fd86ec6bf44,2,2,value-tight-chunk,post_correct,1,0.3776779543883897
sub_1fd86ec6bf44,2,2,value-tight-chunk,post_correct,2,0.498963372494817
sub_1fd86ec6bf44,2,2,value-tight-chunk,post_correct,3,0.0
sub_1fd86ec6bf44,2,2,value-tight-chunk,post_correct,4,0.03282653766413291
sub_1fd86ec6bf44,2,2,value-tight-chunk,post_correct,5,0.3161713890808566
sub_1fd86ec6bf44,2,3,value-loose-chunk,post_correct,1,0.26426488962932104
sub_1fd86ec6bf44,2,3,value-loose-chunk,post_correct,2,0.16243231986672224
sub_1fd86ec6bf44,2,3,value-loose-chunk,post_correct,3,0.09933361099541863
sub_1fd86ec6bf44,2,3,value-loose-chunk,post_correct,4,0.12598917117867564
sub_1fd86ec6bf44,2,3,value-loose-chunk,post_correct,5,0.2648896293211166
sub_1fd86ec6bf44,2,4,operator,post_incorrect,1,0.28136215674818477
sub_1fd86ec6bf44,2,4,operator,post_incorrect,2,0.1539938235539608
sub_1fd86ec6bf44,2,4,operator,post_incorrect,3,0.10107670478257229
sub_1fd86ec6bf44,2,4,operator,post_incorrect,4,0.1701026625490351
sub_1fd86ec6bf44,2,4,operator,post_incorrect,5,0.14105667306568834
sub_1fd86ec6bf44,2,5,hybrid,post_incorrect,1,0.19322260245388528
sub_1fd86ec6bf44,2,5,hybrid,post_incorrect,2,0.13429596861697732
sub_1fd86ec6bf44,2,5,hybrid,post_incorrect,3,0.14414489608546957
sub_1fd86ec6bf44,2,5,hybrid,post_incorrect,4,0.1855437776479437
sub_1fd86ec6bf44,2,5,hybrid,post_incorrect,5,0.13429596861697762
sub_c7dc2eb080c3,2,1,value-loose-chunk,first_correct,1,0.27232942112592007
sub_c7dc2eb080c3,2,1,value-loose-chunk,first_correct,2,0.09299781181619243
sub_c7dc2eb080c3,2,1,value-loose-chunk,first_correct,3,0.1204495723095284
sub_c7dc2eb080c3,2,1,value-loose-chunk,first_correct,4,0.14949273920827674
sub_c7dc2eb080c3,2,1,value-loose-chunk,first_correct,5,0.3024666799283864
sub_c7dc2eb080c3,2,2,hybrid,post_correct,1,0.24583260221091424
sub_c7dc2eb080c3,2,2,hybrid,post_correct,2,0.07518862958413751
sub_c7dc2eb080c3,2,2,hybrid,post_correct,3,0.2236357255658884
sub_c7dc2eb080c3,2,2,hybrid,post_correct,4,0.18459378838392693
sub_c7dc2eb080c3,2,2,hybrid,post_correct,5,0.10738726092296864
sub_c7dc2eb080c3,2,3,operator,post_incorrect,1,0.41246662216288377
sub_c7dc2eb080c3,2,3,operator,post_incorrect,2,0.2472463284379164
sub_c7dc2eb080c3,2,3,operator,post_incorrect,3,0.27736982643524566
sub_c7dc2eb080c3,2,3,operator,post_incorrect,4,0.2736148197596793
sub_c7dc2eb080c3,2,3,operator,post_incorrect,5,0.2570927903871832
sub_c7dc2eb080c3,2,4,value-tight-chunk,post_correct,1,0.24174263051971115
sub_c7dc2eb080c3,2,4,value-tight-chunk,post_correct,2,0.37693855806795307
sub_c7dc2eb080c3,2,4,value-tight-chunk,post_correct,3,0.024505741683437998
sub_c7dc2eb080c3,2,4,value-tight-chunk,post_correct,4,0.4354208594767366
sub_c7dc2eb080c3,2,4,value-tight-chunk,post_correct,5,0.25097667811056984
sub_c7dc2eb080c3,2,5,tautological,post_incorrect,1,0.28674568066104666
sub_c7dc2eb080c3,2,5,tautological,post_incorrect,2,0.23032301143477152
sub_c7dc2eb080c3,2,5,tautological,post_incorrect,3,0.4245889324764198
sub_c7dc2eb080c3,2,5,tautological,post_incorrect,4,0.3988815624739179
sub_c7dc2eb080c3,2,5,tautological,post_incorrect,5,0.11706034554711656
sub_59b367bae56c,2,1,hybrid,first_correct,1,0.2431589885694492
sub_59b367bae56c,2,1,hybrid,first_correct,2,0.21882577069622455
sub_59b367bae56c,2,1,hybrid,first_correct,3,0.28619674402493933
sub_59b367bae56c,2,1,hybrid,first_correct,4,0.0
sub_59b367bae56c,2,1,hybrid,first_correct,5,0.5128160720471069
sub_59b367bae56c,2,2,value-loose-chunk,post_correct,1,0.2120489114226066
sub_59b367bae56c,2,2,value-loose-chunk,post_correct,2,0.1525499552639427
sub_59b367bae56c,2,2,value-loose-chunk,post_correct,3,0.31061735759021747
sub_59b367bae56c,2,2,value-loose-chunk,post_correct,4,0.5374291679093348
sub_59b367bae56c,2,2,value-loose-chunk,post_correct,5,0.351327169698778
sub_59b367bae56c,2,3,value-tight-chunk,post_correct,1,0.41917389087200413
sub_59b367bae56c,2,3,value-tight-chunk,post_correct,2,0.26415094339622636
sub_59b367bae56c,2,3,value-tight-chunk,post_correct,3,0.5089240183579805
sub_59b367bae56c,2,3,value-tight-chunk,post_correct,4,0.29500254971953044
sub_59b367bae56c,2,3,value-tight-chunk,post_correct,5,0.4250382457929623
sub_59b367bae56c,2,4,operator,post_incorrect,1,0.34541284403669714
sub_59b367bae56c,2,4,operator,post_incorrect,2,0.5075062552126774
sub_59b367bae56c,2,4,operator,post_incorrect,3,0.43573811509591315
sub_59b367bae56c,2,4,operator,post_incorrect,4,0.31659716430358686
sub_59b367bae56c,2,4,operator,post_incorrect,5,0.23603002502084938
sub_59b367bae56c,2,5,tautological,post_correct,1,0.6595854922279792
sub_59b367bae56c,2,5,tautological,post_correct,2,0.08549222797927462
sub_59b367bae56c,2,5,tautological,post_correct,3,0.5290155440414511
sub_59b367bae56c,2,5,tautological,post_correct,4,0.16632124352331545
sub_59b367bae56c,2,5,tautological,post_correct,5,0.0
sub_86d5e32d64ef,1,1,value-tight-chunk,first_correct,1,0.2684648805213614
sub_86d5e32d64ef,1,1,value-tight-chunk,first_correct,2,0.12047429398986237
sub_86d5e32d64ef,1,1,value-tight-chunk,first_correct,3,0.15034395365676995
sub_86d5e32d64ef,1,1,value-tight-chunk,first_correct,4,0.1593501086169443
sub_86d5e32d64ef,1,1,value-tight-chunk,first_correct,5,0.033263939174511196
sub_86d5e32d64ef,1,2,value-tight-chunk,post_correct,1,0.510452218430034
sub_86d5e32d64ef,1,2,value-tight-chunk,post_correct,2,0.31292662116040965
sub_86d5e32d64ef,1,2,value-tight-chunk,post_correct,3,0.17704778156996623
sub_86d5e32d64ef,1,2,value-tight-chunk,post_correct,4,0.12777303754266214
sub_86d5e32d64ef,1,2,value-tight-chunk,post_correct,5,0.3836390784982936
sub_86d5e32d64ef,1,3,value-tight-chunk,post_correct,1,0.0
sub_86d5e32d64ef,1,3,value-tight-chunk,post_correct,2,0.4143060933360508
sub_86d5e32d64ef,1,3,value-tight-chunk,post_correct,3,0.13949459955166088
sub_86d5e32d64ef,1,3,value-tight-chunk,post_correct,4,0.42989606684328485
sub_86d5e32d64ef,1,3,value-tight-chunk,post_correct,5,0.612899938862849
sub_86d5e32d64ef,1,4,value-tight-chunk,post_incorrect,1,0.3206775700934579
sub_86d5e32d64ef,1,4,value-tight-chunk,post_incorrect,2,0.18683244325767698
sub_86d5e32d64ef,1,4,value-tight-chunk,post_incorrect,3,0.027953938584779778
sub_86d5e32d64ef,1,4,value-tight-chunk,post_incorrect,4,0.044559412550066076
sub_86d5e32d64ef,1,4,value-tight-chunk,post_incorrect,5,0.2915554072096116
sub_86d5e32d64ef,1,5,value-tight-chunk,post_incorrect,1,0.3756986735630266
sub_86d5e32d64ef,1,5,value-tight-chunk,post_incorrect,2,0.36627179444398106
sub_86d5e32d64ef,1,5,value-tight-chunk,post_incorrect,3,0.10377909401852123
sub_86d5e32d64ef,1,5,value-tight-chunk,post_incorrect,4,0.2382164011011935
sub_86d5e32d64ef,1,5,value-tight-chunk,post_incorrect,5,0.3645198965546016
sub_60c499e87ab8,1,1,hybrid,pre_incorrect,1,0.11572489775477857
sub_60c499e87ab8,1,1,hybrid,pre_incorrect,2,0.08521826224856029
sub_60c499e87ab8,1,1,hybrid,pre_incorrect,3,0.03388698773057331
sub_60c499e87ab8,1,1,hybrid,pre_incorrect,4,0.06994407812369594
sub_60c499e87ab8,1,1,hybrid,pre_incorrect,5,0.07578666221517354
sub_60c499e87ab8,1,2,hybrid,first_correct,1,0.016747419422793324
sub_60c499e87ab8,1,2,hybrid,first_correct,2,0.0
sub_60c499e87ab8,1,2,hybrid,first_correct,3,0.03939330103223075
sub_60c499e87ab8,1,2,hybrid,first_correct,4,0.08900358120918463
sub_60c499e87ab8,1,2,hybrid,first_correct,5,0.02348851906467232
sub_60c499e87ab8,1,3,hybrid,post_correct,1,0.28202192049730085
sub_60c499e87ab8,1,3,hybrid,post_correct,2,0.0
sub_60c499e87ab8,1,3,hybrid,post_correct,3,0.0
sub_60c499e87ab8,1,3,hybrid,post_correct,4,0.0
sub_60c499e87ab8,1,3,hybrid,post_correct,5,0.0
sub_60c499e87ab8,1,4,hybrid,post_correct,1,0.0
sub_60c499e87ab8,1,4,hybrid,post_correct,2,0.0
sub_60c499e87ab8,1,4,hybrid,post_correct,3,0.0
sub_60c499e87ab8,1,4,hybrid,post_correct,4,0.0
sub_60c499e87ab8,1,4,hybrid,post_correct,5,0.0
sub_60c499e87ab8,1,5,hybrid,post_correct,1,0.8550764192139739
sub_60c499e87ab8,1,5,hybrid,post_correct,2,0.4091157205240176
sub_60c499e87ab8,1,5,hybrid,post_correct,3,0.0
sub_60c499e87ab8,1,5,hybrid,post_correct,4,0.23526200873362446
sub_60c499e87ab8,1,5,hybrid,post_correct,5,0.478165938864629
sub_1ca12576b5ff,1,1,value-loose-chunk,first_correct,1,0.24336935166994103
sub_1ca12576b5ff,1,1,value-loose-chunk,first_correct,2,0.424361493123772
sub_1ca12576b5ff,1,1,value-loose-chunk,first_correct,3,0.5601669941060909
sub_1ca12576b5ff,1,1,value-loose-chunk,first_correct,4,0.22986247544204277
sub_1ca12576b5ff,1,1,value-loose-chunk,first_correct,5,0.13654223968565837
sub_1ca12576b5ff,1,2,value-loose-chunk,post_correct,1,0.32349246231155787
sub_1ca12576b5ff,1,2,value-loose-chunk,post_correct,2,0.3709170854271357
sub_1ca12576b5ff,1,2,value-loose-chunk,post_correct,3,0.6356783919597987
sub_1ca12576b5ff,1,2,value-loose-chunk,post_correct,4,0.34516331658291516
sub_1ca12576b5ff,1,2,value-loose-chunk,post_correct,5,0.4704773869346731
sub_1ca12576b5ff,1,3,value-loose-chunk,post_correct,1,0.4112149532710281
sub_1ca12576b5ff,1,3,value-loose-chunk,post_correct,2,0.3306973400431342
sub_1ca12576b5ff,1,3,value-loose-chunk,post_correct,3,0.7225017972681527
sub_1ca12576b5ff,1,3,value-loose-chunk,post_correct,4,0.4572250179726816
sub_1ca12576b5ff,1,3,value-loose-chunk,post_correct,5,0.3033788641265281
sub_1ca12576b5ff,1,4,value-loose-chunk,post_correct,1,0.6957547169811319
sub_1ca12576b5ff,1,4,value-loose-chunk,post_correct,2,0.39386792452830205
sub_1ca12576b5ff,1,4,value-loose-chunk,post_correct,3,0.3291778975741238
sub_1ca12576b5ff,1,4,value-loose-chunk,post_correct,4,0.43295148247978443
sub_1ca12576b5ff,1,4,value-loose-chunk,post_correct,5,0.22978436657682014
sub_1ca12576b5ff,1,5,value-loose-chunk,post_correct,1,0.29690461149715736
sub_1ca12576b5ff,1,5,value-loose-chunk,post_correct,2,0.25078963992419484
sub_1ca12576b5ff,1,5,value-loose-chunk,post_correct,3,0.10044219835754883
sub_1ca12576b5ff,1,5,value-loose-chunk,post_correct,4,0.42924826279216677
sub_1ca12576b5ff,1,5,value-loose-chunk,post_correct,5,0.3092229943145923
sub_a40b19e951cc,2,1,value-tight-chunk,pre_incorrect,1,0.33894771950304353
sub_a40b19e951cc,2,1,value-tight-chunk,pre_incorrect,2,0.34932877511881966
sub_a40b19e951cc,2,1,value-tight-chunk,pre_incorrect,3,0.13003418660885516
sub_a40b19e951cc,2,1,value-tight-chunk,pre_incorrect,4,0.31176519636454575
sub_a40b19e951cc,2,1,value-tight-chunk,pre_incorrect,5,0.13899774868673406
sub_a40b19e951cc,2,2,hybrid,pre_incorrect,1,0.2779954973734678
sub_a40b19e951cc,2,2,hybrid,pre_incorrect,2,0.13624614358375722
sub_a40b19e951cc,2,2,hybrid,pre_incorrect,3,0.2627365963478699
sub_a40b19e951cc,2,2,hybrid,pre_incorrect,4,0.27532727424330855
sub_a40b19e951cc,2,2,hybrid,pre_incorrect,5,0.17485199699824908
sub_a40b19e951cc,2,3,value-loose-chunk,first_correct,1,0.5115998066698887
sub_a40b19e951cc,2,3,value-loose-chunk,first_correct,2,0.26317061382310303
sub_a40b19e951cc,2,3,value-loose-chunk,first_correct,3,0.057515708071532036
sub_a40b19e951cc,2,3,value-loose-chunk,first_correct,4,0.20396326727887856
sub_a40b19e951cc,2,3,value-loose-chunk,first_correct,5,0.3615273078782026
sub_a40b19e951cc,2,4,tautological,post_incorrect,1,0.17768698407404313
sub_a40b19e951cc,2,4,tautological,post_incorrect,2,0.23522054531810205
sub_a40b19e951cc,2,4,tautological,post_incorrect,3,0.07733677978820966
sub_a40b19e951cc,2,4,tautological,post_incorrect,4,0.08838489118652566
sub_a40b19e951cc,2,4,tautological,post_incorrect,5,0.15313099307929515
sub_a40b19e951cc,2,5,operator,post_incorrect,1,0.19478028850162585
sub_a40b19e951cc,2,5,operator,post_incorrect,2,0.1183190194279997
sub_a40b19e951cc,2,5,operator,post_incorrect,3,0.06045193029267055
sub_a40b19e951cc,2,5,operator,post_incorrect,4,0.1622613191028098
sub_a40b19e951cc,2,5,operator,post_incorrect,5,0.1308263153506208
sub_7b1a31a79a42,2,1,operator,pre_incorrect,1,0.31313089864587607
sub_7b1a31a79a42,2,1,operator,pre_incorrect,2,0.3376692654903566
sub_7b1a31a79a42,2,1,operator,pre_incorrect,3,0.16553139105457498
sub_7b1a31a79a42,2,1,operator,pre_incorrect,4,0.259663520722199
sub_7b1a31a79a42,2,1,operator,pre_incorrect,5,0.14123922855970428
sub_7b1a31a79a42,2,2,tautological,pre_incorrect,1,0.43588887961958783
sub_7b1a31a79a42,2,2,tautological,pre_incorrect,2,0.17886043213481229
sub_7b1a31a79a42,2,2,tautological,pre_incorrect,3,0.16009009760573958
sub_7b1a31a79a42,2,2,tautological,pre_incorrect,4,0.03595561858680215
sub_7b1a31a79a42,2,2,tautological,pre_incorrect,5,0.42654542420956093
sub_7b1a31a79a42,2,3,value-tight-chunk,pre_incorrect,1,0.33210978560106774
sub_7b1a31a79a42,2,3,value-tight-chunk,pre_incorrect,2,0.06832401768582654
sub_7b1a31a79a42,2,3,value-tight-chunk,pre_incorrect,3,0.108784516559607
sub_7b1a31a79a42,2,3,value-tight-chunk,pre_incorrect,4,0.1303912571952951
sub_7b1a31a79a42,2,3,value-tight-chunk,pre_incorrect,5,0.21160423792441785
sub_7b1a31a79a42,2,4,hybrid,first_correct,1,0.180132612966601
sub_7b1a31a79a42,2,4,hybrid,first_correct,2,0.10081041257367361
sub_7b1a31a79a42,2,4,hybrid,first_correct,3,0.1812377210216109
sub_7b1a31a79a42,2,4,hybrid,first_correct,4,0.10473968565815343
sub_7b1a31a79a42,2,4,hybrid,first_correct,5,0.12045677799607092
sub_7b1a31a79a42,2,5,value-loose-chunk,post_incorrect,1,0.27688329023108355
sub_7b1a31a79a42,2,5,value-loose-chunk,post_incorrect,2,0.19104029365145567
sub_7b1a31a79a42,2,5,value-loose-chunk,post_incorrect,3,0.06031534162008923
sub_7b1a31a79a42,2,5,value-loose-chunk,post_incorrect,4,0.05047134395595321
sub_7b1a31a79a42,2,5,value-loose-chunk,post_incorrect,5,0.0
sub_203aa31de036,2,1,operator,pre_incorrect,1,0.49276979011733624
sub_203aa31de036,2,1,operator,pre_incorrect,2,0.5198727483060653
sub_203aa31de036,2,1,operator,pre_incorrect,3,0.21814576103123454
sub_203aa31de036,2,1,operator,pre_incorrect,4,0.36588993554784366
sub_203aa31de036,2,1,operator,pre_incorrect,5,0.4460832920178499
sub_203aa31de036,2,2,hybrid,pre_incorrect,1,0.3601781482389475
sub_203aa31de036,2,2,hybrid,pre_incorrect,2,0.36540818828144084
sub_203aa31de036,2,2,hybrid,pre_incorrect,3,0.5286835008580517
sub_203aa31de036,2,2,hybrid,pre_incorrect,4,0.19551360627604908
sub_203aa31de036,2,2,hybrid,pre_incorrect,5,0.4322137778867353
sub_203aa31de036,2,3,value-loose-chunk,first_correct,1,0.560719225449516
sub_203aa31de036,2,3,value-loose-chunk,first_correct,2,0.5536652835408021
sub_203aa31de036,2,3,value-loose-chunk,first_correct,3,0.6290456431535265
sub_203aa31de036,2,3,value-loose-chunk,first_correct,4,0.5715076071922542
sub_203aa31de036,2,3,value-loose-chunk,first_correct,5,0.3062240663900433
sub_203aa31de036,2,4,tautological,post_incorrect,1,0.46825202255454795
sub_203aa31de036,2,4,tautological,post_incorrect,2,0.5398790553240166
sub_203aa31de036,2,4,tautological,post_incorrect,3,0.45766936340606446
sub_203aa31de036,2,4,tautological,post_incorrect,4,0.41971071341015037
sub_203aa31de036,2,4,tautological,post_incorrect,5,0.28086949415706447
sub_203aa31de036,2,5,value-tight-chunk,post_correct,1,0.28866424745118363
sub_203aa31de036,2,5,value-tight-chunk,post_correct,2,0.32253326421289086
sub_203aa31de036,2,5,value-tight-chunk,post_correct,3,0.07482287886642502
sub_203aa31de036,2,5,value-tight-chunk,post_correct,4,0.21548297909106678
sub_203aa31de036,2,5,value-tight-chunk,post_correct,5,0.17954034905823485
sub_612d041941ce,1,1,value-tight-chunk,first_correct,1,0.6292621576299608
sub_612d041941ce,1,1,value-tight-chunk,first_correct,2,0.7752934600335382
sub_612d041941ce,1,1,value-tight-chunk,first_correct,3,0.6855785354946901
sub_612d041941ce,1,1,value-tight-chunk,first_correct,4,0.3548071548351026
sub_612d041941ce,1,1,value-tight-chunk,first_correct,5,0.43879262157630067
sub_612d041941ce,1,2,value-tight-chunk,post_correct,1,0.8649232245681381
sub_612d041941ce,1,2,value-tight-chunk,post_correct,2,0.541746641074856
sub_612d041941ce,1,2,value-tight-chunk,post_correct,3,0.8301343570057583
sub_612d041941ce,1,2,value-tight-chunk,post_correct,4,0.9880038387715927
sub_612d041941ce,1,2,value-tight-chunk,post_correct,5,0.44409788867562444
sub_612d041941ce,1,3,value-tight-chunk,post_correct,1,0.6803935860058307
sub_612d041941ce,1,3,value-tight-chunk,post_correct,2,0.4422376093294461
sub_612d041941ce,1,3,value-tight-chunk,post_correct,3,0.9493440233236156
sub_612d041941ce,1,3,value-tight-chunk,post_correct,4,0.7425291545189503
sub_612d041941ce,1,3,value-tight-chunk,post_correct,5,0.5697886297376097
sub_612d041941ce,1,4,value-tight-chunk,post_correct,1,0.7302702702702702
sub_612d041941ce,1,4,value-tight-chunk,post_correct,2,0.6921621621621621
sub_612d041941ce,1,4,value-tight-chunk,post_correct,3,1.0
sub_612d041941ce,1,4,value-tight-chunk,post_correct,4,0.6654054054054053
sub_612d041941ce,1,4,value-tight-chunk,post_correct,5,0.40081081081081
sub_612d041941ce,1,5,value-tight-chunk,post_correct,1,0.4749541844838118
sub_612d041941ce,1,5,value-tight-chunk,post_correct,2,0.9059254734270007
sub_612d041941ce,1,5,value-tight-chunk,post_correct,3,0.9999999999999998
sub_612d041941ce,1,5,value-tight-chunk,post_correct,4,0.702810018326207
sub_612d041941ce,1,5,value-tight-chunk,post_correct,5,0.5406230910201587
sub_f92c6abd9e8a,1,1,value-tight-chunk,pre_incorrect,1,0.6605087572977483
sub_f92c6abd9e8a,1,1,value-tight-chunk,pre_incorrect,2,0.6131359466221854
sub_f92c6abd9e8a,1,1,value-tight-chunk,pre_incorrect,3,0.6214762301918264
sub_f92c6abd9e8a,1,1,value-tight-chunk,pre_incorrect,4,0.5370308590492077
sub_f92c6abd9e8a,1,1,value-tight-chunk,pre_incorrect,5,0.5425354462051706
sub_f92c6abd9e8a,1,2,value-tight-chunk,pre_incorrect,1,0.5639282735613012
sub_f92c6abd9e8a,1,2,value-tight-chunk,pre_incorrect,2,0.6384070058381982
sub_f92c6abd9e8a,1,2,value-tight-chunk,pre_incorrect,3,0.6350708924103413
sub_f92c6abd9e8a,1,2,value-tight-chunk,pre_incorrect,4,0.6464136780650538
sub_f92c6abd9e8a,1,2,value-tight-chunk,pre_incorrect,5,0.5948707256046706
sub_f92c6abd9e8a,1,3,value-tight-chunk,pre_incorrect,1,0.6266371902894803
sub_f92c6abd9e8a,1,3,value-tight-chunk,pre_incorrect,2,0.5639025611078674
sub_f92c6abd9e8a,1,3,value-tight-chunk,pre_incorrect,3,0.576082422624509
sub_f92c6abd9e8a,1,3,value-tight-chunk,pre_incorrect,4,0.5900558938850415
sub_f92c6abd9e8a,1,3,value-tight-chunk,pre_incorrect,5,0.5697005088846269
sub_f92c6abd9e8a,1,4,value-tight-chunk,pre_incorrect,1,0.5466638865721435
sub_f92c6abd9e8a,1,4,value-tight-chunk,pre_incorrect,2,0.5322351959966637
sub_f92c6abd9e8a,1,4,value-tight-chunk,pre_incorrect,3,0.4161801501251041
sub_f92c6abd9e8a,1,4,value-tight-chunk,pre_incorrect,4,0.5278148457047532
sub_f92c6abd9e8a,1,4,value-tight-chunk,pre_incorrect,5,0.4398665554628876
sub_f92c6abd9e8a,1,5,value-tight-chunk,first_correct,1,0.4443341753879465
sub_f92c6abd9e8a,1,5,value-tight-chunk,first_correct,2,0.523186575243594
sub_f92c6abd9e8a,1,5,value-tight-chunk,first_correct,3,0.5856640202093096
sub_f92c6abd9e8a,1,5,value-tight-chunk,first_correct,4,0.4220949115842656
sub_f92c6abd9e8a,1,5,value-tight-chunk,first_correct,5,0.5829123060267057
sub_5fec732bb147,1,1,value-loose-chunk,first_correct,1,0.46997532218261584
sub_5fec732bb147,1,1,value-loose-chunk,first_correct,2,0.286125582670688
sub_5fec732bb147,1,1,value-loose-chunk,first_correct,3,0.1446394296682202
sub_5fec732bb147,1,1,value-loose-chunk,first_correct,4,0.36427200438716756
sub_5fec732bb147,1,1,value-loose-chunk,first_correct,5,0.37907869481765893
sub_5fec732bb147,1,2,value-loose-chunk,post_correct,1,0.24115206248474486
sub_5fec732bb147,1,2,value-loose-chunk,post_correct,2,0.5081767146692702
sub_5fec732bb147,1,2,value-loose-chunk,post_correct,3,0.2628752745911643
sub_5fec732bb147,1,2,value-loose-chunk,post_correct,4,0.31340004881620676
sub_5fec732bb147,1,2,value-loose-chunk,post_correct,5,0.44569196973395186
sub_5fec732bb147,1,3,value-loose-chunk,post_correct,1,0.5858178887993553
sub_5fec732bb147,1,3,value-loose-chunk,post_correct,2,0.25060435132957287
sub_5fec732bb147,1,3,value-loose-chunk,post_correct,3,0.579371474617244
sub_5fec732bb147,1,3,value-loose-chunk,post_correct,4,0.3299758259468174
sub_5fec732bb147,1,3,value-loose-chunk,post_correct,5,0.18251410153102382
sub_5fec732bb147,1,4,value-loose-chunk,post_correct,1,0.5107816711590296
sub_5fec732bb147,1,4,value-loose-chunk,post_correct,2,0.3008760107816711
sub_5fec732bb147,1,4,value-loose-chunk,post_correct,3,0.4565363881401619
sub_5fec732bb147,1,4,value-loose-chunk,post_correct,4,0.27358490566037713
sub_5fec732bb147,1,4,value-loose-chunk,post_correct,5,0.0
sub_5fec732bb147,1,5,value-loose-chunk,post_correct,1,0.6329055912007332
sub_5fec732bb147,1,5,value-loose-chunk,post_correct,2,0.5155820348304306
sub_5fec732bb147,1,5,value-loose-chunk,post_correct,3,0.4463794683776353
sub_5fec732bb147,1,5,value-loose-chunk,post_correct,4,0.0
sub_5fec732bb147,1,5,value-loose-chunk,post_correct,5,0.0
sub_b57438af5250,2,1,operator,first_correct,1,0.607203791469194
sub_b57438af5250,2,1,operator,first_correct,2,0.37241706161137356
sub_b57438af5250,2,1,operator,first_correct,3,0.4284834123222754
sub_b57438af5250,2,1,operator,first_correct,4,0.425402843601896
sub_b57438af5250,2,1,operator,first_correct,5,0.5291943127962083
sub_b57438af5250,2,2,value-tight-chunk,post_incorrect,1,0.39282120093928224
sub_b57438af5250,2,2,value-tight-chunk,post_incorrect,2,0.4726182489097613
sub_b57438af5250,2,2,value-tight-chunk,post_incorrect,3,0.2415716202616576
sub_b57438af5250,2,2,value-tight-chunk,post_incorrect,4,0.5625209661187524
sub_b57438af5250,2,2,value-tight-chunk,post_incorrect,5,0.37122609862462297
sub_b57438af5250,2,3,tautological,post_incorrect,1,0.39047299563904714
sub_b57438af5250,2,3,tautological,post_incorrect,2,0.17770882254277073
sub_b57438af5250,2,3,tautological,post_incorrect,3,0.32220731298222005
sub_b57438af5250,2,3,tautological,post_incorrect,4,0.37592250922509124
sub_b57438af5250,2,3,tautological,post_incorrect,5,0.3037151962428719
sub_b57438af5250,2,4,value-loose-chunk,post_correct,1,0.1883252258512856
sub_b57438af5250,2,4,value-loose-chunk,post_correct,2,0.3248783877692845
sub_b57438af5250,2,4,value-loose-chunk,post_correct,3,0.08929812369701169
sub_b57438af5250,2,4,value-loose-chunk,post_correct,4,0.09937456567060445
sub_b57438af5250,2,4,value-loose-chunk,post_correct,5,0.7435719249478813
sub_b57438af5250,2,5,hybrid,post_incorrect,1,0.4934700711594809
sub_b57438af5250,2,5,hybrid,post_incorrect,2,0.309585600669736
sub_b57438af5250,2,5,hybrid,post_incorrect,3,0.28283800753453375
sub_b57438af5250,2,5,hybrid,post_incorrect,4,0.1651737128505656
sub_b57438af5250,2,5,hybrid,post_incorrect,5,0.19531184596065465
sub_2669635ac136,2,1,value-tight-chunk,first_correct,1,0.45152776367881425
sub_2669635ac136,2,1,value-tight-chunk,first_correct,2,0.059892396710993785
sub_2669635ac136,2,1,value-tight-chunk,first_correct,3,0.24530504517307877
sub_2669635ac136,2,1,value-tight-chunk,first_correct,4,0.3925997360674043
sub_2669635ac136,2,1,value-tight-chunk,first_correct,5,0.21469901532839253
sub_2669635ac136,2,2,value-loose-chunk,post_correct,1,0.4695393759286776
sub_2669635ac136,2,2,value-loose-chunk,post_correct,2,0.398216939078752
sub_2669635ac136,2,2,value-loose-chunk,post_correct,3,0.11812778603268918
sub_2669635ac136,2,2,value-loose-chunk,post_correct,4,0.2991084695393762
sub_2669635ac136,2,2,value-loose-chunk,post_correct,5,0.48261515601783184
sub_2669635ac136,2,3,tautological,post_incorrect,1,0.3327773144286905
sub_2669635ac136,2,3,tautological,post_incorrect,2,0.1855713094245201
sub_2669635ac136,2,3,tautological,post_incorrect,3,0.12301918265221029
sub_2669635ac136,2,3,tautological,post_incorrect,4,0.19683069224353741
sub_2669635ac136,2,3,tautological,post_incorrect,5,0.11234361968306933
sub_2669635ac136,2,4,hybrid,post_correct,1,0.319763828464885
sub_2669635ac136,2,4,hybrid,post_correct,2,0.3862647607209444
sub_2669635ac136,2,4,hybrid,post_correct,3,0.30407085146053514
sub_2669635ac136,2,4,hybrid,post_correct,4,0.4339651957737724
sub_2669635ac136,2,4,hybrid,post_correct,5,0.30174021131137413
sub_2669635ac136,2,5,operator,post_incorrect,1,0.2968632685409195
sub_2669635ac136,2,5,operator,post_incorrect,2,0.3982230749979146
sub_2669635ac136,2,5,operator,post_incorrect,3,0.3384499874864441
sub_2669635ac136,2,5,operator,post_incorrect,4,0.10369567030950154
sub_2669635ac136,2,5,operator,post_incorrect,5,0.14824393092516783
sub_c825be9c6344,2,1,tautological,pre_incorrect,1,0.5665304079419371
sub_c825be9c6344,2,1,tautological,pre_incorrect,2,0.36906648869608755
sub_c825be9c6344,2,1,tautological,pre_incorrect,3,0.1616751480770831
sub_c825be9c6344,2,1,tautological,pre_incorrect,4,0.2885208976391097
sub_c825be9c6344,2,1,tautological,pre_incorrect,5,0.4804371402352543
sub_c825be9c6344,2,2,operator,first_correct,1,0.5755261687465077
sub_c825be9c6344,2,2,operator,first_correct,2,0.27807785434904086
sub_c825be9c6344,2,2,operator,first_correct,3,0.234959955298938
sub_c825be9c6344,2,2,operator,first_correct,4,0.3563978394486861
sub_c825be9c6344,2,2,operator,first_correct,5,0.6856025330601577
sub_c825be9c6344,2,3,value-loose-chunk,post_correct,1,0.7529888983774552
sub_c825be9c6344,2,3,value-loose-chunk,post_correct,2,0.3891972672929121
sub_c825be9c6344,2,3,value-loose-chunk,post_correct,3,0.7675064047822371
sub_c825be9c6344,2,3,value-loose-chunk,post_correct,4,0.7969684030742952
sub_c825be9c6344,2,3,value-loose-chunk,post_correct,5,0.7732707087959009
sub_c825be9c6344,2,4,value-tight-chunk,post_correct,1,0.6311895276038701
sub_c825be9c6344,2,4,value-tight-chunk,post_correct,2,0.5998861696072852
sub_c825be9c6344,2,4,value-tight-chunk,post_correct,3,0.37592487194080887
sub_c825be9c6344,2,4,value-tight-chunk,post_correct,4,0.8708025042686393
sub_c825be9c6344,2,4,value-tight-chunk,post_correct,5,0.7381900967558331
sub_c825be9c6344,2,5,hybrid,post_incorrect,1,0.624092767164428
sub_c825be9c6344,2,5,hybrid,post_incorrect,2,0.5022107282889802
sub_c825be9c6344,2,5,hybrid,post_incorrect,3,0.5477600734128636
sub_c825be9c6344,2,5,hybrid,post_incorrect,4,0.39150746642195694
sub_c825be9c6344,2,5,hybrid,post_incorrect,5,0.4046049887378
sub_b1253f2df8d5,1,1,hybrid,first_correct,1,0.48813364055299524
sub_b1253f2df8d5,1,1,hybrid,first_correct,2,0.10771889400921665
sub_b1253f2df8d5,1,1,hybrid,first_correct,3,0.19285714285714323
sub_b1253f2df8d5,1,1,hybrid,first_correct,4,0.5997695852534561
sub_b1253f2df8d5,1,1,hybrid,first_correct,5,0.3147465437788018
sub_b1253f2df8d5,1,2,hybrid,post_correct,1,0.5843211206896552
sub_b1253f2df8d5,1,2,hybrid,post_correct,2,0.4727909482758621
sub_b1253f2df8d5,1,2,hybrid,post_correct,3,0.6492456896551723
sub_b1253f2df8d5,1,2,hybrid,post_correct,4,0.6411637931034481
sub_b1253f2df8d5,1,2,hybrid,post_correct,5,0.3001077586206894
sub_b1253f2df8d5,1,3,hybrid,post_correct,1,0.4533282325937261
sub_b1253f2df8d5,1,3,hybrid,post_correct,2,0.07077276205049735
sub_b1253f2df8d5,1,3,hybrid,post_correct,3,0.7769701606732975
sub_b1253f2df8d5,1,3,hybrid,post_correct,4,0.45715378729915884
sub_b1253f2df8d5,1,3,hybrid,post_correct,5,0.0
sub_b1253f2df8d5,1,4,hybrid,post_correct,1,0.5798816568047338
sub_b1253f2df8d5,1,4,hybrid,post_correct,2,0.3879966187658494
sub_b1253f2df8d5,1,4,hybrid,post_correct,3,0.31086221470836894
sub_b1253f2df8d5,1,4,hybrid,post_correct,4,0.3903212172442933
sub_b1253f2df8d5,1,4,hybrid,post_correct,5,0.0
sub_b1253f2df8d5,1,5,hybrid,post_correct,1,0.6536363636363635
sub_b1253f2df8d5,1,5,hybrid,post_correct,2,0.33272727272727237
sub_b1253f2df8d5,1,5,hybrid,post_correct,3,0.37409090909090925
sub_b1253f2df8d5,1,5,hybrid,post_correct,4,0.49681818181818177
sub_b1253f2df8d5,1,5,hybrid,post_correct,5,0.239090909090909
sub_7db0eb5bbaa4,2,1,tautological,pre_incorrect,1,0.6274960314144877
sub_7db0eb5bbaa4,2,1,tautological,pre_incorrect,2,0.5254407218648184
sub_7db0eb5bbaa4,2,1,tautological,pre_incorrect,3,0.5929066755785782
sub_7db0eb5bbaa4,2,1,tautological,pre_incorrect,4,0.47769237196089853
sub_7db0eb5bbaa4,2,1,tautological,pre_incorrect,5,0.33611830562285877
sub_7db0eb5bbaa4,2,2,hybrid,first_correct,1,0.6502963590177814
sub_7db0eb5bbaa4,2,2,hybrid,first_correct,2,0.6215071972904318
sub_7db0eb5bbaa4,2,2,hybrid,first_correct,3,0.6480736663844209
sub_7db0eb5bbaa4,2,2,hybrid,first_correct,4,0.5882726502963593
sub_7db0eb5bbaa4,2,2,hybrid,first_correct,5,0.5303767993226083
sub_7db0eb5bbaa4,2,3,operator,post_correct,1,0.7427482335440686
sub_7db0eb5bbaa4,2,3,operator,post_correct,2,0.5443473410189662
sub_7db0eb5bbaa4,2,3,operator,post_correct,3,0.42367050948307905
sub_7db0eb5bbaa4,2,3,operator,post_correct,4,0.7248047601338794
sub_7db0eb5bbaa4,2,3,operator,post_correct,5,0.39094458906656865
sub_7db0eb5bbaa4,2,4,value-tight-chunk,post_incorrect,1,0.6213284379172231
sub_7db0eb5bbaa4,2,4,value-tight-chunk,post_incorrect,2,0.5605390520694269
sub_7db0eb5bbaa4,2,4,value-tight-chunk,post_incorrect,3,0.48602303070761077
sub_7db0eb5bbaa4,2,4,value-tight-chunk,post_incorrect,4,0.5997162883845125
sub_7db0eb5bbaa4,2,4,value-tight-chunk,post_incorrect,5,0.7060246995994652
sub_7db0eb5bbaa4,2,5,value-loose-chunk,post_incorrect,1,0.6109680099709186
sub_7db0eb5bbaa4,2,5,value-loose-chunk,post_incorrect,2,0.4597839634399675
sub_7db0eb5bbaa4,2,5,value-loose-chunk,post_incorrect,3,0.4079351890319892
sub_7db0eb5bbaa4,2,5,value-loose-chunk,post_incorrect,4,0.3327793934358118
sub_7db0eb5bbaa4,2,5,value-loose-chunk,post_incorrect,5,0.45808059825508857
sub_fee3a357342f,1,1,value-tight-chunk,pre_incorrect,1,0.48418984516611685
sub_fee3a357342f,1,1,value-tight-chunk,pre_incorrect,2,0.5775587460387276
sub_fee3a357342f,1,1,value-tight-chunk,pre_incorrect,3,0.4574895290863287
sub_fee3a357342f,1,1,value-tight-chunk,pre_incorrect,4,0.3808576490075743
sub_fee3a357342f,1,1,value-tight-chunk,pre_incorrect,5,0.35109929180042176
sub_fee3a357342f,1,2,value-tight-chunk,first_correct,1,0.5462563492232163
sub_fee3a357342f,1,2,value-tight-chunk,first_correct,2,0.45465751386734105
sub_fee3a357342f,1,2,value-tight-chunk,first_correct,3,0.6008756083565344
sub_fee3a357342f,1,2,value-tight-chunk,first_correct,4,0.5188404565064931
sub_fee3a357342f,1,2,value-tight-chunk,first_correct,5,0.6332858691263054
sub_fee3a357342f,1,3,value-tight-chunk,post_correct,1,0.7167220104128234
sub_fee3a357342f,1,3,value-tight-chunk,post_correct,2,0.6039847497232814
sub_fee3a357342f,1,3,value-tight-chunk,post_correct,3,0.6216537531258967
sub_fee3a357342f,1,3,value-tight-chunk,post_correct,4,0.5558971836182514
sub_fee3a357342f,1,3,value-tight-chunk,post_correct,5,0.3320624769401052
sub_fee3a357342f,1,4,value-tight-chunk,post_correct,1,0.33471828524832054
sub_fee3a357342f,1,4,value-tight-chunk,post_correct,2,0.45198617636780186
sub_fee3a357342f,1,4,value-tight-chunk,post_correct,3,0.774628198656467
sub_fee3a357342f,1,4,value-tight-chunk,post_correct,4,0.48347765308896085
sub_fee3a357342f,1,4,value-tight-chunk,post_correct,5,0.6498272045975229
sub_fee3a357342f,1,5,value-tight-chunk,post_correct,1,0.7302106376839473
sub_fee3a357342f,1,5,value-tight-chunk,post_correct,2,0.39799942291045487
sub_fee3a357342f,1,5,value-tight-chunk,post_correct,3,0.6507646436472064
sub_fee3a357342f,1,5,value-tight-chunk,post_correct,4,0.5133211503318261
sub_fee3a357342f,1,5,value-tight-chunk,post_correct,5,0.6922189093007594
sub_07f6be2aa134,2,1,value-loose-chunk,first_correct,1,0.7639853747714809
sub_07f6be2aa134,2,1,value-loose-chunk,first_correct,2,0.8398537477148078
sub_07f6be2aa134,2,1,value-loose-chunk,first_correct,3,0.6513711151736746
sub_07f6be2aa134,2,1,value-loose-chunk,first_correct,4,0.7544789762340046
sub_07f6be2aa134,2,1,value-loose-chunk,first_correct,5,0.8723948811700178
sub_07f6be2aa134,2,2,hybrid,post_incorrect,1,0.5085530707610149
sub_07f6be2aa134,2,2,hybrid,post_incorrect,2,0.46190754339118817
sub_07f6be2aa134,2,2,hybrid,post_incorrect,3,0.2680240320427239
sub_07f6be2aa134,2,2,hybrid,post_incorrect,4,0.1897947263017359
sub_07f6be2aa134,2,2,hybrid,post_incorrect,5,0.2179155540720961
sub_07f6be2aa134,2,3,operator,post_correct,1,0.5563909774436092
sub_07f6be2aa134,2,3,operator,post_correct,2,0.3270676691729324
sub_07f6be2aa134,2,3,operator,post_correct,3,0.3890977443609016
sub_07f6be2aa134,2,3,operator,post_correct,4,0.24493927125506113
sub_07f6be2aa134,2,3,operator,post_correct,5,0.2393001735106995
sub_07f6be2aa134,2,4,tautological,post_incorrect,1,0.5352553404539386
sub_07f6be2aa134,2,4,tautological,post_incorrect,2,0.26222463284379127
sub_07f6be2aa134,2,4,tautological,post_incorrect,3,0.0
sub_07f6be2aa134,2,4,tautological,post_incorrect,4,0.1710614152202935
sub_07f6be2aa134,2,4,tautological,post_incorrect,5,0.10664218958611471
sub_07f6be2aa134,2,5,value-tight-chunk,post_correct,1,0.5005129958960329
sub_07f6be2aa134,2,5,value-tight-chunk,post_correct,2,0.5504445964432282
sub_07f6be2aa134,2,5,value-tight-chunk,post_correct,3,0.14705882352941196
sub_07f6be2aa134,2,5,value-tight-chunk,post_correct,4,0.6904924760601916
sub_07f6be2aa134,2,5,value-tight-chunk,post_correct,5,0.3864569083447341
sub_d333fc109d39,2,1,operator,pre_incorrect,1,0.3184968684759917
sub_d333fc109d39,2,1,operator,pre_incorrect,2,0.09695198329853874
sub_d333fc109d39,2,1,operator,pre_incorrect,3,0.14914405010438395
sub_d333fc109d39,2,1,operator,pre_incorrect,4,0.1617536534446774
sub_d333fc109d39,2,1,operator,pre_incorrect,5,0.11306889352818306
sub_d333fc109d39,2,2,tautological,pre_incorrect,1,0.26440140257138084
sub_d333fc109d39,2,2,tautological,pre_incorrect,2,0.20679579228585654
sub_d333fc109d39,2,2,tautological,pre_incorrect,3,0.07705793955585226
sub_d333fc109d39,2,2,tautological,pre_incorrect,4,0.19485723827016105
sub_d333fc109d39,2,2,tautological,pre_incorrect,5,0.04583402905326427
sub_d333fc109d39,2,3,hybrid,first_correct,1,0.549183943537715
sub_d333fc109d39,2,3,hybrid,first_correct,2,0.5374944861049847
sub_d333fc109d39,2,3,hybrid,first_correct,3,0.3489192765769737
sub_d333fc109d39,2,3,hybrid,first_correct,4,0.613586237318041
sub_d333fc109d39,2,3,hybrid,first_correct,5,0.7617997353330392
sub_d333fc109d39,2,4,value-loose-chunk,post_correct,1,0.614596836919886
sub_d333fc109d39,2,4,value-loose-chunk,post_correct,2,0.40497796214674564
sub_d333fc109d39,2,4,value-loose-chunk,post_correct,3,0.3506611355976154
sub_d333fc109d39,2,4,value-loose-chunk,post_correct,4,0.290510759657765
sub_d333fc109d39,2,4,value-loose-chunk,post_correct,5,0.4180710396681374
sub_d333fc109d39,2,5,value-tight-chunk,post_incorrect,1,0.36721489397228263
sub_d333fc109d39,2,5,value-tight-chunk,post_incorrect,2,0.3257221572883619
sub_d333fc109d39,2,5,value-tight-chunk,post_incorrect,3,0.17916179662714954
sub_d333fc109d39,2,5,value-tight-chunk,post_incorrect,4,0.17223242611454412
sub_d333fc109d39,2,5,value-tight-chunk,post_incorrect,5,0.3814910669560866
sub_eb76a1267103,2,1,operator,pre_incorrect,1,0.3277745351455016
sub_eb76a1267103,2,1,operator,pre_incorrect,2,0.3537063286917369
sub_eb76a1267103,2,1,operator,pre_incorrect,3,0.3941882764946212
sub_eb76a1267103,2,1,operator,pre_incorrect,4,0.4004419244559322
sub_eb76a1267103,2,1,operator,pre_incorrect,5,0.3131409989160336
sub_eb76a1267103,2,2,value-tight-chunk,first_correct,1,0.7653784587239884
sub_eb76a1267103,2,2,value-tight-chunk,first_correct,2,0.30882689229361965
sub_eb76a1267103,2,2,value-tight-chunk,first_correct,3,0.17688085982163324
sub_eb76a1267103,2,2,value-tight-chunk,first_correct,4,0.3709124171049623
sub_eb76a1267103,2,2,value-tight-chunk,first_correct,5,0.6974616967756684
sub_eb76a1267103,2,3,value-loose-chunk,post_correct,1,0.8542702214188885
sub_eb76a1267103,2,3,value-loose-chunk,post_correct,2,0.7155445097153184
sub_eb76a1267103,2,3,value-loose-chunk,post_correct,3,0.11116131947582447
sub_eb76a1267103,2,3,value-loose-chunk,post_correct,4,0.629688206055129
sub_eb76a1267103,2,3,value-loose-chunk,post_correct,5,0.44803434252146257
sub_eb76a1267103,2,4,tautological,post_incorrect,1,0.3018427415992663
sub_eb76a1267103,2,4,tautological,post_incorrect,2,0.19161177353456169
sub_eb76a1267103,2,4,tautological,post_incorrect,3,0.5711665137997161
sub_eb76a1267103,2,4,tautological,post_incorrect,4,0.5195947636121074
sub_eb76a1267103,2,4,tautological,post_incorrect,5,0.4801967814558499
sub_eb76a1267103,2,5,hybrid,post_correct,1,0.6527431421446386
sub_eb76a1267103,2,5,hybrid,post_correct,2,0.22880299251870326
sub_eb76a1267103,2,5,hybrid,post_correct,3,0.5274314214463841
sub_eb76a1267103,2,5,hybrid,post_correct,4,0.4766209476309227
sub_eb76a1267103,2,5,hybrid,post_correct,5,0.5470698254364093
sub_e45a90050792,2,1,operator,first_correct,1,0.6752008569898235
sub_e45a90050792,2,1,operator,first_correct,2,0.5279592929833964
sub_e45a90050792,2,1,operator,first_correct,3,0.5097482592394221
sub_e45a90050792,2,1,operator,first_correct,4,0.6306909480449919
sub_e45a90050792,2,1,operator,first_correct,5,0.4301017675415098
sub_e45a90050792,2,2,value-tight-chunk,post_incorrect,1,0.622424292984066
sub_e45a90050792,2,2,value-tight-chunk,post_incorrect,2,0.653833319429382
sub_e45a90050792,2,2,value-tight-chunk,post_incorrect,3,0.5535163093351125
sub_e45a90050792,2,2,value-tight-chunk,post_incorrect,4,0.5802953199299226
sub_e45a90050792,2,2,value-tight-chunk,post_incorrect,5,0.48819554517393876
sub_e45a90050792,2,3,value-loose-chunk,post_incorrect,1,0.5523483774088597
sub_e45a90050792,2,3,value-loose-chunk,post_incorrect,2,0.5682405939768087
sub_e45a90050792,2,3,value-loose-chunk,post_incorrect,3,0.39768082088929696
sub_e45a90050792,2,3,value-loose-chunk,post_incorrect,4,0.5237340452156508
sub_e45a90050792,2,3,value-loose-chunk,post_incorrect,5,0.4350129306748991
sub_e45a90050792,2,4,tautological,post_correct,1,0.04994124559341949
sub_e45a90050792,2,4,tautological,post_correct,2,0.11809635722679206
sub_e45a90050792,2,4,tautological,post_correct,3,0.27144535840188
sub_e45a90050792,2,4,tautological,post_correct,4,0.0
sub_e45a90050792,2,4,tautological,post_correct,5,0.0
sub_e45a90050792,2,5,hybrid,post_incorrect,1,0.25022941519979974
sub_e45a90050792,2,5,hybrid,post_incorrect,2,0.4281304746809037
sub_e45a90050792,2,5,hybrid,post_incorrect,3,0.33440393759906606
sub_e45a90050792,2,5,hybrid,post_incorrect,4,0.3719028948027028
sub_e45a90050792,2,5,hybrid,post_incorrect,5,0.7055560190206065
sub_c481b0864ebf,2,1,tautological,pre_incorrect,1,0.36743972637023425
sub_c481b0864ebf,2,1,tautological,pre_incorrect,2,0.5174772670392928
sub_c481b0864ebf,2,1,tautological,pre_incorrect,3,0.5519312588637696
sub_c481b0864ebf,2,1,tautological,pre_incorrect,4,0.45269875698673717
sub_c481b0864ebf,2,1,tautological,pre_incorrect,5,0.44698423291899475
sub_c481b0864ebf,2,2,hybrid,pre_incorrect,1,0.28229305740988003
sub_c481b0864ebf,2,2,hybrid,pre_incorrect,2,0.40979639519359173
sub_c481b0864ebf,2,2,hybrid,pre_incorrect,3,0.48652369826435105
sub_c481b0864ebf,2,2,hybrid,pre_incorrect,4,0.5276201602136182
sub_c481b0864ebf,2,2,hybrid,pre_incorrect,5,0.5844876502002683
sub_c481b0864ebf,2,3,value-tight-chunk,first_correct,1,0.4300926751024774
sub_c481b0864ebf,2,3,value-tight-chunk,first_correct,2,0.519604348600963
sub_c481b0864ebf,2,3,value-tight-chunk,first_correct,3,0.39083942256282295
sub_c481b0864ebf,2,3,value-tight-chunk,first_correct,4,0.5354660488326496
sub_c481b0864ebf,2,3,value-tight-chunk,first_correct,5,0.5174211370522188
sub_c481b0864ebf,2,4,operator,post_incorrect,1,0.20423064085447257
sub_c481b0864ebf,2,4,operator,post_incorrect,2,0.6913801735647527
sub_c481b0864ebf,2,4,operator,post_incorrect,3,0.5294559412550066
sub_c481b0864ebf,2,4,operator,post_incorrect,4,0.4699599465954604
sub_c481b0864ebf,2,4,operator,post_incorrect,5,0.523948598130839
sub_c481b0864ebf,2,5,value-loose-chunk,post_correct,1,0.625
sub_c481b0864ebf,2,5,value-loose-chunk,post_correct,2,0.8443341121495329
sub_c481b0864ebf,2,5,value-loose-chunk,post_correct,3,0.4757593457943921
sub_c481b0864ebf,2,5,value-loose-chunk,post_correct,4,0.5963785046728971
sub_c481b0864ebf,2,5,value-loose-chunk,post_correct,5,0.2278037383177568
sub_a99f3e5979de,2,1,value-loose-chunk,first_correct,1,0.4186906669954382
sub_a99f3e5979de,2,1,value-loose-chunk,first_correct,2,0.1938108741215632
sub_a99f3e5979de,2,1,value-loose-chunk,first_correct,3,0.14418690666995473
sub_a99f3e5979de,2,1,value-loose-chunk,first_correct,4,0.3649981506595989
sub_a99f3e5979de,2,1,value-loose-chunk,first_correct,5,0.6597830107261753
sub_a99f3e5979de,2,2,hybrid,post_incorrect,1,0.2991745184691069
sub_a99f3e5979de,2,2,hybrid,post_incorrect,2,0.3022596514633533
sub_a99f3e5979de,2,2,hybrid,post_incorrect,3,0.03881430834653596
sub_a99f3e5979de,2,2,hybrid,post_incorrect,4,0.5919286250312673
sub_a99f3e5979de,2,2,hybrid,post_incorrect,5,0.4269573918118914
sub_a99f3e5979de,2,3,operator,post_incorrect,1,0.4575168848494955
sub_a99f3e5979de,2,3,operator,post_incorrect,2,0.45876761444175773
sub_a99f3e5979de,2,3,operator,post_incorrect,3,0.4294171600100069
sub_a99f3e5979de,2,3,operator,post_incorrect,4,0.15133828066372032
sub_a99f3e5979de,2,3,operator,post_incorrect,5,0.33857250062536637
sub_a99f3e5979de,2,4,value-tight-chunk,post_correct,1,0.2278047387953183
sub_a99f3e5979de,2,4,value-tight-chunk,post_correct,2,0.0
sub_a99f3e5979de,2,4,value-tight-chunk,post_correct,3,0.2866114758778194
sub_a99f3e5979de,2,4,value-tight-chunk,post_correct,4,0.6755638024550386
sub_a99f3e5979de,2,4,value-tight-chunk,post_correct,5,0.6351698544105047
sub_a99f3e5979de,2,5,tautological,post_correct,1,0.42511050663039773
sub_a99f3e5979de,2,5,tautological,post_correct,2,0.6293777626657602
sub_a99f3e5979de,2,5,tautological,post_correct,3,0.36756205372322415
sub_a99f3e5979de,2,5,tautological,post_correct,4,0.34758585515130896
sub_a99f3e5979de,2,5,tautological,post_correct,5,0.4543522611356699
sub_fb51b65a2596,2,1,value-tight-chunk,first_correct,1,0.39777442474537916
sub_fb51b65a2596,2,1,value-tight-chunk,first_correct,2,0.5665786495662015
sub_fb51b65a2596,2,1,value-tight-chunk,first_correct,3,0.5331950207468876
sub_fb51b65a2596,2,1,value-tight-chunk,first_correct,4,0.6335345152772545
sub_fb51b65a2596,2,1,value-tight-chunk,first_correct,5,0.34590720482836657
sub_fb51b65a2596,2,2,value-loose-chunk,post_correct,1,0.47753113156469945
sub_fb51b65a2596,2,2,value-loose-chunk,post_correct,2,0.543313481321061
sub_fb51b65a2596,2,2,value-loose-chunk,post_correct,3,0.6396859772604226
sub_fb51b65a2596,2,2,value-loose-chunk,post_correct,4,0.5961017866811049
sub_fb51b65a2596,2,2,value-loose-chunk,post_correct,5,0.4347590687601516
sub_fb51b65a2596,2,3,tautological,post_incorrect,1,0.5808805136329526
sub_fb51b65a2596,2,3,tautological,post_incorrect,2,0.4379638122237969
sub_fb51b65a2596,2,3,tautological,post_incorrect,3,0.3703827232552334
sub_fb51b65a2596,2,3,tautological,post_incorrect,4,0.3368214791961975
sub_fb51b65a2596,2,3,tautological,post_incorrect,5,0.2638622529809058
sub_fb51b65a2596,2,4,hybrid,post_correct,1,0.45278650570530865
sub_fb51b65a2596,2,4,hybrid,post_correct,2,0.45634198776252677
sub_fb51b65a2596,2,4,hybrid,post_correct,3,0.3856457747643461
sub_fb51b65a2596,2,4,hybrid,post_correct,4,0.3625764842070441
sub_fb51b65a2596,2,4,hybrid,post_correct,5,0.18256986935670627
sub_fb51b65a2596,2,5,operator,post_correct,1,0.4804592085979483
sub_fb51b65a2596,2,5,operator,post_correct,2,0.42000488519785034
sub_fb51b65a2596,2,5,operator,post_correct,3,0.43050806057645324
sub_fb51b65a2596,2,5,operator,post_correct,4,0.3561309233023938
sub_fb51b65a2596,2,5,operator,post_correct,5,0.5000000000000028
sub_5b68cea8b576,2,1,hybrid,pre_incorrect,1,0.2236732309746329
sub_5b68cea8b576,2,1,hybrid,pre_incorrect,2,0.29752169559412583
sub_5b68cea8b576,2,1,hybrid,pre_incorrect,3,0.21453604806408558
sub_5b68cea8b576,2,1,hybrid,pre_incorrect,4,0.30394692923898575
sub_5b68cea8b576,2,1,hybrid,pre_incorrect,5,0.21286715620827726
sub_5b68cea8b576,2,2,value-loose-chunk,first_correct,1,0.43561592854484577
sub_5b68cea8b576,2,2,value-loose-chunk,first_correct,2,0.510606624488277
sub_5b68cea8b576,2,2,value-loose-chunk,first_correct,3,0.0660588016375137
sub_5b68cea8b576,2,2,value-loose-chunk,first_correct,4,0.2106438407145518
sub_5b68cea8b576,2,2,value-loose-chunk,first_correct,5,0.12132489765537792
sub_5b68cea8b576,2,3,operator,post_incorrect,1,0.5555601902060565
sub_5b68cea8b576,2,3,operator,post_incorrect,2,0.47555685325769614
sub_5b68cea8b576,2,3,operator,post_incorrect,3,0.39388504212897296
sub_5b68cea8b576,2,3,operator,post_incorrect,4,0.3814966213397842
sub_5b68cea8b576,2,3,operator,post_incorrect,5,0.3164678401601725
sub_5b68cea8b576,2,4,value-tight-chunk,post_incorrect,1,0.3974305497622423
sub_5b68cea8b576,2,4,value-tight-chunk,post_incorrect,2,0.47680820889296754
sub_5b68cea8b576,2,4,value-tight-chunk,post_incorrect,3,0.4119879869859024
sub_5b68cea8b576,2,4,value-tight-chunk,post_incorrect,4,0.35805455910569794
sub_5b68cea8b576,2,4,value-tight-chunk,post_incorrect,5,0.36623008258947254
sub_5b68cea8b576,2,5,tautological,post_incorrect,1,0.32326435246996
sub_5b68cea8b576,2,5,tautological,post_incorrect,2,0.35367990654205594
sub_5b68cea8b576,2,5,tautological,post_incorrect,3,0.447096128170894
sub_5b68cea8b576,2,5,tautological,post_incorrect,4,0.3620243658210945
sub_5b68cea8b576,2,5,tautological,post_incorrect,5,0.2792056074766358
sub_9064e70ac7ce,2,1,tautological,pre_incorrect,1,0.3460542797494781
sub_9064e70ac7ce,2,1,tautological,pre_incorrect,2,0.31866388308977045
sub_9064e70ac7ce,2,1,tautological,pre_incorrect,3,0.38730688935281793
sub_9064e70ac7ce,2,1,tautological,pre_incorrect,4,0.3049686847599172
sub_9064e70ac7ce,2,1,tautological,pre_incorrect,5,0.2854279749478091
sub_9064e70ac7ce,2,2,value-tight-chunk,first_correct,1,0.43646638905413454
sub_9064e70ac7ce,2,2,value-tight-chunk,first_correct,2,0.4393218322427128
sub_9064e70ac7ce,2,2,value-tight-chunk,first_correct,3,0.29910767400356925
sub_9064e70ac7ce,2,2,value-tight-chunk,first_correct,4,0.2477096966091613
sub_9064e70ac7ce,2,2,value-tight-chunk,first_correct,5,0.5136228435455078
sub_9064e70ac7ce,2,3,hybrid,post_correct,1,0.6538461538461536
sub_9064e70ac7ce,2,3,hybrid,post_correct,2,0.6627297935709155
sub_9064e70ac7ce,2,3,hybrid,post_correct,3,0.2477149019205093
sub_9064e70ac7ce,2,3,hybrid,post_correct,4,0.39950703502105483
sub_9064e70ac7ce,2,3,hybrid,post_correct,5,0.6351545650611071
sub_9064e70ac7ce,2,4,value-loose-chunk,post_correct,1,0.49529662611313163
sub_9064e70ac7ce,2,4,value-loose-chunk,post_correct,2,0.44631882603787787
sub_9064e70ac7ce,2,4,value-loose-chunk,post_correct,3,0.3961495045779497
sub_9064e70ac7ce,2,4,value-loose-chunk,post_correct,4,0.3554496425435845
sub_9064e70ac7ce,2,4,value-loose-chunk,post_correct,5,0.573686190894267
sub_9064e70ac7ce,2,5,operator,post_incorrect,1,0.5392901878914406
sub_9064e70ac7ce,2,5,operator,post_incorrect,2,0.4577870563674321
sub_9064e70ac7ce,2,5,operator,post_incorrect,3,0.37348643006262994
sub_9064e70ac7ce,2,5,operator,post_incorrect,4,0.48258872651357143
sub_9064e70ac7ce,2,5,operator,post_incorrect,5,0.3918580375782889
sub_4a3776b17704,2,1,operator,first_correct,1,0.5721743077621424
sub_4a3776b17704,2,1,operator,first_correct,2,0.35274625510667273
sub_4a3776b17704,2,1,operator,first_correct,3,0.21198365864729887
sub_4a3776b17704,2,1,operator,first_correct,4,0.3462551066727177
sub_4a3776b17704,2,1,operator,first_correct,5,0.41679527916477666
sub_4a3776b17704,2,2,value-tight-chunk,post_incorrect,1,0.4510180240320424
sub_4a3776b17704,2,2,value-tight-chunk,post_incorrect,2,0.3513017356475301
sub_4a3776b17704,2,2,value-tight-chunk,post_incorrect,3,0.2663134178905202
sub_4a3776b17704,2,2,value-tight-chunk,post_incorrect,4,0.27177903871829207
sub_4a3776b17704,2,2,value-tight-chunk,post_incorrect,5,0.3833861815754342
sub_4a3776b17704,2,3,tautological,post_incorrect,1,0.3991154873164219
sub_4a3776b17704,2,3,tautological,post_incorrect,2,0.29080440587449946
sub_4a3776b17704,2,3,tautological,post_incorrect,3,0.23994492656875854
sub_4a3776b17704,2,3,tautological,post_incorrect,4,0.15549899866488728
sub_4a3776b17704,2,3,tautological,post_incorrect,5,0.338785046728971
sub_4a3776b17704,2,4,hybrid,post_correct,1,0.3879688261081343
sub_4a3776b17704,2,4,hybrid,post_correct,2,0.6041159279103749
sub_4a3776b17704,2,4,hybrid,post_correct,3,0.5187530443253777
sub_4a3776b17704,2,4,hybrid,post_correct,4,0.5641743789576229
sub_4a3776b17704,2,4,hybrid,post_correct,5,0.07939600584510485
sub_4a3776b17704,2,5,value-loose-chunk,post_incorrect,1,0.4598214285714288
sub_4a3776b17704,2,5,value-loose-chunk,post_incorrect,2,0.2724465954606136
sub_4a3776b17704,2,5,value-loose-chunk,post_incorrect,3,0.4340370493991992
sub_4a3776b17704,2,5,value-loose-chunk,post_incorrect,4,0.4796395193591459
sub_4a3776b17704,2,5,value-loose-chunk,post_incorrect,5,0.10447263017356555
sub_87fc689861cd,2,1,hybrid,pre_incorrect,1,0.5789561586638831
sub_87fc689861cd,2,1,hybrid,pre_incorrect,2,0.370146137787056
sub_87fc689861cd,2,1,hybrid,pre_incorrect,3,0.2920668058455111
sub_87fc689861cd,2,1,hybrid,pre_incorrect,4,0.36718162839248425
sub_87fc689861cd,2,1,hybrid,pre_incorrect,5,0.40342379958246255
sub_87fc689861cd,2,2,value-tight-chunk,first_correct,1,0.5045902754165249
sub_87fc689861cd,2,2,value-tight-chunk,first_correct,2,0.2222883373002382
sub_87fc689861cd,2,2,value-tight-chunk,first_correct,3,0.3413804828289708
sub_87fc689861cd,2,2,value-tight-chunk,first_correct,4,0.3268446106766411
sub_87fc689861cd,2,2,value-tight-chunk,first_correct,5,0.3760625637538252
sub_87fc689861cd,2,3,operator,post_incorrect,1,0.39097026084067094
sub_87fc689861cd,2,3,operator,post_incorrect,2,0.3353962452234583
sub_87fc689861cd,2,3,operator,post_incorrect,3,0.36658913440770863
sub_87fc689861cd,2,3,operator,post_incorrect,4,0.36870742648280486
sub_87fc689861cd,2,3,operator,post_incorrect,5,0.3569945173616885
sub_87fc689861cd,2,4,value-loose-chunk,post_correct,1,0.3956907712224896
sub_87fc689861cd,2,4,value-loose-chunk,post_correct,2,0.44303680414277824
sub_87fc689861cd,2,4,value-loose-chunk,post_correct,3,0.30432772332162084
sub_87fc689861cd,2,4,value-loose-chunk,post_correct,4,0.2959589421120794
sub_87fc689861cd,2,4,value-loose-chunk,post_correct,5,0.4121971518402068
sub_87fc689861cd,2,5,tautological,post_incorrect,1,0.4219571202135645
sub_87fc689861cd,2,5,tautological,post_incorrect,2,0.3014098606824056
sub_87fc689861cd,2,5,tautological,post_incorrect,3,0.3297739217485612
sub_87fc689861cd,2,5,tautological,post_incorrect,4,0.45115541836990203
sub_87fc689861cd,2,5,tautological,post_incorrect,5,0.3328605989822309
sub_14a77ad08e5b,2,1,tautological,first_correct,1,0.20737842370039133
sub_14a77ad08e5b,2,1,tautological,first_correct,2,0.36120737842370115
sub_14a77ad08e5b,2,1,tautological,first_correct,3,0.428954723309112
sub_14a77ad08e5b,2,1,tautological,first_correct,4,0.3246506428172159
sub_14a77ad08e5b,2,1,tautological,first_correct,5,0.20838457238680874
sub_14a77ad08e5b,2,2,hybrid,post_incorrect,1,0.4844587801608578
sub_14a77ad08e5b,2,2,hybrid,post_incorrect,2,0.2719085120643436
sub_14a77ad08e5b,2,2,hybrid,post_incorrect,3,0.2909266085790888
sub_14a77ad08e5b,2,2,hybrid,post_incorrect,4,0.4546330428954427
sub_14a77ad08e5b,2,2,hybrid,post_incorrect,5,0.3244386729222528
sub_14a77ad08e5b,2,3,value-tight-chunk,post_correct,1,0.4836117381489842
sub_14a77ad08e5b,2,3,value-tight-chunk,post_correct,2,0.37553047404063244
sub_14a77ad08e5b,2,3,value-tight-chunk,post_correct,3,0.2902031602708803
sub_14a77ad08e5b,2,3,value-tight-chunk,post_correct,4,0.34835214446952634
sub_14a77ad08e5b,2,3,value-tight-chunk,post_correct,5,0.36492099322799093
sub_14a77ad08e5b,2,4,operator,post_incorrect,1,0.4870429386112044
sub_14a77ad08e5b,2,4,operator,post_incorrect,2,0.5047383428379737
sub_14a77ad08e5b,2,4,operator,post_incorrect,3,0.324807111707482
sub_14a77ad08e5b,2,4,operator,post_incorrect,4,0.3946662193894675
sub_14a77ad08e5b,2,4,operator,post_incorrect,5,0.1621938946662192
sub_14a77ad08e5b,2,5,value-loose-chunk,post_correct,1,0.5420359281437128
sub_14a77ad08e5b,2,5,value-loose-chunk,post_correct,2,0.5789221556886223
sub_14a77ad08e5b,2,5,value-loose-chunk,post_correct,3,0.28287425149700623
sub_14a77ad08e5b,2,5,value-loose-chunk,post_correct,4,0.31604790419161755
sub_14a77ad08e5b,2,5,value-loose-chunk,post_correct,5,0.6276646706586809
sub_d4272455c318,2,1,value-tight-chunk,pre_incorrect,1,0.29874030199382656
sub_d4272455c318,2,1,value-tight-chunk,pre_incorrect,2,0.2853090848419122
sub_d4272455c318,2,1,value-tight-chunk,pre_incorrect,3,0.18761992158171342
sub_d4272455c318,2,1,value-tight-chunk,pre_incorrect,4,0.420497205305748
sub_d4272455c318,2,1,value-tight-chunk,pre_incorrect,5,0.29511137065154047
sub_d4272455c318,2,2,hybrid,first_correct,1,0.33551775887943974
sub_d4272455c318,2,2,hybrid,first_correct,2,0.333816908454227
sub_d4272455c318,2,2,hybrid,first_correct,3,0.1825912956478238
sub_d4272455c318,2,2,hybrid,first_correct,4,0.2603801900950474
sub_d4272455c318,2,2,hybrid,first_correct,5,0.4509754877438719
sub_d4272455c318,2,3,operator,post_incorrect,1,0.4117794277133563
sub_d4272455c318,2,3,operator,post_incorrect,2,0.39822307499791515
sub_d4272455c318,2,3,operator,post_incorrect,3,0.3765329106532074
sub_d4272455c318,2,3,operator,post_incorrect,4,0.21089513639776414
sub_d4272455c318,2,3,operator,post_incorrect,5,0.2241595061316424
sub_d4272455c318,2,4,tautological,post_correct,1,0.22193347193347196
sub_d4272455c318,2,4,tautological,post_correct,2,0.46894490644490644
sub_d4272455c318,2,4,tautological,post_correct,3,0.46218814968814975
sub_d4272455c318,2,4,tautological,post_correct,4,0.3067827442827444
sub_d4272455c318,2,4,tautological,post_correct,5,0.6412422037422041
sub_d4272455c318,2,5,value-loose-chunk,post_incorrect,1,0.5052126772310258
sub_d4272455c318,2,5,value-loose-chunk,post_incorrect,2,0.4424103419516266
sub_d4272455c318,2,5,value-loose-chunk,post_incorrect,3,0.4467472894078387
sub_d4272455c318,2,5,value-loose-chunk,post_incorrect,4,0.2519182652210174
sub_d4272455c318,2,5,value-loose-chunk,post_incorrect,5,0.3358632193494591
sub_21b87d0c027d,2,1,operator,pre_incorrect,1,0.5555601902060562
sub_21b87d0c027d,2,1,operator,pre_incorrect,2,0.4465254025193953
sub_21b87d0c027d,2,1,operator,pre_incorrect,3,0.37398848752815494
sub_21b87d0c027d,2,1,operator,pre_incorrect,4,0.5308250604821914
sub_21b87d0c027d,2,1,operator,pre_incorrect,5,0.501960457161925
sub_21b87d0c027d,2,2,value-tight-chunk,pre_incorrect,1,0.2809424520433694
sub_21b87d0c027d,2,2,value-tight-chunk,pre_incorrect,2,0.4452460383653045
sub_21b87d0c027d,2,2,value-tight-chunk,pre_incorrect,3,0.2987489574645539
sub_21b87d0c027d,2,2,value-tight-chunk,pre_incorrect,4,0.24753961634695668
sub_21b87d0c027d,2,2,value-tight-chunk,pre_incorrect,5,0.40800667222685594
sub_21b87d0c027d,2,3,value-loose-chunk,pre_incorrect,1,0.5569641367806505
sub_21b87d0c027d,2,3,value-loose-chunk,pre_incorrect,2,0.405796497080901
sub_21b87d0c027d,2,3,value-loose-chunk,pre_incorrect,3,0.5570475396163462
sub_21b87d0c027d,2,3,value-loose-chunk,pre_incorrect,4,0.44007506255212664
sub_21b87d0c027d,2,3,value-loose-chunk,pre_incorrect,5,0.24924937447873183
sub_21b87d0c027d,2,4,tautological,pre_incorrect,1,0.4024186822351956
sub_21b87d0c027d,2,4,tautological,pre_incorrect,2,0.2449124270225185
sub_21b87d0c027d,2,4,tautological,pre_incorrect,3,0.30216847372810657
sub_21b87d0c027d,2,4,tautological,pre_incorrect,4,0.26276063386155196
sub_21b87d0c027d,2,4,tautological,pre_incorrect,5,0.3617597998331954
sub_21b87d0c027d,2,5,hybrid,first_correct,1,0.33987813134732575
sub_21b87d0c027d,2,5,hybrid,first_correct,2,0.3116113744075827
sub_21b87d0c027d,2,5,hybrid,first_correct,3,0.17349356804333174
sub_21b87d0c027d,2,5,hybrid,first_correct,4,0.20785375761679106
sub_21b87d0c027d,2,5,hybrid,first_correct,5,0.0
sub_83b0d98a611e,2,1,tautological,first_correct,1,0.5261309646767197
sub_83b0d98a611e,2,1,tautological,first_correct,2,0.06754802726709358
sub_83b0d98a611e,2,1,tautological,first_correct,3,0.4255319148936168
sub_83b0d98a611e,2,1,tautological,first_correct,4,0.11030778764718085
sub_83b0d98a611e,2,1,tautological,first_correct,5,0.024581697996281716
sub_83b0d98a611e,2,2,value-tight-chunk,post_incorrect,1,0.3737180021679315
sub_83b0d98a611e,2,2,value-tight-chunk,post_incorrect,2,0.2034520136746435
sub_83b0d98a611e,2,2,value-tight-chunk,post_incorrect,3,0.1748519969982482
sub_83b0d98a611e,2,2,value-tight-chunk,post_incorrect,4,0.06320353539564709
sub_83b0d98a611e,2,2,value-tight-chunk,post_incorrect,5,0.1081047277578589
sub_83b0d98a611e,2,3,operator,post_incorrect,1,0.3345284749437172
sub_83b0d98a611e,2,3,operator,post_incorrect,2,0.07229217043275252
sub_83b0d98a611e,2,3,operator,post_incorrect,3,0.21554239973317804
sub_83b0d98a611e,2,3,operator,post_incorrect,4,0.0698740932210457
sub_83b0d98a611e,2,3,operator,post_incorrect,5,0.2308846827315933
sub_83b0d98a611e,2,4,hybrid,post_incorrect,1,0.2109563912282164
sub_83b0d98a611e,2,4,hybrid,post_incorrect,2,0.11973651296589721
sub_83b0d98a611e,2,4,hybrid,post_incorrect,3,0.1271575085466521
sub_83b0d98a611e,2,4,hybrid,post_incorrect,4,0.018594179938297255
sub_83b0d98a611e,2,4,hybrid,post_incorrect,5,0.11565079629783985
sub_83b0d98a611e,2,5,value-loose-chunk,post_correct,1,0.4718554551772064
sub_83b0d98a611e,2,5,value-loose-chunk,post_correct,2,0.0
sub_83b0d98a611e,2,5,value-loose-chunk,post_correct,3,0.11049339819318958
sub_83b0d98a611e,2,5,value-loose-chunk,post_correct,4,0.3154968728283528
sub_83b0d98a611e,2,5,value-loose-chunk,post_correct,5,0.0
sub_745f9f8c7efd,2,1,operator,pre_incorrect,1,0.4116910229645094
sub_745f9f8c7efd,2,1,operator,pre_incorrect,2,0.32363256784968675
sub_745f9f8c7efd,2,1,operator,pre_incorrect,3,0.3531941544885182
sub_745f9f8c7efd,2,1,operator,pre_incorrect,4,0.17532359081419616
sub_745f9f8c7efd,2,1,operator,pre_incorrect,5,0.4678496868475979
sub_745f9f8c7efd,2,2,tautological,pre_incorrect,1,0.5124039425325762
sub_745f9f8c7efd,2,2,tautological,pre_incorrect,2,0.4078265953892423
sub_745f9f8c7efd,2,2,tautological,pre_incorrect,3,0.07258603407951916
sub_745f9f8c7efd,2,2,tautological,pre_incorrect,4,0.44524724356832796
sub_745f9f8c7efd,2,2,tautological,pre_incorrect,5,0.26783327764784604
sub_745f9f8c7efd,2,3,hybrid,pre_incorrect,1,0.5222157141661784
sub_745f9f8c7efd,2,3,hybrid,pre_incorrect,2,0.084511756338382
sub_745f9f8c7efd,2,3,hybrid,pre_incorrect,3,0.27181825788636993
sub_745f9f8c7efd,2,3,hybrid,pre_incorrect,4,0.1938749895406242
sub_745f9f8c7efd,2,3,hybrid,pre_incorrect,5,0.26345075725880607
sub_745f9f8c7efd,2,4,value-loose-chunk,first_correct,1,0.3779965753424658
sub_745f9f8c7efd,2,4,value-loose-chunk,first_correct,2,0.4644691780821916
sub_745f9f8c7efd,2,4,value-loose-chunk,first_correct,3,0.5156249999999998
sub_745f9f8c7efd,2,4,value-loose-chunk,first_correct,4,0.3953339041095886
sub_745f9f8c7efd,2,4,value-loose-chunk,first_correct,5,0.44648972602739695
sub_745f9f8c7efd,2,5,value-tight-chunk,post_incorrect,1,0.5965828390007517
sub_745f9f8c7efd,2,5,value-tight-chunk,post_incorrect,2,0.5505054724705492
sub_745f9f8c7efd,2,5,value-tight-chunk,post_incorrect,3,0.3745926978026568
sub_745f9f8c7efd,2,5,value-tight-chunk,post_incorrect,4,0.04336201854791531
sub_745f9f8c7efd,2,5,value-tight-chunk,post_incorrect,5,0.33285988804411415
sub_e4181714e3b3,2,1,value-tight-chunk,first_correct,1,0.28487872011009796
sub_e4181714e3b3,2,1,value-tight-chunk,first_correct,2,0.07552038534319629
sub_e4181714e3b3,2,1,value-tight-chunk,first_correct,3,0.2730087734388436
sub_e4181714e3b3,2,1,value-tight-chunk,first_correct,4,0.19077928780319878
sub_e4181714e3b3,2,1,value-tight-chunk,first_correct,5,0.3333906760708754
sub_e4181714e3b3,2,2,operator,post_correct,1,0.3373473249612936
sub_e4181714e3b3,2,2,operator,post_correct,2,0.44142439360055014
sub_e4181714e3b3,2,2,operator,post_correct,3,0.4887321520729398
sub_e4181714e3b3,2,2,operator,post_correct,4,0.345948735592637
sub_e4181714e3b3,2,2,operator,post_correct,5,0.5676931016686756
sub_e4181714e3b3,2,3,tautological,post_incorrect,1,0.31483181704365254
sub_e4181714e3b3,2,3,tautological,post_incorrect,2,0.25974459560971463
sub_e4181714e3b3,2,3,tautological,post_incorrect,3,0.36854185794174094
sub_e4181714e3b3,2,3,tautological,post_incorrect,4,0.376512811952258
sub_e4181714e3b3,2,3,tautological,post_incorrect,5,0.20044236708121121
sub_e4181714e3b3,2,4,hybrid,post_incorrect,1,0.3473486430062629
sub_e4181714e3b3,2,4,hybrid,post_incorrect,2,0.3549478079331941
sub_e4181714e3b3,2,4,hybrid,post_incorrect,3,0.31302713987473785
sub_e4181714e3b3,2,4,hybrid,post_incorrect,4,0.3123173277661803
sub_e4181714e3b3,2,4,hybrid,post_incorrect,5,0.3061377870563666
sub_e4181714e3b3,2,5,value-loose-chunk,post_correct,1,0.325590108654927
sub_e4181714e3b3,2,5,value-loose-chunk,post_correct,2,0.3941551142750094
sub_e4181714e3b3,2,5,value-loose-chunk,post_correct,3,0.5590108654926939
sub_e4181714e3b3,2,5,value-loose-chunk,post_correct,4,0.31266391907081315
sub_e4181714e3b3,2,5,value-loose-chunk,post_correct,5,0.605282877482202
sub_f82a6e2f77bd,2,1,hybrid,pre_incorrect,1,0.6341806740084458
sub_f82a6e2f77bd,2,1,hybrid,pre_incorrect,2,0.45748116254036575
sub_f82a6e2f77bd,2,1,hybrid,pre_incorrect,3,0.5536971102094895
sub_f82a6e2f77bd,2,1,hybrid,pre_incorrect,4,0.33054566531423346
sub_f82a6e2f77bd,2,1,hybrid,pre_incorrect,5,0.40394965637161506
sub_f82a6e2f77bd,2,2,value-tight-chunk,pre_incorrect,1,0.6454515706806284
sub_f82a6e2f77bd,2,2,value-tight-chunk,pre_incorrect,2,0.29847022251308875
sub_f82a6e2f77bd,2,2,value-tight-chunk,pre_incorrect,3,0.5676946989528792
sub_f82a6e2f77bd,2,2,value-tight-chunk,pre_incorrect,4,0.4337778141361258
sub_f82a6e2f77bd,2,2,value-tight-chunk,pre_incorrect,5,0.2960569371727737
sub_f82a6e2f77bd,2,3,value-loose-chunk,first_correct,1,0.5387658227848103
sub_f82a6e2f77bd,2,3,value-loose-chunk,first_correct,2,0.5148338607594934
sub_f82a6e2f77bd,2,3,value-loose-chunk,first_correct,3,0.511273734177215
sub_f82a6e2f77bd,2,3,value-loose-chunk,first_correct,4,0.49208860759493767
sub_f82a6e2f77bd,2,3,value-loose-chunk,first_correct,5,0.5134493670886069
sub_f82a6e2f77bd,2,4,tautological,post_incorrect,1,0.4723441251966548
sub_f82a6e2f77bd,2,4,tautological,post_incorrect,2,0.4251883745963404
sub_f82a6e2f77bd,2,4,tautological,post_incorrect,3,0.4860064585575884
sub_f82a6e2f77bd,2,4,tautological,post_incorrect,4,0.37509315227291556
sub_f82a6e2f77bd,2,4,tautological,post_incorrect,5,0.40829676244100394
sub_f82a6e2f77bd,2,5,operator,post_correct,1,0.5564314882032666
sub_f82a6e2f77bd,2,5,operator,post_correct,2,0.5165040834845736
sub_f82a6e2f77bd,2,5,operator,post_correct,3,0.5455989110707812
sub_f82a6e2f77bd,2,5,operator,post_correct,4,0.45479809437386726
sub_f82a6e2f77bd,2,5,operator,post_correct,5,0.39059664246823883
sub_84dc13f9f35a,2,1,operator,first_correct,1,0.4632801403626035
sub_84dc13f9f35a,2,1,operator,first_correct,2,0.22934246804244307
sub_84dc13f9f35a,2,1,operator,first_correct,3,0.21133762219065852
sub_84dc13f9f35a,2,1,operator,first_correct,4,0.2981452084551771
sub_84dc13f9f35a,2,1,operator,first_correct,5,0.30533043696215156
sub_84dc13f9f35a,2,2,value-loose-chunk,post_correct,1,0.39804400977995114
sub_84dc13f9f35a,2,2,value-loose-chunk,post_correct,2,0.3579462102689488
sub_84dc13f9f35a,2,2,value-loose-chunk,post_correct,3,0.2958435207823959
sub_84dc13f9f35a,2,2,value-loose-chunk,post_correct,4,0.5770171149144253
sub_84dc13f9f35a,2,2,value-loose-chunk,post_correct,5,0.25623471882640547
sub_84dc13f9f35a,2,3,tautological,post_incorrect,1,0.38570473723786436
sub_84dc13f9f35a,2,3,tautological,post_incorrect,2,0.3870832985211797
sub_84dc13f9f35a,2,3,tautological,post_incorrect,3,0.48817779263096245
sub_84dc13f9f35a,2,3,tautological,post_incorrect,4,0.5703066254490763
sub_84dc13f9f35a,2,3,tautological,post_incorrect,5,0.520594870081044
sub_84dc13f9f35a,2,4,hybrid,post_incorrect,1,0.34438967332275044
sub_84dc13f9f35a,2,4,hybrid,post_incorrect,2,0.42960982538223774
sub_84dc13f9f35a,2,4,hybrid,post_incorrect,3,0.33131422842342767
sub_84dc13f9f35a,2,4,hybrid,post_incorrect,4,0.44072186481744435
sub_84dc13f9f35a,2,4,hybrid,post_incorrect,5,0.3004010360096936
sub_84dc13f9f35a,2,5,value-tight-chunk,post_incorrect,1,0.3492355251065253
sub_84dc13f9f35a,2,5,value-tight-chunk,post_incorrect,2,0.30746094076363956
sub_84dc13f9f35a,2,5,value-tight-chunk,post_incorrect,3,0.3497785947029829
sub_84dc13f9f35a,2,5,value-tight-chunk,post_incorrect,4,0.4147798479405119
sub_84dc13f9f35a,2,5,value-tight-chunk,post_incorrect,5,0.37313058735065535
sub_fe44baa2fff1,2,1,tautological,pre_incorrect,1,0.3619135080981799
sub_fe44baa2fff1,2,1,tautological,pre_incorrect,2,0.1251043579896477
sub_fe44baa2fff1,2,1,tautological,pre_incorrect,3,0.2132659876440141
sub_fe44baa2fff1,2,1,tautological,pre_incorrect,4,0.39238604107530495
sub_fe44baa2fff1,2,1,tautological,pre_incorrect,5,0.2548004675237942
sub_fe44baa2fff1,2,2,value-tight-chunk,pre_incorrect,1,0.3543997328435466
sub_fe44baa2fff1,2,2,value-tight-chunk,pre_incorrect,2,0.42707463683419583
sub_fe44baa2fff1,2,2,value-tight-chunk,pre_incorrect,3,0.3586575388211727
sub_fe44baa2fff1,2,2,value-tight-chunk,pre_incorrect,4,0.3898397061279023
sub_fe44baa2fff1,2,2,value-tight-chunk,pre_incorrect,5,0.21213892135581636
sub_fe44baa2fff1,2,3,value-loose-chunk,first_correct,1,0.4520123839009288
sub_fe44baa2fff1,2,3,value-loose-chunk,first_correct,2,0.2099071207430341
sub_fe44baa2fff1,2,3,value-loose-chunk,first_correct,3,0.33832817337461296
sub_fe44baa2fff1,2,3,value-loose-chunk,first_correct,4,0.27430340557275457
sub_fe44baa2fff1,2,3,value-loose-chunk,first_correct,5,0.31665634674922455
sub_fe44baa2fff1,2,4,operator,post_incorrect,1,0.30113541492736706
sub_fe44baa2fff1,2,4,operator,post_incorrect,2,0.35648689263650024
sub_fe44baa2fff1,2,4,operator,post_incorrect,3,0.2664050759726167
sub_fe44baa2fff1,2,4,operator,post_incorrect,4,0.42899482384371473
sub_fe44baa2fff1,2,4,operator,post_incorrect,5,0.3046001001836711
sub_fe44baa2fff1,2,5,hybrid,post_incorrect,1,0.32935381532810154
sub_fe44baa2fff1,2,5,hybrid,post_incorrect,2,0.3940975121055275
sub_fe44baa2fff1,2,5,hybrid,post_incorrect,3,0.302554683586575
sub_fe44baa2fff1,2,5,hybrid,post_incorrect,4,0.29950743028886223
sub_fe44baa2fff1,2,5,hybrid,post_incorrect,5,0.2778009684421446
sub_172dafee3797,2,1,value-loose-chunk,first_correct,1,0.49188486742057685
sub_172dafee3797,2,1,value-loose-chunk,first_correct,2,0.11861641828185947
sub_172dafee3797,2,1,value-loose-chunk,first_correct,3,0.0
sub_172dafee3797,2,1,value-loose-chunk,first_correct,4,0.3790748472364311
sub_172dafee3797,2,1,value-loose-chunk,first_correct,5,0.587552188459092
sub_172dafee3797,2,2,hybrid,post_incorrect,1,0.23916047782885583
sub_172dafee3797,2,2,hybrid,post_incorrect,2,0.3261801167096568
sub_172dafee3797,2,2,hybrid,post_incorrect,3,0.4072945586070303
sub_172dafee3797,2,2,hybrid,post_incorrect,4,0.2301386491041732
sub_172dafee3797,2,2,hybrid,post_incorrect,5,0.41039068619209024
sub_172dafee3797,2,3,operator,post_incorrect,1,0.3488109464381777
sub_172dafee3797,2,3,operator,post_incorrect,2,0.34495078291508113
sub_172dafee3797,2,3,operator,post_incorrect,3,0.3067598033780554
sub_172dafee3797,2,3,operator,post_incorrect,4,0.2693080040901286
sub_172dafee3797,2,3,operator,post_incorrect,5,0.3350129151215752
sub_172dafee3797,2,4,tautological,post_incorrect,1,0.26754396773372097
sub_172dafee3797,2,4,tautological,post_incorrect,2,0.2534151490508229
sub_172dafee3797,2,4,tautological,post_incorrect,3,0.2712404609937811
sub_172dafee3797,2,4,tautological,post_incorrect,4,0.22129672983563006
sub_172dafee3797,2,4,tautological,post_incorrect,5,0.24068278337728108
sub_172dafee3797,2,5,value-tight-chunk,post_incorrect,1,0.29458586953843136
sub_172dafee3797,2,5,value-tight-chunk,post_incorrect,2,0.27425515660809757
sub_172dafee3797,2,5,value-tight-chunk,post_incorrect,3,0.3044842570459267
sub_172dafee3797,2,5,value-tight-chunk,post_incorrect,4,0.3857249644725916
sub_172dafee3797,2,5,value-tight-chunk,post_incorrect,5,0.5068056548132425
sub_2da66fc4fcdb,2,1,operator,pre_incorrect,1,0.08359055643613916
sub_2da66fc4fcdb,2,1,operator,pre_incorrect,2,0.017852673729873918
sub_2da66fc4fcdb,2,1,operator,pre_incorrect,3,0.018520063402018963
sub_2da66fc4fcdb,2,1,operator,pre_incorrect,4,0.0
sub_2da66fc4fcdb,2,1,operator,pre_incorrect,5,0.009260031701009185
sub_2da66fc4fcdb,2,2,hybrid,pre_incorrect,1,0.08500875948944686
sub_2da66fc4fcdb,2,2,hybrid,pre_incorrect,2,0.007925252356719833
sub_2da66fc4fcdb,2,2,hybrid,pre_incorrect,3,0.0
sub_2da66fc4fcdb,2,2,hybrid,pre_incorrect,4,0.006590473012430185
sub_2da66fc4fcdb,2,2,hybrid,pre_incorrect,5,0.0
sub_2da66fc4fcdb,2,3,value-loose-chunk,first_correct,1,0.2748041775456919
sub_2da66fc4fcdb,2,3,value-loose-chunk,first_correct,2,0.0
sub_2da66fc4fcdb,2,3,value-loose-chunk,first_correct,3,0.05156657963446487
sub_2da66fc4fcdb,2,3,value-loose-chunk,first_correct,4,0.0
sub_2da66fc4fcdb,2,3,value-loose-chunk,first_correct,5,0.0
sub_2da66fc4fcdb,2,4,tautological,post_incorrect,1,0.08158838741970462
sub_2da66fc4fcdb,2,4,tautological,post_incorrect,2,0.07649954116960053
sub_2da66fc4fcdb,2,4,tautological,post_incorrect,3,0.0
sub_2da66fc4fcdb,2,4,tautological,post_incorrect,4,0.019854842746308464
sub_2da66fc4fcdb,2,4,tautological,post_incorrect,5,0.0
sub_2da66fc4fcdb,2,5,value-tight-chunk,post_correct,1,0.2643118148599269
sub_2da66fc4fcdb,2,5,value-tight-chunk,post_correct,2,0.0
sub_2da66fc4fcdb,2,5,value-tight-chunk,post_correct,3,0.0
sub_2da66fc4fcdb,2,5,value-tight-chunk,post_correct,4,0.026492082825822088
sub_2da66fc4fcdb,2,5,value-tight-chunk,post_correct,5,0.0
sub_5411cf457e21,2,1,value-loose-chunk,pre_incorrect,1,0.5897193527333288
sub_5411cf457e21,2,1,value-loose-chunk,pre_incorrect,2,0.3183444737019785
sub_5411cf457e21,2,1,value-loose-chunk,pre_incorrect,3,0.2882767312582993
sub_5411cf457e21,2,1,value-loose-chunk,pre_incorrect,4,0.5843629734656695
sub_5411cf457e21,2,1,value-loose-chunk,pre_incorrect,5,0.4410685751581029
sub_5411cf457e21,2,2,operator,pre_incorrect,1,0.6422697368421053
sub_5411cf457e21,2,2,operator,pre_incorrect,2,0.42858658743633327
sub_5411cf457e21,2,2,operator,pre_incorrect,3,0.49136955291454437
sub_5411cf457e21,2,2,operator,pre_incorrect,4,0.4575021222410885
sub_5411cf457e21,2,2,operator,pre_incorrect,5,0.4513122524052053
sub_5411cf457e21,2,3,value-tight-chunk,first_correct,1,0.5956109002935072
sub_5411cf457e21,2,3,value-tight-chunk,first_correct,2,0.5206990138648393
sub_5411cf457e21,2,3,value-tight-chunk,first_correct,3,0.57150400962802
sub_5411cf457e21,2,3,value-tight-chunk,first_correct,4,0.5561777745029411
sub_5411cf457e21,2,3,value-tight-chunk,first_correct,5,0.5245551339203459
sub_5411cf457e21,2,4,hybrid,post_correct,1,0.6102259074705061
sub_5411cf457e21,2,4,hybrid,post_correct,2,0.7746833947176649
sub_5411cf457e21,2,4,hybrid,post_correct,3,0.7427766726409702
sub_5411cf457e21,2,4,hybrid,post_correct,4,0.16605282335099394
sub_5411cf457e21,2,4,hybrid,post_correct,5,0.1775549997045685
sub_5411cf457e21,2,5,tautological,post_correct,1,0.4930745842873764
sub_5411cf457e21,2,5,tautological,post_correct,2,0.5271573889869001
sub_5411cf457e21,2,5,tautological,post_correct,3,0.33080590067940346
sub_5411cf457e21,2,5,tautological,post_correct,4,0.49596486618370317
sub_5411cf457e21,2,5,tautological,post_correct,5,0.5791824631207528
sub_480a2534f342,2,1,hybrid,pre_incorrect,1,0.3909250292202372
sub_480a2534f342,2,1,hybrid,pre_incorrect,2,0.1723576557021203
sub_480a2534f342,2,1,hybrid,pre_incorrect,3,0.2777592252462847
sub_480a2534f342,2,1,hybrid,pre_incorrect,4,0.044623476373351255
sub_480a2534f342,2,1,hybrid,pre_incorrect,5,0.05472532977124758
sub_480a2534f342,2,2,operator,first_correct,1,0.6372814577690225
sub_480a2534f342,2,2,operator,first_correct,2,0.3875892637281457
sub_480a2534f342,2,2,operator,first_correct,3,0.0
sub_480a2534f342,2,2,operator,first_correct,4,0.05097266683082959
sub_480a2534f342,2,2,operator,first_correct,5,0.11967495690716588
sub_480a2534f342,2,3,value-loose-chunk,post_correct,1,0.4570938215102974
sub_480a2534f342,2,3,value-loose-chunk,post_correct,2,0.27402745995423344
sub_480a2534f342,2,3,value-loose-chunk,post_correct,3,0.0
sub_480a2534f342,2,3,value-loose-chunk,post_correct,4,0.0
sub_480a2534f342,2,3,value-loose-chunk,post_correct,5,0.2053775743707094
sub_480a2534f342,2,4,value-tight-chunk,post_correct,1,0.16962998558385387
sub_480a2534f342,2,4,value-tight-chunk,post_correct,2,0.07280153772224912
sub_480a2534f342,2,4,value-tight-chunk,post_correct,3,0.12181643440653524
sub_480a2534f342,2,4,value-tight-chunk,post_correct,4,0.19557904853435892
sub_480a2534f342,2,4,value-tight-chunk,post_correct,5,0.10175396444017315
sub_480a2534f342,2,5,tautological,post_incorrect,1,0.2144885177453026
sub_480a2534f342,2,5,tautological,post_incorrect,2,0.06668058455114843
sub_480a2534f342,2,5,tautological,post_incorrect,3,0.13052192066805865
sub_480a2534f342,2,5,tautological,post_incorrect,4,0.06655532359081336
sub_480a2534f342,2,5,tautological,post_incorrect,5,0.013945720250522054
sub_1cd849d418d1,2,1,tautological,pre_incorrect,1,0.08194259012016021
sub_1cd849d418d1,2,1,tautological,pre_incorrect,2,0.09028704939919885
sub_1cd849d418d1,2,1,tautological,pre_incorrect,3,0.06391855807743643
sub_1cd849d418d1,2,1,tautological,pre_incorrect,4,0.27887182910547387
sub_1cd849d418d1,2,1,tautological,pre_incorrect,5,0.09045393858477997
sub_1cd849d418d1,2,2,value-tight-chunk,first_correct,1,0.39300758213984827
sub_1cd849d418d1,2,2,value-tight-chunk,first_correct,2,0.19924178601516443
sub_1cd849d418d1,2,2,value-tight-chunk,first_correct,3,0.2552653748946925
sub_1cd849d418d1,2,2,value-tight-chunk,first_correct,4,0.0
sub_1cd849d418d1,2,2,value-tight-chunk,first_correct,5,0.0
sub_1cd849d418d1,2,3,value-loose-chunk,post_correct,1,0.6942270058708415
sub_1cd849d418d1,2,3,value-loose-chunk,post_correct,2,0.06409001956947152
sub_1cd849d418d1,2,3,value-loose-chunk,post_correct,3,0.0
sub_1cd849d418d1,2,3,value-loose-chunk,post_correct,4,0.0
sub_1cd849d418d1,2,3,value-loose-chunk,post_correct,5,0.0
sub_1cd849d418d1,2,4,operator,post_correct,1,0.1600215517241379
sub_1cd849d418d1,2,4,operator,post_correct,2,0.010641163793103533
sub_1cd849d418d1,2,4,operator,post_correct,3,0.11610991379310347
sub_1cd849d418d1,2,4,operator,post_correct,4,0.0
sub_1cd849d418d1,2,4,operator,post_correct,5,0.20110452586206926
sub_1cd849d418d1,2,5,hybrid,post_incorrect,1,0.0859479305740988
sub_1cd849d418d1,2,5,hybrid,post_incorrect,2,0.038551401869158855
sub_1cd849d418d1,2,5,hybrid,post_incorrect,3,0.01527036048064084
sub_1cd849d418d1,2,5,hybrid,post_incorrect,4,0.06992656875834453
sub_1cd849d418d1,2,5,hybrid,post_incorrect,5,0.05857810413885165
sub_144aa281af95,2,1,value-loose-chunk,first_correct,1,0.650241989319092
sub_144aa281af95,2,1,value-loose-chunk,first_correct,2,0.5939168891855807
sub_144aa281af95,2,1,value-loose-chunk,first_correct,3,0.41526201602136076
sub_144aa281af95,2,1,value-loose-chunk,first_correct,4,0.4763017356475305
sub_144aa281af95,2,1,value-loose-chunk,first_correct,5,0.3950684245660885
sub_144aa281af95,2,2,operator,post_incorrect,1,0.5417118545090518
sub_144aa281af95,2,2,operator,post_incorrect,2,0.5309084841912067
sub_144aa281af95,2,2,operator,post_incorrect,3,0.4049803954283815
sub_144aa281af95,2,2,operator,post_incorrect,4,0.3473763243513796
sub_144aa281af95,2,2,operator,post_incorrect,5,0.4313005756235912
sub_144aa281af95,2,3,tautological,post_incorrect,1,0.4441478268123804
sub_144aa281af95,2,3,tautological,post_incorrect,2,0.5214816050721615
sub_144aa281af95,2,3,tautological,post_incorrect,3,0.3945107199466091
sub_144aa281af95,2,3,tautological,post_incorrect,4,0.42838074580795843
sub_144aa281af95,2,3,tautological,post_incorrect,5,0.5387086009843994
sub_144aa281af95,2,4,hybrid,post_incorrect,1,0.4896971719362642
sub_144aa281af95,2,4,hybrid,post_incorrect,2,0.40151831150412953
sub_144aa281af95,2,4,hybrid,post_incorrect,3,0.4362642863101683
sub_144aa281af95,2,4,hybrid,post_incorrect,4,0.4138650204388092
sub_144aa281af95,2,4,hybrid,post_incorrect,5,0.4611662634520724
sub_144aa281af95,2,5,value-tight-chunk,post_correct,1,0.540427896637955
sub_144aa281af95,2,5,value-tight-chunk,post_correct,2,0.45387607668796903
sub_144aa281af95,2,5,value-tight-chunk,post_correct,3,0.37816060016671366
sub_144aa281af95,2,5,value-tight-chunk,post_correct,4,0.3619060850236162
sub_144aa281af95,2,5,value-tight-chunk,post_correct,5,0.6273964990275084
sub_cfcaf40a0e5d,2,1,value-tight-chunk,pre_incorrect,1,0.5388068467863735
sub_cfcaf40a0e5d,2,1,value-tight-chunk,pre_incorrect,2,0.18501426413827882
sub_cfcaf40a0e5d,2,1,value-tight-chunk,pre_incorrect,3,0.3556385299546884
sub_cfcaf40a0e5d,2,1,value-tight-chunk,pre_incorrect,4,0.35383453599597237
sub_cfcaf40a0e5d,2,1,value-tight-chunk,pre_incorrect,5,0.41777143816076573
sub_cfcaf40a0e5d,2,2,hybrid,first_correct,1,0.4825517993456924
sub_cfcaf40a0e5d,2,2,hybrid,first_correct,2,0.4536532170119961
sub_cfcaf40a0e5d,2,2,hybrid,first_correct,3,0.4137131952017448
sub_cfcaf40a0e5d,2,2,hybrid,first_correct,4,0.5569792802617223
sub_cfcaf40a0e5d,2,2,hybrid,first_correct,5,0.6108233369683749
sub_cfcaf40a0e5d,2,3,operator,post_correct,1,0.7124105011933176
sub_cfcaf40a0e5d,2,3,operator,post_correct,2,0.5462253485742992
sub_cfcaf40a0e5d,2,3,operator,post_correct,3,0.6229745006908687
sub_cfcaf40a0e5d,2,3,operator,post_correct,4,0.6134279613113932
sub_cfcaf40a0e5d,2,3,operator,post_correct,5,0.45553322446928957
sub_cfcaf40a0e5d,2,4,tautological,post_incorrect,1,0.4943462601557918
sub_cfcaf40a0e5d,2,4,tautological,post_incorrect,2,0.549040958204205
sub_cfcaf40a0e5d,2,4,tautological,post_incorrect,3,0.5327916910964056
sub_cfcaf40a0e5d,2,4,tautological,post_incorrect,4,0.4930061144149411
sub_cfcaf40a0e5d,2,4,tautological,post_incorrect,5,0.2310076220789013
sub_cfcaf40a0e5d,2,5,value-loose-chunk,post_correct,1,0.537139470564994
sub_cfcaf40a0e5d,2,5,value-loose-chunk,post_correct,2,0.5624259186092453
sub_cfcaf40a0e5d,2,5,value-loose-chunk,post_correct,3,0.4755037534571309
sub_cfcaf40a0e5d,2,5,value-loose-chunk,post_correct,4,0.43856183326748266
sub_cfcaf40a0e5d,2,5,value-loose-chunk,post_correct,5,0.39095219280916693
sub_ea9c5948c856,2,1,value-loose-chunk,first_correct,1,0.7691883951524054
sub_ea9c5948c856,2,1,value-loose-chunk,first_correct,2,0.40378259272860845
sub_ea9c5948c856,2,1,value-loose-chunk,first_correct,3,0.10503121557106118
sub_ea9c5948c856,2,1,value-loose-chunk,first_correct,4,0.5220345207491724
sub_ea9c5948c856,2,1,value-loose-chunk,first_correct,5,0.33437385236871064
sub_ea9c5948c856,2,2,tautological,post_incorrect,1,0.3966955941255007
sub_ea9c5948c856,2,2,tautological,post_incorrect,2,0.3608978638184242
sub_ea9c5948c856,2,2,tautological,post_incorrect,3,0.2496662216288388
sub_ea9c5948c856,2,2,tautological,post_incorrect,4,0.27227970627503384
sub_ea9c5948c856,2,2,tautological,post_incorrect,5,0.5047563417890508
sub_ea9c5948c856,2,3,hybrid,post_correct,1,0.4674418604651164
sub_ea9c5948c856,2,3,hybrid,post_correct,2,0.5530232558139535
sub_ea9c5948c856,2,3,hybrid,post_correct,3,0.2999999999999998
sub_ea9c5948c856,2,3,hybrid,post_correct,4,0.7311627906976749
sub_ea9c5948c856,2,3,hybrid,post_correct,5,0.6267441860465109
sub_ea9c5948c856,2,4,operator,post_correct,1,0.4615686659467947
sub_ea9c5948c856,2,4,operator,post_correct,2,0.35898694414449783
sub_ea9c5948c856,2,4,operator,post_correct,3,0.3250220869735941
sub_ea9c5948c856,2,4,operator,post_correct,4,0.31446942181211257
sub_ea9c5948c856,2,4,operator,post_correct,5,0.4710415235103567
sub_ea9c5948c856,2,5,value-tight-chunk,post_correct,1,0.5729665071770335
sub_ea9c5948c856,2,5,value-tight-chunk,post_correct,2,0.7446172248803827
sub_ea9c5948c856,2,5,value-tight-chunk,post_correct,3,1.0
sub_ea9c5948c856,2,5,value-tight-chunk,post_correct,4,0.7500000000000003
sub_ea9c5948c856,2,5,value-tight-chunk,post_correct,5,0.6734449760765547
sub_6f0ea503bf10,2,1,hybrid,first_correct,1,0.3746968079945668
sub_6f0ea503bf10,2,1,hybrid,first_correct,2,0.3000388085766954
sub_6f0ea503bf10,2,1,hybrid,first_correct,3,0.2509944697778209
sub_6f0ea503bf10,2,1,hybrid,first_correct,4,0.30600562724362085
sub_6f0ea503bf10,2,1,hybrid,first_correct,5,0.44217522072378046
sub_6f0ea503bf10,2,2,operator,post_incorrect,1,0.3684913217623496
sub_6f0ea503bf10,2,2,operator,post_incorrect,2,0.3977386515353804
sub_6f0ea503bf10,2,2,operator,post_incorrect,3,0.33590620827770395
sub_6f0ea503bf10,2,2,operator,post_incorrect,4,0.3026535380507339
sub_6f0ea503bf10,2,2,operator,post_incorrect,5,0.11832443257676896
sub_6f0ea503bf10,2,3,value-loose-chunk,post_correct,1,0.2894502757516456
sub_6f0ea503bf10,2,3,value-loose-chunk,post_correct,2,0.2046788827610747
sub_6f0ea503bf10,2,3,value-loose-chunk,post_correct,3,0.2632093933463799
sub_6f0ea503bf10,2,3,value-loose-chunk,post_correct,4,0.391389432485324
sub_6f0ea503bf10,2,3,value-loose-chunk,post_correct,5,0.40508806262230873
sub_6f0ea503bf10,2,4,value-tight-chunk,post_correct,1,0.3734636871508379
sub_6f0ea503bf10,2,4,value-tight-chunk,post_correct,2,0.577653631284916
sub_6f0ea503bf10,2,4,value-tight-chunk,post_correct,3,0.3371508379888273
sub_6f0ea503bf10,2,4,value-tight-chunk,post_correct,4,0.5706703910614523
sub_6f0ea503bf10,2,4,value-tight-chunk,post_correct,5,0.8030726256983242
sub_6f0ea503bf10,2,5,tautological,post_incorrect,1,0.3483014773391204
sub_6f0ea503bf10,2,5,tautological,post_incorrect,2,0.30748685418579424
sub_6f0ea503bf10,2,5,tautological,post_incorrect,3,0.42429680327184655
sub_6f0ea503bf10,2,5,tautological,post_incorrect,4,0.2249812202654199
sub_6f0ea503bf10,2,5,tautological,post_incorrect,5,0.3154160754528
sub_0713e3620426,2,1,operator,pre_incorrect,1,0.45089285714285715
sub_0713e3620426,2,1,operator,pre_incorrect,2,0.2618908544726302
sub_0713e3620426,2,1,operator,pre_incorrect,3,0.30056742323097435
sub_0713e3620426,2,1,operator,pre_incorrect,4,0.38476301735647506
sub_0713e3620426,2,1,operator,pre_incorrect,5,0.3022363150867818
sub_0713e3620426,2,2,tautological,pre_incorrect,1,0.419392523364486
sub_0713e3620426,2,2,tautological,pre_incorrect,2,0.27044392523364486
sub_0713e3620426,2,2,tautological,pre_incorrect,3,0.2672730307076095
sub_0713e3620426,2,2,tautological,pre_incorrect,4,0.46962616822429964
sub_0713e3620426,2,2,tautological,pre_incorrect,5,0.4858144192256344
sub_0713e3620426,2,3,value-loose-chunk,first_correct,1,0.6194117647058823
sub_0713e3620426,2,3,value-loose-chunk,first_correct,2,0.3138235294117649
sub_0713e3620426,2,3,value-loose-chunk,first_correct,3,0.7870588235294116
sub_0713e3620426,2,3,value-loose-chunk,first_correct,4,0.706470588235294
sub_0713e3620426,2,3,value-loose-chunk,first_correct,5,0.5773529411764704
sub_0713e3620426,2,4,value-tight-chunk,post_incorrect,1,0.3720794392523365
sub_0713e3620426,2,4,value-tight-chunk,post_incorrect,2,0.5152286381842464
sub_0713e3620426,2,4,value-tight-chunk,post_incorrect,3,0.304948264352471
sub_0713e3620426,2,4,value-tight-chunk,post_incorrect,4,0.19830607476635456
sub_0713e3620426,2,4,value-tight-chunk,post_incorrect,5,0.4319092122830448
sub_0713e3620426,2,5,hybrid,post_correct,1,0.650300875273523
sub_0713e3620426,2,5,hybrid,post_correct,2,0.7836433260393876
sub_0713e3620426,2,5,hybrid,post_correct,3,0.7274343544857769
sub_0713e3620426,2,5,hybrid,post_correct,4,0.20951859956236324
sub_0713e3620426,2,5,hybrid,post_correct,5,0.6333424507658653
sub_86228aa12863,2,1,hybrid,first_correct,1,0.3164167324388319
sub_86228aa12863,2,1,hybrid,first_correct,2,0.3080505130228889
sub_86228aa12863,2,1,hybrid,first_correct,3,0.389265982636148
sub_86228aa12863,2,1,hybrid,first_correct,4,0.3850039463299132
sub_86228aa12863,2,1,hybrid,first_correct,5,0.203788476716653
sub_86228aa12863,2,2,value-tight-chunk,post_incorrect,1,0.37011792255582465
sub_86228aa12863,2,2,value-tight-chunk,post_incorrect,2,0.2454210922472195
sub_86228aa12863,2,2,value-tight-chunk,post_incorrect,3,0.27657439156979136
sub_86228aa12863,2,2,value-tight-chunk,post_incorrect,4,0.30952580078615044
sub_86228aa12863,2,2,value-tight-chunk,post_incorrect,5,0.22468010370494293
sub_86228aa12863,2,3,value-loose-chunk,post_correct,1,0.24475524475524474
sub_86228aa12863,2,3,value-loose-chunk,post_correct,2,0.11135018827326512
sub_86228aa12863,2,3,value-loose-chunk,post_correct,3,0.3176438945669713
sub_86228aa12863,2,3,value-loose-chunk,post_correct,4,0.3294782140935986
sub_86228aa12863,2,3,value-loose-chunk,post_correct,5,0.6468531468531472
sub_86228aa12863,2,4,operator,post_correct,1,0.38934868657790583
sub_86228aa12863,2,4,operator,post_correct,2,0.11317020510975195
sub_86228aa12863,2,4,operator,post_correct,3,0.22472112270600914
sub_86228aa12863,2,4,operator,post_correct,4,0.2899424253328528
sub_86228aa12863,2,4,operator,post_correct,5,0.26259445843828755
sub_86228aa12863,2,5,tautological,post_incorrect,1,0.2791638851802404
sub_86228aa12863,2,5,tautological,post_incorrect,2,0.11043891855807797
sub_86228aa12863,2,5,tautological,post_incorrect,3,0.22146194926568727
sub_86228aa12863,2,5,tautological,post_incorrect,4,0.36965954606141577
sub_86228aa12863,2,5,tautological,post_incorrect,5,0.334612817089453
sub_5b4669f64394,2,1,hybrid,first_correct,1,0.5062780269058297
sub_5b4669f64394,2,1,hybrid,first_correct,2,0.3964125560538122
sub_5b4669f64394,2,1,hybrid,first_correct,3,0.028475336322869707
sub_5b4669f64394,2,1,hybrid,first_correct,4,0.2889013452914804
sub_5b4669f64394,2,1,hybrid,first_correct,5,0.47903587443946144
sub_5b4669f64394,2,2,value-tight-chunk,post_incorrect,1,0.5545591056978394
sub_5b4669f64394,2,2,value-tight-chunk,post_incorrect,2,0.30516392758822053
sub_5b4669f64394,2,2,value-tight-chunk,post_incorrect,3,0.2614081922082257
sub_5b4669f64394,2,2,value-tight-chunk,post_incorrect,4,0.28409944106114987
sub_5b4669f64394,2,2,value-tight-chunk,post_incorrect,5,0.3293150913489606
sub_5b4669f64394,2,3,value-loose-chunk,post_correct,1,0.5237361282367448
sub_5b4669f64394,2,3,value-loose-chunk,post_correct,2,0.3745376078914921
sub_5b4669f64394,2,3,value-loose-chunk,post_correct,3,0.5083230579531444
sub_5b4669f64394,2,3,value-loose-chunk,post_correct,4,0.6673859432799022
sub_5b4669f64394,2,3,value-loose-chunk,post_correct,5,0.24044389642416805
sub_5b4669f64394,2,4,tautological,post_incorrect,1,0.40514724284641684
sub_5b4669f64394,2,4,tautological,post_incorrect,2,0.3604738466672222
sub_5b4669f64394,2,4,tautological,post_incorrect,3,0.19295903895887231
sub_5b4669f64394,2,4,tautological,post_incorrect,4,0.4025611078668556
sub_5b4669f64394,2,4,tautological,post_incorrect,5,0.20188537582380986
sub_5b4669f64394,2,5,operator,post_correct,1,0.5249778303281111
sub_5b4669f64394,2,5,operator,post_correct,2,0.4057049955660654
sub_5b4669f64394,2,5,operator,post_correct,3,0.42684008276677504
sub_5b4669f64394,2,5,operator,post_correct,4,0.2738693467336686
sub_5b4669f64394,2,5,operator,post_correct,5,0.5886786875554232
sub_cbfb258080e1,2,1,operator,first_correct,1,0.5884158415841587
sub_cbfb258080e1,2,1,operator,first_correct,2,0.5694554455445542
sub_cbfb258080e1,2,1,operator,first_correct,3,0.5515841584158411
sub_cbfb258080e1,2,1,operator,first_correct,4,0.6241089108910884
sub_cbfb258080e1,2,1,operator,first_correct,5,0.4674257425742578
sub_cbfb258080e1,2,2,tautological,post_incorrect,1,0.6562395589709323
sub_cbfb258080e1,2,2,tautological,post_incorrect,2,0.6201135983962579
sub_cbfb258080e1,2,2,tautological,post_incorrect,3,0.5230955562980284
sub_cbfb258080e1,2,2,tautological,post_incorrect,4,0.5142415636485121
sub_cbfb258080e1,2,2,tautological,post_incorrect,5,0.5328683595055129
sub_cbfb258080e1,2,3,hybrid,post_correct,1,0.6457728968089517
sub_cbfb258080e1,2,3,hybrid,post_correct,2,0.6369664318276002
sub_cbfb258080e1,2,3,hybrid,post_correct,3,0.4716121011189387
sub_cbfb258080e1,2,3,hybrid,post_correct,4,0.42726895980107776
sub_cbfb258080e1,2,3,hybrid,post_correct,5,0.5163696643182769
sub_cbfb258080e1,2,4,value-loose-chunk,post_correct,1,0.6407071189679884
sub_cbfb258080e1,2,4,value-loose-chunk,post_correct,2,0.7068800764452937
sub_cbfb258080e1,2,4,value-loose-chunk,post_correct,3,0.6820353559483991
sub_cbfb258080e1,2,4,value-loose-chunk,post_correct,4,0.7876254180602008
sub_cbfb258080e1,2,4,value-loose-chunk,post_correct,5,0.7467749641662688
sub_cbfb258080e1,2,5,value-tight-chunk,post_incorrect,1,0.5677831607083195
sub_cbfb258080e1,2,5,value-tight-chunk,post_incorrect,2,0.42169228199131237
sub_cbfb258080e1,2,5,value-tight-chunk,post_incorrect,3,0.4066154360173735
sub_cbfb258080e1,2,5,value-tight-chunk,post_incorrect,4,0.5923822251921148
sub_cbfb258080e1,2,5,value-tight-chunk,post_incorrect,5,0.4589041095890411
sub_d31b4ef3d2ae,2,1,hybrid,pre_incorrect,1,0.3649326754202561
sub_d31b4ef3d2ae,2,1,hybrid,pre_incorrect,2,0.4131052939700592
sub_d31b4ef3d2ae,2,1,hybrid,pre_incorrect,3,0.27724345571631664
sub_d31b4ef3d2ae,2,1,hybrid,pre_incorrect,4,0.3416826963285114
sub_d31b4ef3d2ae,2,1,hybrid,pre_incorrect,5,0.4807644057874055
sub_d31b4ef3d2ae,2,2,tautological,pre_incorrect,1,0.4047240802675583
sub_d31b4ef3d2ae,2,2,tautological,pre_incorrect,2,0.41939799331103667
sub_d31b4ef3d2ae,2,2,tautological,pre_incorrect,3,0.5119147157190629
sub_d31b4ef3d2ae,2,2,tautological,pre_incorrect,4,0.463628762541805
sub_d31b4ef3d2ae,2,2,tautological,pre_incorrect,5,0.31789297658862875
sub_d31b4ef3d2ae,2,3,value-loose-chunk,first_correct,1,0.3783398646241539
sub_d31b4ef3d2ae,2,3,value-loose-chunk,first_correct,2,0.3427146419665125
sub_d31b4ef3d2ae,2,3,value-loose-chunk,first_correct,3,0.4713216957605987
sub_d31b4ef3d2ae,2,3,value-loose-chunk,first_correct,4,0.21838261489134292
sub_d31b4ef3d2ae,2,3,value-loose-chunk,first_correct,5,0.5543284645529032
sub_d31b4ef3d2ae,2,4,value-tight-chunk,post_incorrect,1,0.5454849498327758
sub_d31b4ef3d2ae,2,4,value-tight-chunk,post_incorrect,2,0.47224080267558527
sub_d31b4ef3d2ae,2,4,value-tight-chunk,post_incorrect,3,0.4737876254180593
sub_d31b4ef3d2ae,2,4,value-tight-chunk,post_incorrect,4,0.5309364548494985
sub_d31b4ef3d2ae,2,4,value-tight-chunk,post_incorrect,5,0.5169732441471584
sub_d31b4ef3d2ae,2,5,operator,post_incorrect,1,0.5066471571906355
sub_d31b4ef3d2ae,2,5,operator,post_incorrect,2,0.38808528428093714
sub_d31b4ef3d2ae,2,5,operator,post_incorrect,3,0.25543478260869656
sub_d31b4ef3d2ae,2,5,operator,post_incorrect,4,0.32203177257525156
sub_d31b4ef3d2ae,2,5,operator,post_incorrect,5,0.45104515050167293
sub_dd6c62471e84,2,1,operator,pre_incorrect,1,0.6706859145527369
sub_dd6c62471e84,2,1,operator,pre_incorrect,2,0.5149365821094797
sub_dd6c62471e84,2,1,operator,pre_incorrect,3,0.5466872496662226
sub_dd6c62471e84,2,1,operator,pre_incorrect,4,0.5526118157543387
sub_dd6c62471e84,2,1,operator,pre_incorrect,5,0.3653204272363145
sub_dd6c62471e84,2,2,value-loose-chunk,first_correct,1,0.6668191173107707
sub_dd6c62471e84,2,2,value-loose-chunk,first_correct,2,0.5671163960667736
sub_dd6c62471e84,2,2,value-loose-chunk,first_correct,3,0.8107706380059454
sub_dd6c62471e84,2,2,value-loose-chunk,first_correct,4,0.876514978275783
sub_dd6c62471e84,2,2,value-loose-chunk,first_correct,5,0.7291333180882701
sub_dd6c62471e84,2,3,tautological,post_incorrect,1,0.7305574098798397
sub_dd6c62471e84,2,3,tautological,post_incorrect,2,0.613860146862483
sub_dd6c62471e84,2,3,tautological,post_incorrect,3,0.6970126835781045
sub_dd6c62471e84,2,3,tautological,post_incorrect,4,0.5969208945260354
sub_dd6c62471e84,2,3,tautological,post_incorrect,5,0.5908711615487313
sub_dd6c62471e84,2,4,value-tight-chunk,post_correct,1,0.7653698630136987
sub_dd6c62471e84,2,4,value-tight-chunk,post_correct,2,0.854356164383562
sub_dd6c62471e84,2,4,value-tight-chunk,post_correct,3,0.7228493150684928
sub_dd6c62471e84,2,4,value-tight-chunk,post_correct,4,0.6397260273972597
sub_dd6c62471e84,2,4,value-tight-chunk,post_correct,5,0.4835616438356166
sub_dd6c62471e84,2,5,hybrid,post_incorrect,1,0.6541638851802404
sub_dd6c62471e84,2,5,hybrid,post_incorrect,2,0.6436498664886516
sub_dd6c62471e84,2,5,hybrid,post_incorrect,3,0.5336281708945254
sub_dd6c62471e84,2,5,hybrid,post_incorrect,4,0.4398781708945257
sub_dd6c62471e84,2,5,hybrid,post_incorrect,5,0.4206024699599467
sub_598b8785c9a4,1,1,hybrid,pre_incorrect,1,0.4345958121298073
sub_598b8785c9a4,1,1,hybrid,pre_incorrect,2,0.045591056978393406
sub_598b8785c9a4,1,1,hybrid,pre_incorrect,3,0.29773921748560994
sub_598b8785c9a4,1,1,hybrid,pre_incorrect,4,0.19041461583381927
sub_598b8785c9a4,1,1,hybrid,pre_incorrect,5,0.2136898306498697
sub_598b8785c9a4,1,2,hybrid,pre_incorrect,1,0.4837578288100208
sub_598b8785c9a4,1,2,hybrid,pre_incorrect,2,0.23803757828810024
sub_598b8785c9a4,1,2,hybrid,pre_incorrect,3,0.18676409185803783
sub_598b8785c9a4,1,2,hybrid,pre_incorrect,4,0.2324008350730684
sub_598b8785c9a4,1,2,hybrid,pre_incorrect,5,0.11565762004175409
sub_598b8785c9a4,1,3,hybrid,first_correct,1,0.2681805116412762
sub_598b8785c9a4,1,3,hybrid,first_correct,2,0.4397815464213858
sub_598b8785c9a4,1,3,hybrid,first_correct,3,0.18410462776660044
sub_598b8785c9a4,1,3,hybrid,first_correct,4,0.1052026444380563
sub_598b8785c9a4,1,3,hybrid,first_correct,5,0.23871802242023385
sub_598b8785c9a4,1,4,hybrid,post_incorrect,1,0.33211009174311923
sub_598b8785c9a4,1,4,hybrid,post_incorrect,2,0.1775646371976647
sub_598b8785c9a4,1,4,hybrid,post_incorrect,3,0.1595496246872391
sub_598b8785c9a4,1,4,hybrid,post_incorrect,4,0.23761467889908347
sub_598b8785c9a4,1,4,hybrid,post_incorrect,5,0.10996663886572204
sub_598b8785c9a4,1,5,hybrid,post_incorrect,1,0.33678237650200266
sub_598b8785c9a4,1,5,hybrid,post_incorrect,2,0.12483311081441882
sub_598b8785c9a4,1,5,hybrid,post_incorrect,3,0.10693424566088097
sub_598b8785c9a4,1,5,hybrid,post_incorrect,4,0.23185080106809147
sub_598b8785c9a4,1,5,hybrid,post_incorrect,5,0.15161882510013233
sub_41bde21ec10e,1,1,value-tight-chunk,pre_incorrect,1,0.5289207912528168
sub_41bde21ec10e,1,1,value-tight-chunk,pre_incorrect,2,0.19297220599282192
sub_41bde21ec10e,1,1,value-tight-chunk,pre_incorrect,3,0.3902011518237212
sub_41bde21ec10e,1,1,value-tight-chunk,pre_incorrect,4,0.41766129705366756
sub_41bde21ec10e,1,1,value-tight-chunk,pre_incorrect,5,0.46878390785410134
sub_41bde21ec10e,1,2,value-tight-chunk,pre_incorrect,1,0.3326101468624832
sub_41bde21ec10e,1,2,value-tight-chunk,pre_incorrect,2,0.3071595460614149
sub_41bde21ec10e,1,2,value-tight-chunk,pre_incorrect,3,0.20260347129506015
sub_41bde21ec10e,1,2,value-tight-chunk,pre_incorrect,4,0.22212950600801
sub_41bde21ec10e,1,2,value-tight-chunk,pre_incorrect,5,0.3453771695594128
sub_41bde21ec10e,1,3,value-tight-chunk,first_correct,1,0.3461388960870692
sub_41bde21ec10e,1,3,value-tight-chunk,first_correct,2,0.2638636952578388
sub_41bde21ec10e,1,3,value-tight-chunk,first_correct,3,0.26755636175174885
sub_41bde21ec10e,1,3,value-tight-chunk,first_correct,4,0.258875356309925
sub_41bde21ec10e,1,3,value-tight-chunk,first_correct,5,0.25848665457372433
sub_41bde21ec10e,1,4,value-tight-chunk,post_correct,1,0.40005760368663595
sub_41bde21ec10e,1,4,value-tight-chunk,post_correct,2,0.6892281105990782
sub_41bde21ec10e,1,4,value-tight-chunk,post_correct,3,0.5331221198156685
sub_41bde21ec10e,1,4,value-tight-chunk,post_correct,4,0.5599078341013822
sub_41bde21ec10e,1,4,value-tight-chunk,post_correct,5,0.13796082949308783
sub_41bde21ec10e,1,5,value-tight-chunk,post_correct,1,0.44696523276370065
sub_41bde21ec10e,1,5,value-tight-chunk,post_correct,2,0.4372421921037126
sub_41bde21ec10e,1,5,value-tight-chunk,post_correct,3,0.7489687684148495
sub_41bde21ec10e,1,5,value-tight-chunk,post_correct,4,0.6791396582203889
sub_41bde21ec10e,1,5,value-tight-chunk,post_correct,5,0.6661756040070707
sub_91054a8a7eed,1,1,value-loose-chunk,first_correct,1,0.7172405251424324
sub_91054a8a7eed,1,1,value-loose-chunk,first_correct,2,0.8479068615308397
sub_91054a8a7eed,1,1,value-loose-chunk,first_correct,3,0.4381966807034927
sub_91054a8a7eed,1,1,value-loose-chunk,first_correct,4,0.5243993064156559
sub_91054a8a7eed,1,1,value-loose-chunk,first_correct,5,0.7442407728511262
sub_91054a8a7eed,1,2,value-loose-chunk,post_correct,1,0.7832810398924249
sub_91054a8a7eed,1,2,value-loose-chunk,post_correct,2,0.6550874047512327
sub_91054a8a7eed,1,2,value-loose-chunk,post_correct,3,0.7424921559838631
sub_91054a8a7eed,1,2,value-loose-chunk,post_correct,4,0.5085163603765125
sub_91054a8a7eed,1,2,value-loose-chunk,post_correct,5,0.6873599282832811
sub_91054a8a7eed,1,3,value-loose-chunk,post_correct,1,0.8934715483017204
sub_91054a8a7eed,1,3,value-loose-chunk,post_correct,2,0.4214821349801498
sub_91054a8a7eed,1,3,value-loose-chunk,post_correct,3,0.5566828407587121
sub_91054a8a7eed,1,3,value-loose-chunk,post_correct,4,0.8158359064843408
sub_91054a8a7eed,1,3,value-loose-chunk,post_correct,5,0.7115130127922353
sub_91054a8a7eed,1,4,value-loose-chunk,post_correct,1,0.8746995192307693
sub_91054a8a7eed,1,4,value-loose-chunk,post_correct,2,0.5757211538461537
sub_91054a8a7eed,1,4,value-loose-chunk,post_correct,3,0.5847355769230775
sub_91054a8a7eed,1,4,value-loose-chunk,post_correct,4,0.9849759615384616
sub_91054a8a7eed,1,4,value-loose-chunk,post_correct,5,0.8203124999999996
sub_91054a8a7eed,1,5,value-loose-chunk,post_correct,1,0.834119033588686
sub_91054a8a7eed,1,5,value-loose-chunk,post_correct,2,0.6269888037713612
sub_91054a8a7eed,1,5,value-loose-chunk,post_correct,3,0.7610489098408958
sub_91054a8a7eed,1,5,value-loose-chunk,post_correct,4,0.8264584560989977
sub_91054a8a7eed,1,5,value-loose-chunk,post_correct,5,0.7766647024160281
sub_9889ea88dba9,1,1,tautological,pre_incorrect,1,0.3131675567423231
sub_9889ea88dba9,1,1,tautological,pre_incorrect,2,0.29314085447263016
sub_9889ea88dba9,1,1,tautological,pre_incorrect,3,0.1726885847797061
sub_9889ea88dba9,1,1,tautological,pre_incorrect,4,0.1398948598130827
sub_9889ea88dba9,1,1,tautological,pre_incorrect,5,0.14485981308411192
sub_9889ea88dba9,1,2,tautological,first_correct,1,0.13012932106441194
sub_9889ea88dba9,1,2,tautological,first_correct,2,0.6808007958219351
sub_9889ea88dba9,1,2,tautological,first_correct,3,0.22736881372792817
sub_9889ea88dba9,1,2,tautological,first_correct,4,0.3427629942800306
sub_9889ea88dba9,1,2,tautological,first_correct,5,0.1921785625466307
sub_9889ea88dba9,1,3,tautological,post_correct,1,0.28301540719002205
sub_9889ea88dba9,1,3,tautological,post_correct,2,0.34482758620689635
sub_9889ea88dba9,1,3,tautological,post_correct,3,0.44130594277329466
sub_9889ea88dba9,1,3,tautological,post_correct,4,0.588407923697726
sub_9889ea88dba9,1,3,tautological,post_correct,5,0.5409024211298602
sub_9889ea88dba9,1,4,tautological,post_correct,1,0.14591291061879294
sub_9889ea88dba9,1,4,tautological,post_correct,2,0.35943468296409486
sub_9889ea88dba9,1,4,tautological,post_correct,3,0.594346829640947
sub_9889ea88dba9,1,4,tautological,post_correct,4,0.3218105423987785
sub_9889ea88dba9,1,4,tautological,post_correct,5,0.203399541634836
sub_9889ea88dba9,1,5,tautological,post_correct,1,0.23813169984686083
sub_9889ea88dba9,1,5,tautological,post_correct,2,1.0
sub_9889ea88dba9,1,5,tautological,post_correct,3,0.581929555895865
sub_9889ea88dba9,1,5,tautological,post_correct,4,0.777947932618683
sub_9889ea88dba9,1,5,tautological,post_correct,5,0.44640122511485464
sub_22e46408b7d2,1,1,operator,pre_incorrect,1,0.44679075202403773
sub_22e46408b7d2,1,1,operator,pre_incorrect,2,0.2603288540188629
sub_22e46408b7d2,1,1,operator,pre_incorrect,3,0.06376763208413316
sub_22e46408b7d2,1,1,operator,pre_incorrect,4,0.31124280110174435
sub_22e46408b7d2,1,1,operator,pre_incorrect,5,0.1913863617394207
sub_22e46408b7d2,1,2,operator,pre_incorrect,1,0.3310241215257491
sub_22e46408b7d2,1,2,operator,pre_incorrect,2,0.16981053334446203
sub_22e46408b7d2,1,2,operator,pre_incorrect,3,0.25878474250897254
sub_22e46408b7d2,1,2,operator,pre_incorrect,4,0.25941073366163125
sub_22e46408b7d2,1,2,operator,pre_incorrect,5,0.26337534429513426
sub_22e46408b7d2,1,3,operator,first_correct,1,0.41742400501410226
sub_22e46408b7d2,1,3,operator,first_correct,2,0.5220933876527735
sub_22e46408b7d2,1,3,operator,first_correct,3,0.22250078345346286
sub_22e46408b7d2,1,3,operator,first_correct,4,0.39846443121278585
sub_22e46408b7d2,1,3,operator,first_correct,5,0.36383578815418466
sub_22e46408b7d2,1,4,operator,post_incorrect,1,0.41490693598197154
sub_22e46408b7d2,1,4,operator,post_incorrect,2,0.3969618562724317
sub_22e46408b7d2,1,4,operator,post_incorrect,3,0.16626325014606438
sub_22e46408b7d2,1,4,operator,post_incorrect,4,0.3169184542191795
sub_22e46408b7d2,1,4,operator,post_incorrect,5,0.26692262749353146
sub_22e46408b7d2,1,5,operator,post_incorrect,1,0.35556297470995735
sub_22e46408b7d2,1,5,operator,post_incorrect,2,0.271513229279693
sub_22e46408b7d2,1,5,operator,post_incorrect,3,0.14698272264418658
sub_22e46408b7d2,1,5,operator,post_incorrect,4,0.2771888823971292
sub_22e46408b7d2,1,5,operator,post_incorrect,5,0.25139804690760253
sub_8b6bc95cabb0,1,1,value-tight-chunk,first_correct,1,0.5725637443241355
sub_8b6bc95cabb0,1,1,value-tight-chunk,first_correct,2,0.3141809290953549
sub_8b6bc95cabb0,1,1,value-tight-chunk,first_correct,3,0.36246943765281237
sub_8b6bc95cabb0,1,1,value-tight-chunk,first_correct,4,0.33924205378973027
sub_8b6bc95cabb0,1,1,value-tight-chunk,first_correct,5,0.44629758994062274
sub_8b6bc95cabb0,1,2,value-tight-chunk,post_correct,1,0.39057456423499026
sub_8b6bc95cabb0,1,2,value-tight-chunk,post_correct,2,0.18415106520335703
sub_8b6bc95cabb0,1,2,value-tight-chunk,post_correct,3,0.6026468689477079
sub_8b6bc95cabb0,1,2,value-tight-chunk,post_correct,4,0.3963847643641058
sub_8b6bc95cabb0,1,2,value-tight-chunk,post_correct,5,0.25710135571336346
sub_8b6bc95cabb0,1,3,value-tight-chunk,post_correct,1,0.53690520794305
sub_8b6bc95cabb0,1,3,value-tight-chunk,post_correct,2,0.6464968152866242
sub_8b6bc95cabb0,1,3,value-tight-chunk,post_correct,3,0.6436867740726864
sub_8b6bc95cabb0,1,3,value-tight-chunk,post_correct,4,0.6762832521543641
sub_8b6bc95cabb0,1,3,value-tight-chunk,post_correct,5,0.5415886099662792
sub_8b6bc95cabb0,1,4,value-tight-chunk,post_correct,1,0.5653232949512843
sub_8b6bc95cabb0,1,4,value-tight-chunk,post_correct,2,0.756864481842338
sub_8b6bc95cabb0,1,4,value-tight-chunk,post_correct,3,0.8529672276350749
sub_8b6bc95cabb0,1,4,value-tight-chunk,post_correct,4,0.5872453498671393
sub_8b6bc95cabb0,1,4,value-tight-chunk,post_correct,5,0.4546058458813111
sub_8b6bc95cabb0,1,5,value-tight-chunk,post_correct,1,0.5355871886120998
sub_8b6bc95cabb0,1,5,value-tight-chunk,post_correct,2,0.3606624692033942
sub_8b6bc95cabb0,1,5,value-tight-chunk,post_correct,3,0.39953462907199566
sub_8b6bc95cabb0,1,5,value-tight-chunk,post_correct,4,0.6561730084861763
sub_8b6bc95cabb0,1,5,value-tight-chunk,post_correct,5,0.44114426498768217
sub_9146808bb050,1,1,hybrid,pre_incorrect,1,0.15929941618015006
sub_9146808bb050,1,1,hybrid,pre_incorrect,2,0.10454545454545461
sub_9146808bb050,1,1,hybrid,pre_incorrect,3,0.11780650542118444
sub_9146808bb050,1,1,hybrid,pre_incorrect,4,0.2694745621351127
sub_9146808bb050,1,1,hybrid,pre_incorrect,5,0.10442035029191013
sub_9146808bb050,1,2,hybrid,pre_incorrect,1,0.341367806505421
sub_9146808bb050,1,2,hybrid,pre_incorrect,2,0.07889908256880716
sub_9146808bb050,1,2,hybrid,pre_incorrect,3,0.11551292743953248
sub_9146808bb050,1,2,hybrid,pre_incorrect,4,0.16588824020016657
sub_9146808bb050,1,2,hybrid,pre_incorrect,5,0.13678065054211788
sub_9146808bb050,1,3,hybrid,first_correct,1,0.14720394736842105
sub_9146808bb050,1,3,hybrid,first_correct,2,0.4329769736842105
sub_9146808bb050,1,3,hybrid,first_correct,3,0.3176398026315786
sub_9146808bb050,1,3,hybrid,first_correct,4,0.245682565789473
sub_9146808bb050,1,3,hybrid,first_correct,5,0.3147615131578945
sub_9146808bb050,1,4,hybrid,post_incorrect,1,0.1998748957464555
sub_9146808bb050,1,4,hybrid,post_incorrect,2,0.511509591326105
sub_9146808bb050,1,4,hybrid,post_incorrect,3,0.2382402001668066
sub_9146808bb050,1,4,hybrid,post_incorrect,4,0.37193494578815606
sub_9146808bb050,1,4,hybrid,post_incorrect,5,0.283569641367807
sub_9146808bb050,1,5,hybrid,post_correct,1,0.3260352213231796
sub_9146808bb050,1,5,hybrid,post_correct,2,0.5531889576392187
sub_9146808bb050,1,5,hybrid,post_correct,3,0.22620180866254247
sub_9146808bb050,1,5,hybrid,post_correct,4,0.3943360304616849
sub_9146808bb050,1,5,hybrid,post_correct,5,0.4330080913850551
sub_5b52e7e48fb7,1,1,hybrid,pre_incorrect,1,0.6521648452490196
sub_5b52e7e48fb7,1,1,hybrid,pre_incorrect,2,0.44385584383081667
sub_5b52e7e48fb7,1,1,hybrid,pre_incorrect,3,0.4987069325102189
sub_5b52e7e48fb7,1,1,hybrid,pre_incorrect,4,0.4399766413614762
sub_5b52e7e48fb7,1,1,hybrid,pre_incorrect,5,0.2606990906815705
sub_5b52e7e48fb7,1,2,hybrid,pre_incorrect,1,0.44277133561358123
sub_5b52e7e48fb7,1,2,hybrid,pre_incorrect,2,0.3370317844331358
sub_5b52e7e48fb7,1,2,hybrid,pre_incorrect,3,0.39759739718027787
sub_5b52e7e48fb7,1,2,hybrid,pre_incorrect,4,0.31196295987319533
sub_5b52e7e48fb7,1,2,hybrid,pre_incorrect,5,0.553975139734714
sub_5b52e7e48fb7,1,3,hybrid,pre_incorrect,1,0.5035037957787603
sub_5b52e7e48fb7,1,3,hybrid,pre_incorrect,2,0.44589972470175954
sub_5b52e7e48fb7,1,3,hybrid,pre_incorrect,3,0.4975807124384745
sub_5b52e7e48fb7,1,3,hybrid,pre_incorrect,4,0.4383915908901306
sub_5b52e7e48fb7,1,3,hybrid,pre_incorrect,5,0.35738716943355353
sub_5b52e7e48fb7,1,4,hybrid,pre_incorrect,1,0.6707266205055477
sub_5b52e7e48fb7,1,4,hybrid,pre_incorrect,2,0.48114624176190873
sub_5b52e7e48fb7,1,4,hybrid,pre_incorrect,3,0.49140735797113594
sub_5b52e7e48fb7,1,4,hybrid,pre_incorrect,4,0.5586885792942362
sub_5b52e7e48fb7,1,4,hybrid,pre_incorrect,5,0.44635855510136013
sub_5b52e7e48fb7,1,5,hybrid,first_correct,1,0.6610868888196825
sub_5b52e7e48fb7,1,5,hybrid,first_correct,2,0.45188414824042333
sub_5b52e7e48fb7,1,5,hybrid,first_correct,3,0.37581750233572053
sub_5b52e7e48fb7,1,5,hybrid,first_correct,4,0.43506695733416445
sub_5b52e7e48fb7,1,5,hybrid,first_correct,5,0.3113516038617244
sub_1050042e659b,1,1,operator,first_correct,1,0.3895039386842665
sub_1050042e659b,1,1,operator,first_correct,2,0.23951458377687884
sub_1050042e659b,1,1,operator,first_correct,3,0.8045560996380676
sub_1050042e659b,1,1,operator,first_correct,4,0.44741324249521003
sub_1050042e659b,1,1,operator,first_correct,5,0.39024909516712764
sub_1050042e659b,1,2,operator,post_correct,1,0.8325123152709358
sub_1050042e659b,1,2,operator,post_correct,2,0.49964813511611555
sub_1050042e659b,1,2,operator,post_correct,3,0.4700914848698104
sub_1050042e659b,1,2,operator,post_correct,4,0.29451090781140093
sub_1050042e659b,1,2,operator,post_correct,5,0.7389162561576366
sub_1050042e659b,1,3,operator,post_correct,1,0.5270772498009026
sub_1050042e659b,1,3,operator,post_correct,2,0.5404831430846828
sub_1050042e659b,1,3,operator,post_correct,3,0.5023891691000796
sub_1050042e659b,1,3,operator,post_correct,4,0.7049376161401655
sub_1050042e659b,1,3,operator,post_correct,5,0.4368197504645611
sub_1050042e659b,1,4,operator,post_correct,1,0.7152117545375972
sub_1050042e659b,1,4,operator,post_correct,2,0.6663785652549696
sub_1050042e659b,1,4,operator,post_correct,3,0.6240276577355228
sub_1050042e659b,1,4,operator,post_correct,4,0.8530682800345718
sub_1050042e659b,1,4,operator,post_correct,5,0.5963699222126192
sub_1050042e659b,1,5,operator,post_correct,1,0.8148777173913043
sub_1050042e659b,1,5,operator,post_correct,2,0.8029891304347827
sub_1050042e659b,1,5,operator,post_correct,3,0.9228940217391306
sub_1050042e659b,1,5,operator,post_correct,4,0.1514945652173912
sub_1050042e659b,1,5,operator,post_correct,5,0.573709239130436
sub_eb19178b58f7,1,1,value-loose-chunk,first_correct,1,0.27719807639960076
sub_eb19178b58f7,1,1,value-loose-chunk,first_correct,2,0.4210144270029936
sub_eb19178b58f7,1,1,value-loose-chunk,first_correct,3,0.2376372380001805
sub_eb19178b58f7,1,1,value-loose-chunk,first_correct,4,0.33635786226295267
sub_eb19178b58f7,1,1,value-loose-chunk,first_correct,5,0.2160421014426997
sub_eb19178b58f7,1,2,value-loose-chunk,post_incorrect,1,0.4753961634695579
sub_eb19178b58f7,1,2,value-loose-chunk,post_incorrect,2,0.3699749791492912
sub_eb19178b58f7,1,2,value-loose-chunk,post_incorrect,3,0.2643035863219347
sub_eb19178b58f7,1,2,value-loose-chunk,post_incorrect,4,0.358715596330276
sub_eb19178b58f7,1,2,value-loose-chunk,post_incorrect,5,0.14812343619683155
sub_eb19178b58f7,1,3,value-loose-chunk,post_correct,1,0.6465024197096348
sub_eb19178b58f7,1,3,value-loose-chunk,post_correct,2,0.5156181258249013
sub_eb19178b58f7,1,3,value-loose-chunk,post_correct,3,0.6764188297404313
sub_eb19178b58f7,1,3,value-loose-chunk,post_correct,4,0.4342278926528805
sub_eb19178b58f7,1,3,value-loose-chunk,post_correct,5,0.19973603167619913
sub_eb19178b58f7,1,4,value-loose-chunk,post_correct,1,0.5241421461625777
sub_eb19178b58f7,1,4,value-loose-chunk,post_correct,2,0.35492883960534294
sub_eb19178b58f7,1,4,value-loose-chunk,post_correct,3,0.312625512966033
sub_eb19178b58f7,1,4,value-loose-chunk,post_correct,4,0.30825984458220645
sub_eb19178b58f7,1,4,value-loose-chunk,post_correct,5,0.27006024622369595
sub_eb19178b58f7,1,5,value-loose-chunk,post_correct,1,0.3828070784177656
sub_eb19178b58f7,1,5,value-loose-chunk,post_correct,2,0.3831540596807772
sub_eb19178b58f7,1,5,value-loose-chunk,post_correct,3,0.243147120055518
sub_eb19178b58f7,1,5,value-loose-chunk,post_correct,4,0.4532442748091604
sub_eb19178b58f7,1,5,value-loose-chunk,post_correct,5,0.3350104094378893
sub_805570755bc1,1,1,operator,pre_incorrect,1,0.4136937087475979
sub_805570755bc1,1,1,operator,pre_incorrect,2,0.3400451165510905
sub_805570755bc1,1,1,operator,pre_incorrect,3,0.3791043529116881
sub_805570755bc1,1,1,operator,pre_incorrect,4,0.227253738825298
sub_805570755bc1,1,1,operator,pre_incorrect,5,0.3669061742835659
sub_805570755bc1,1,2,operator,first_correct,1,0.5543488139598295
sub_805570755bc1,1,2,operator,first_correct,2,0.42947377987821506
sub_805570755bc1,1,2,operator,first_correct,3,0.5850677088066881
sub_805570755bc1,1,2,operator,first_correct,4,0.4852313005543948
sub_805570755bc1,1,2,operator,first_correct,5,0.46287376170135514
sub_805570755bc1,1,3,operator,post_correct,1,0.6209723820483313
sub_805570755bc1,1,3,operator,post_correct,2,0.7315880322209437
sub_805570755bc1,1,3,operator,post_correct,3,0.5699079401611045
sub_805570755bc1,1,3,operator,post_correct,4,0.6602416570770996
sub_805570755bc1,1,3,operator,post_correct,5,0.4449079401611042
sub_805570755bc1,1,4,operator,post_correct,1,0.7235654998195598
sub_805570755bc1,1,4,operator,post_correct,2,0.1605918440996028
sub_805570755bc1,1,4,operator,post_correct,3,0.45272464814146496
sub_805570755bc1,1,4,operator,post_correct,4,0.501984843016962
sub_805570755bc1,1,4,operator,post_correct,5,0.49530855286899994
sub_805570755bc1,1,5,operator,post_correct,1,0.604419410745234
sub_805570755bc1,1,5,operator,post_correct,2,0.4129116117850953
sub_805570755bc1,1,5,operator,post_correct,3,0.6707105719237436
sub_805570755bc1,1,5,operator,post_correct,4,0.37911611785095284
sub_805570755bc1,1,5,operator,post_correct,5,0.1997400346620452
sub_5854b75f83c8,1,1,tautological,first_correct,1,0.3984278649109913
sub_5854b75f83c8,1,1,tautological,first_correct,2,0.35450275933377334
sub_5854b75f83c8,1,1,tautological,first_correct,3,0.39750601073835523
sub_5854b75f83c8,1,1,tautological,first_correct,4,0.7279035292065825
sub_5854b75f83c8,1,1,tautological,first_correct,5,0.5363571811194293
sub_5854b75f83c8,1,2,tautological,post_correct,1,0.6924087507854
sub_5854b75f83c8,1,2,tautological,post_correct,2,0.7789455646312904
sub_5854b75f83c8,1,2,tautological,post_correct,3,0.5798252127720341
sub_5854b75f83c8,1,2,tautological,post_correct,4,0.5877648940423834
sub_5854b75f83c8,1,2,tautological,post_correct,5,0.5335008853601422
sub_5854b75f83c8,1,3,tautological,post_correct,1,0.5576276963529239
sub_5854b75f83c8,1,3,tautological,post_correct,2,0.6825242245702877
sub_5854b75f83c8,1,3,tautological,post_correct,3,0.7765009495057699
sub_5854b75f83c8,1,3,tautological,post_correct,4,0.635779325120514
sub_5854b75f83c8,1,3,tautological,post_correct,5,0.5286555972147818
sub_5854b75f83c8,1,4,tautological,post_correct,1,0.3228135015736436
sub_5854b75f83c8,1,4,tautological,post_correct,2,0.6945976380908385
sub_5854b75f83c8,1,4,tautological,post_correct,3,0.8033956053475009
sub_5854b75f83c8,1,4,tautological,post_correct,4,0.5833164900528395
sub_5854b75f83c8,1,4,tautological,post_correct,5,0.18415961655068822
sub_5854b75f83c8,1,5,tautological,post_correct,1,0.3607934323541973
sub_5854b75f83c8,1,5,tautological,post_correct,2,0.8244198737721257
sub_5854b75f83c8,1,5,tautological,post_correct,3,0.8993973330802447
sub_5854b75f83c8,1,5,tautological,post_correct,4,0.884212024865943
sub_5854b75f83c8,1,5,tautological,post_correct,5,0.8654676600389125
sub_17d1878c3e44,1,1,operator,pre_incorrect,1,0.6809043130057562
sub_17d1878c3e44,1,1,operator,pre_incorrect,2,0.4122382581129555
sub_17d1878c3e44,1,1,operator,pre_incorrect,3,0.5456744806874108
sub_17d1878c3e44,1,1,operator,pre_incorrect,4,0.6156252606990901
sub_17d1878c3e44,1,1,operator,pre_incorrect,5,0.46809043130057537
sub_17d1878c3e44,1,2,operator,pre_incorrect,1,0.6333027369826438
sub_17d1878c3e44,1,2,operator,pre_incorrect,2,0.480682576769025
sub_17d1878c3e44,1,2,operator,pre_incorrect,3,0.4489736315086781
sub_17d1878c3e44,1,2,operator,pre_incorrect,4,0.6574599465954605
sub_17d1878c3e44,1,2,operator,pre_incorrect,5,0.46783210947930726
sub_17d1878c3e44,1,3,operator,pre_incorrect,1,0.5440894302160671
sub_17d1878c3e44,1,3,operator,pre_incorrect,2,0.5185200634020188
sub_17d1878c3e44,1,3,operator,pre_incorrect,3,0.39263368649370195
sub_17d1878c3e44,1,3,operator,pre_incorrect,4,0.6188370734962881
sub_17d1878c3e44,1,3,operator,pre_incorrect,5,0.6253024109451906
sub_17d1878c3e44,1,4,operator,pre_incorrect,1,0.4528238925502629
sub_17d1878c3e44,1,4,operator,pre_incorrect,2,0.522732960707433
sub_17d1878c3e44,1,4,operator,pre_incorrect,3,0.4249603737382174
sub_17d1878c3e44,1,4,operator,pre_incorrect,4,0.5372486860765834
sub_17d1878c3e44,1,4,operator,pre_incorrect,5,0.49828981396513
sub_17d1878c3e44,1,5,operator,first_correct,1,0.5012145748987855
sub_17d1878c3e44,1,5,operator,first_correct,2,0.5720647773279356
sub_17d1878c3e44,1,5,operator,first_correct,3,0.4169028340080979
sub_17d1878c3e44,1,5,operator,first_correct,4,0.515688259109312
sub_17d1878c3e44,1,5,operator,first_correct,5,0.6610323886639675
sub_43e17045a109,1,1,value-tight-chunk,pre_incorrect,1,0.5414890950112812
sub_43e17045a109,1,1,value-tight-chunk,pre_incorrect,2,0.4659062421659565
sub_43e17045a109,1,1,value-tight-chunk,pre_incorrect,3,0.38451575165037105
sub_43e17045a109,1,1,value-tight-chunk,pre_incorrect,4,0.4739700843987642
sub_43e17045a109,1,1,value-tight-chunk,pre_incorrect,5,0.30717807303417805
sub_43e17045a109,1,2,value-tight-chunk,pre_incorrect,1,0.4133099824868651
sub_43e17045a109,1,2,value-tight-chunk,pre_incorrect,2,0.3117754982903842
sub_43e17045a109,1,2,value-tight-chunk,pre_incorrect,3,0.415603369193563
sub_43e17045a109,1,2,value-tight-chunk,pre_incorrect,4,0.5088816612459336
sub_43e17045a109,1,2,value-tight-chunk,pre_incorrect,5,0.4409974147277122
sub_43e17045a109,1,3,value-tight-chunk,pre_incorrect,1,0.49762262262262275
sub_43e17045a109,1,3,value-tight-chunk,pre_incorrect,2,0.44661327994661265
sub_43e17045a109,1,3,value-tight-chunk,pre_incorrect,3,0.5111778445111779
sub_43e17045a109,1,3,value-tight-chunk,pre_incorrect,4,0.5787871204537888
sub_43e17045a109,1,3,value-tight-chunk,pre_incorrect,5,0.35101768435101816
sub_43e17045a109,1,4,value-tight-chunk,pre_incorrect,1,0.5653570236903571
sub_43e17045a109,1,4,value-tight-chunk,pre_incorrect,2,0.5495912579245915
sub_43e17045a109,1,4,value-tight-chunk,pre_incorrect,3,0.5398732065398736
sub_43e17045a109,1,4,value-tight-chunk,pre_incorrect,4,0.4042792792792792
sub_43e17045a109,1,4,value-tight-chunk,pre_incorrect,5,0.4201701701701701
sub_43e17045a109,1,5,value-tight-chunk,first_correct,1,0.49973794549266237
sub_43e17045a109,1,5,value-tight-chunk,first_correct,2,0.4598183088749127
sub_43e17045a109,1,5,value-tight-chunk,first_correct,3,0.6909940600978348
sub_43e17045a109,1,5,value-tight-chunk,first_correct,4,0.5595737246680654
sub_43e17045a109,1,5,value-tight-chunk,first_correct,5,0.4214273235499638
sub_e90b1271db78,1,1,value-tight-chunk,first_correct,1,0.38526727509778347
sub_e90b1271db78,1,1,value-tight-chunk,first_correct,2,0.4473598435462842
sub_e90b1271db78,1,1,value-tight-chunk,first_correct,3,0.2799869621903523
sub_e90b1271db78,1,1,value-tight-chunk,first_correct,4,0.4462190352020854
sub_e90b1271db78,1,1,value-tight-chunk,first_correct,5,0.561766623207301
sub_e90b1271db78,1,2,value-tight-chunk,post_correct,1,0.618711136235161
sub_e90b1271db78,1,2,value-tight-chunk,post_correct,2,0.6868287167891465
sub_e90b1271db78,1,2,value-tight-chunk,post_correct,3,0.6899378179762574
sub_e90b1271db78,1,2,value-tight-chunk,post_correct,4,0.382702091577162
sub_e90b1271db78,1,2,value-tight-chunk,post_correct,5,0.5305257207461854
sub_e90b1271db78,1,3,value-tight-chunk,post_correct,1,0.4939413265306123
sub_e90b1271db78,1,3,value-tight-chunk,post_correct,2,0.47927295918367346
sub_e90b1271db78,1,3,value-tight-chunk,post_correct,3,0.8510841836734695
sub_e90b1271db78,1,3,value-tight-chunk,post_correct,4,0.706951530612245
sub_e90b1271db78,1,3,value-tight-chunk,post_correct,5,0.42665816326530587
sub_e90b1271db78,1,4,value-tight-chunk,post_incorrect,1,0.32852015691511566
sub_e90b1271db78,1,4,value-tight-chunk,post_incorrect,2,0.3340288790585092
sub_e90b1271db78,1,4,value-tight-chunk,post_incorrect,3,0.4799265503714214
sub_e90b1271db78,1,4,value-tight-chunk,post_incorrect,4,0.408855688172941
sub_e90b1271db78,1,4,value-tight-chunk,post_incorrect,5,0.4674484600617642
sub_e90b1271db78,1,5,value-tight-chunk,post_correct,1,0.9209610027855154
sub_e90b1271db78,1,5,value-tight-chunk,post_correct,2,0.06371866295264633
sub_e90b1271db78,1,5,value-tight-chunk,post_correct,3,0.6305710306406682
sub_e90b1271db78,1,5,value-tight-chunk,post_correct,4,0.5139275766016717
sub_e90b1271db78,1,5,value-tight-chunk,post_correct,5,0.5449164345403904
sub_cc38e1eafa3b,1,1,value-loose-chunk,first_correct,1,0.6092662024638458
sub_cc38e1eafa3b,1,1,value-loose-chunk,first_correct,2,0.474558114622389
sub_cc38e1eafa3b,1,1,value-loose-chunk,first_correct,3,0.38711837171933605
sub_cc38e1eafa3b,1,1,value-loose-chunk,first_correct,4,0.1980449919657198
sub_cc38e1eafa3b,1,1,value-loose-chunk,first_correct,5,0.20273165506159652
sub_cc38e1eafa3b,1,2,value-loose-chunk,post_correct,1,0.49149753154141523
sub_cc38e1eafa3b,1,2,value-loose-chunk,post_correct,2,0.2855183763027972
sub_cc38e1eafa3b,1,2,value-loose-chunk,post_correct,3,0.1845172792100927
sub_cc38e1eafa3b,1,2,value-loose-chunk,post_correct,4,0.07247668678003355
sub_cc38e1eafa3b,1,2,value-loose-chunk,post_correct,5,0.3507953922106398
sub_cc38e1eafa3b,1,3,value-loose-chunk,post_correct,1,0.4237956810631228
sub_cc38e1eafa3b,1,3,value-loose-chunk,post_correct,2,0.6924833887043188
sub_cc38e1eafa3b,1,3,value-loose-chunk,post_correct,3,0.24480897009966784
sub_cc38e1eafa3b,1,3,value-loose-chunk,post_correct,4,0.38122923588039875
sub_cc38e1eafa3b,1,3,value-loose-chunk,post_correct,5,0.39057308970099675
sub_cc38e1eafa3b,1,4,value-loose-chunk,post_incorrect,1,0.4087722226859196
sub_cc38e1eafa3b,1,4,value-loose-chunk,post_incorrect,2,0.23115766630498324
sub_cc38e1eafa3b,1,4,value-loose-chunk,post_incorrect,3,0.194724981220265
sub_cc38e1eafa3b,1,4,value-loose-chunk,post_incorrect,4,0.06376763208413286
sub_cc38e1eafa3b,1,4,value-loose-chunk,post_incorrect,5,0.08121191887154654
sub_cc38e1eafa3b,1,5,value-loose-chunk,post_correct,1,0.2230000000000001
sub_cc38e1eafa3b,1,5,value-loose-chunk,post_correct,2,0.4624999999999999
sub_cc38e1eafa3b,1,5,value-loose-chunk,post_correct,3,0.5667500000000003
sub_cc38e1eafa3b,1,5,value-loose-chunk,post_correct,4,0.6219999999999994
sub_cc38e1eafa3b,1,5,value-loose-chunk,post_correct,5,0.4342499999999996
sub_b6f175b744b4,1,1,operator,first_correct,1,0.5689556916939736
sub_b6f175b744b4,1,1,operator,first_correct,2,0.5701666904117391
sub_b6f175b744b4,1,1,operator,first_correct,3,0.6137626442513185
sub_b6f175b744b4,1,1,operator,first_correct,4,0.3004701524433672
sub_b6f175b744b4,1,1,operator,first_correct,5,0.8001852115686008
sub_b6f175b744b4,1,2,operator,post_correct,1,0.6109480481361902
sub_b6f175b744b4,1,2,operator,post_correct,2,0.6711182858820077
sub_b6f175b744b4,1,2,operator,post_correct,3,0.7304079835632517
sub_b6f175b744b4,1,2,operator,post_correct,4,0.44907543293219876
sub_b6f175b744b4,1,2,operator,post_correct,5,0.6755209862048714
sub_b6f175b744b4,1,3,operator,post_correct,1,0.6105944868814348
sub_b6f175b744b4,1,3,operator,post_correct,2,0.8027233477250082
sub_b6f175b744b4,1,3,operator,post_correct,3,0.8947193623380936
sub_b6f175b744b4,1,3,operator,post_correct,4,0.803221521089339
sub_b6f175b744b4,1,3,operator,post_correct,5,0.4848887412819658
sub_b6f175b744b4,1,4,operator,post_correct,1,0.5971880044176365
sub_b6f175b744b4,1,4,operator,post_correct,2,0.5541585251890234
sub_b6f175b744b4,1,4,operator,post_correct,3,0.5662220711919114
sub_b6f175b744b4,1,4,operator,post_correct,4,0.4446521111205501
sub_b6f175b744b4,1,4,operator,post_correct,5,0.3902387222835788
sub_b6f175b744b4,1,5,operator,post_correct,1,0.5997596153846153
sub_b6f175b744b4,1,5,operator,post_correct,2,0.37439903846153855
sub_b6f175b744b4,1,5,operator,post_correct,3,0.5516826923076924
sub_b6f175b744b4,1,5,operator,post_correct,4,0.6033653846153848
sub_b6f175b744b4,1,5,operator,post_correct,5,0.5318509615384613
sub_707745ba20a5,1,1,hybrid,first_correct,1,0.7961927582534611
sub_707745ba20a5,1,1,hybrid,first_correct,2,0.6236687965921193
sub_707745ba20a5,1,1,hybrid,first_correct,3,0.7465388711395103
sub_707745ba20a5,1,1,hybrid,first_correct,4,0.5097177848775284
sub_707745ba20a5,1,1,hybrid,first_correct,5,0.601038338658147
sub_707745ba20a5,1,2,hybrid,post_correct,1,0.6988584474885845
sub_707745ba20a5,1,2,hybrid,post_correct,2,0.7867579908675799
sub_707745ba20a5,1,2,hybrid,post_correct,3,0.828995433789954
sub_707745ba20a5,1,2,hybrid,post_correct,4,0.7577625570776257
sub_707745ba20a5,1,2,hybrid,post_correct,5,0.6043378995433795
sub_707745ba20a5,1,3,hybrid,post_correct,1,0.7581920903954803
sub_707745ba20a5,1,3,hybrid,post_correct,2,0.606497175141243
sub_707745ba20a5,1,3,hybrid,post_correct,3,0.8406779661016957
sub_707745ba20a5,1,3,hybrid,post_correct,4,0.5361581920903954
sub_707745ba20a5,1,3,hybrid,post_correct,5,0.5596045197740113
sub_707745ba20a5,1,4,hybrid,post_correct,1,0.775607638888889
sub_707745ba20a5,1,4,hybrid,post_correct,2,0.9500868055555557
sub_707745ba20a5,1,4,hybrid,post_correct,3,0.8111979166666663
sub_707745ba20a5,1,4,hybrid,post_correct,4,0.7265625000000006
sub_707745ba20a5,1,4,hybrid,post_correct,5,0.5177951388888887
sub_707745ba20a5,1,5,hybrid,post_correct,1,0.684995737425405
sub_707745ba20a5,1,5,hybrid,post_correct,2,0.6223358908780904
sub_707745ba20a5,1,5,hybrid,post_correct,3,0.7459505541346974
sub_707745ba20a5,1,5,hybrid,post_correct,4,0.858056265984655
sub_707745ba20a5,1,5,hybrid,post_correct,5,0.75618073316283
sub_c4d43f0d5396,1,1,value-loose-chunk,first_correct,1,0.7499636680715012
sub_c4d43f0d5396,1,1,value-loose-chunk,first_correct,2,0.8498038075861064
sub_c4d43f0d5396,1,1,value-loose-chunk,first_correct,3,0.6642929806714145
sub_c4d43f0d5396,1,1,value-loose-chunk,first_correct,4,0.7678389768928935
sub_c4d43f0d5396,1,1,value-loose-chunk,first_correct,5,0.6455457055660504
sub_c4d43f0d5396,1,2,value-loose-chunk,post_incorrect,1,0.5981828839390385
sub_c4d43f0d5396,1,2,value-loose-chunk,post_incorrect,2,0.6414335957126114
sub_c4d43f0d5396,1,2,value-loose-chunk,post_incorrect,3,0.6121252721487196
sub_c4d43f0d5396,1,2,value-loose-chunk,post_incorrect,4,0.5624267291910899
sub_c4d43f0d5396,1,2,value-loose-chunk,post_incorrect,5,0.39080556020767054
sub_c4d43f0d5396,1,3,value-loose-chunk,post_correct,1,0.7337850919651501
sub_c4d43f0d5396,1,3,value-loose-chunk,post_correct,2,0.679574056147145
sub_c4d43f0d5396,1,3,value-loose-chunk,post_correct,3,0.7998547918683446
sub_c4d43f0d5396,1,3,value-loose-chunk,post_correct,4,0.40609874152952546
sub_c4d43f0d5396,1,3,value-loose-chunk,post_correct,5,0.6246369796708615
sub_c4d43f0d5396,1,4,value-loose-chunk,post_correct,1,0.7296407185628743
sub_c4d43f0d5396,1,4,value-loose-chunk,post_correct,2,0.7065868263473053
sub_c4d43f0d5396,1,4,value-loose-chunk,post_correct,3,0.9691616766467066
sub_c4d43f0d5396,1,4,value-loose-chunk,post_correct,4,0.7320359281437122
sub_c4d43f0d5396,1,4,value-loose-chunk,post_correct,5,0.5910179640718564
sub_c4d43f0d5396,1,5,value-loose-chunk,post_correct,1,0.5284724569111187
sub_c4d43f0d5396,1,5,value-loose-chunk,post_correct,2,0.5826292666441368
sub_c4d43f0d5396,1,5,value-loose-chunk,post_correct,3,0.5579587698546803
sub_c4d43f0d5396,1,5,value-loose-chunk,post_correct,4,0.6683845893883076
sub_c4d43f0d5396,1,5,value-loose-chunk,post_correct,5,0.7117269347752618
sub_0c29698397c7,1,1,value-tight-chunk,first_correct,1,0.6075320206461479
sub_0c29698397c7,1,1,value-tight-chunk,first_correct,2,0.4218122729879561
sub_0c29698397c7,1,1,value-tight-chunk,first_correct,3,0.38405658573886453
sub_0c29698397c7,1,1,value-tight-chunk,first_correct,4,0.6163257503345431
sub_0c29698397c7,1,1,value-tight-chunk,first_correct,5,0.07388644618619866
sub_0c29698397c7,1,2,value-tight-chunk,post_correct,1,0.48657314629258513
sub_0c29698397c7,1,2,value-tight-chunk,post_correct,2,0.0
sub_0c29698397c7,1,2,value-tight-chunk,post_correct,3,0.2675350701402807
sub_0c29698397c7,1,2,value-tight-chunk,post_correct,4,0.7172344689378758
sub_0c29698397c7,1,2,value-tight-chunk,post_correct,5,0.2783567134268536
sub_0c29698397c7,1,3,value-tight-chunk,post_correct,1,0.39421234189344584
sub_0c29698397c7,1,3,value-tight-chunk,post_correct,2,0.559026446914527
sub_0c29698397c7,1,3,value-tight-chunk,post_correct,3,0.21080873898045221
sub_0c29698397c7,1,3,value-tight-chunk,post_correct,4,0.5113070141816787
sub_0c29698397c7,1,3,value-tight-chunk,post_correct,5,0.07014181678804134
sub_0c29698397c7,1,4,value-tight-chunk,post_correct,1,0.6645940014630578
sub_0c29698397c7,1,4,value-tight-chunk,post_correct,2,0.7286027798098025
sub_0c29698397c7,1,4,value-tight-chunk,post_correct,3,0.49963423555230485
sub_0c29698397c7,1,4,value-tight-chunk,post_correct,4,0.588880760790051
sub_0c29698397c7,1,4,value-tight-chunk,post_correct,5,0.5413313825896124
sub_0c29698397c7,1,5,value-tight-chunk,post_correct,1,0.6806395851339672
sub_0c29698397c7,1,5,value-tight-chunk,post_correct,2,0.5073465859982713
sub_0c29698397c7,1,5,value-tight-chunk,post_correct,3,0.5285220397579952
sub_0c29698397c7,1,5,value-tight-chunk,post_correct,4,0.70656871218669
sub_0c29698397c7,1,5,value-tight-chunk,post_correct,5,0.7273120138288677
sub_d517dc5c5248,1,1,hybrid,pre_incorrect,1,0.5777314428690575
sub_d517dc5c5248,1,1,hybrid,pre_incorrect,2,0.5407422852376981
sub_d517dc5c5248,1,1,hybrid,pre_incorrect,3,0.492869057547957
sub_d517dc5c5248,1,1,hybrid,pre_incorrect,4,0.5121351125938266
sub_d517dc5c5248,1,1,hybrid,pre_incorrect,5,0.5973728106755619
sub_d517dc5c5248,1,2,hybrid,first_correct,1,0.682542557044549
sub_d517dc5c5248,1,2,hybrid,first_correct,2,0.6173487866714956
sub_d517dc5c5248,1,2,hybrid,first_correct,3,0.5303332126041298
sub_d517dc5c5248,1,2,hybrid,first_correct,4,0.6371785584932994
sub_d517dc5c5248,1,2,hybrid,first_correct,5,0.7260956175298791
sub_d517dc5c5248,1,3,hybrid,post_incorrect,1,0.6075479566305254
sub_d517dc5c5248,1,3,hybrid,post_incorrect,2,0.4898665554628865
sub_d517dc5c5248,1,3,hybrid,post_incorrect,3,0.5696830692243534
sub_d517dc5c5248,1,3,hybrid,post_incorrect,4,0.5489574645537949
sub_d517dc5c5248,1,3,hybrid,post_incorrect,5,0.5740200166805666
sub_d517dc5c5248,1,4,hybrid,post_incorrect,1,0.5460685399816558
sub_d517dc5c5248,1,4,hybrid,post_incorrect,2,0.608229800717085
sub_d517dc5c5248,1,4,hybrid,post_incorrect,3,0.5900942216292842
sub_d517dc5c5248,1,4,hybrid,post_incorrect,4,0.40798799299591376
sub_d517dc5c5248,1,4,hybrid,post_incorrect,5,0.6897773701325773
sub_d517dc5c5248,1,5,hybrid,post_incorrect,1,0.5906362044525973
sub_d517dc5c5248,1,5,hybrid,post_incorrect,2,0.46268656716417905
sub_d517dc5c5248,1,5,hybrid,post_incorrect,3,0.39518886016843063
sub_d517dc5c5248,1,5,hybrid,post_incorrect,4,0.5891353289418846
sub_d517dc5c5248,1,5,hybrid,post_incorrect,5,0.4266238639206217
sub_b7ff146d8536,1,1,value-tight-chunk,pre_incorrect,1,0.5041274076544651
sub_b7ff146d8536,1,1,value-tight-chunk,pre_incorrect,2,0.525639956641374
sub_b7ff146d8536,1,1,value-tight-chunk,pre_incorrect,3,0.5140498624197457
sub_b7ff146d8536,1,1,value-tight-chunk,pre_incorrect,4,0.4416743100141747
sub_b7ff146d8536,1,1,value-tight-chunk,pre_incorrect,5,0.4059868256482948
sub_b7ff146d8536,1,2,value-tight-chunk,pre_incorrect,1,0.4508046360376886
sub_b7ff146d8536,1,2,value-tight-chunk,pre_incorrect,2,0.3058033853080964
sub_b7ff146d8536,1,2,value-tight-chunk,pre_incorrect,3,0.34574335028766834
sub_b7ff146d8536,1,2,value-tight-chunk,pre_incorrect,4,0.4097390144250808
sub_b7ff146d8536,1,2,value-tight-chunk,pre_incorrect,5,0.19707329275410732
sub_b7ff146d8536,1,3,value-tight-chunk,pre_incorrect,1,0.4775285583256901
sub_b7ff146d8536,1,3,value-tight-chunk,pre_incorrect,2,0.3057616943216873
sub_b7ff146d8536,1,3,value-tight-chunk,pre_incorrect,3,0.2932127074126577
sub_b7ff146d8536,1,3,value-tight-chunk,pre_incorrect,4,0.40135912615692526
sub_b7ff146d8536,1,3,value-tight-chunk,pre_incorrect,5,0.2654882014508455
sub_b7ff146d8536,1,4,value-tight-chunk,first_correct,1,0.21393972012917126
sub_b7ff146d8536,1,4,value-tight-chunk,first_correct,2,0.42882131324004275
sub_b7ff146d8536,1,4,value-tight-chunk,first_correct,3,0.3011302475780421
sub_b7ff146d8536,1,4,value-tight-chunk,first_correct,4,0.6427610333692144
sub_b7ff146d8536,1,4,value-tight-chunk,first_correct,5,0.5439989235737361
sub_b7ff146d8536,1,5,value-tight-chunk,post_correct,1,0.37051635790303505
sub_b7ff146d8536,1,5,value-tight-chunk,post_correct,2,0.4566417027985811
sub_b7ff146d8536,1,5,value-tight-chunk,post_correct,3,0.5128104059913278
sub_b7ff146d8536,1,5,value-tight-chunk,post_correct,4,0.6493890421757985
sub_b7ff146d8536,1,5,value-tight-chunk,post_correct,5,0.5246353961371704
sub_6f135f163500,1,1,tautological,pre_incorrect,1,0.437239366138449
sub_6f135f163500,1,1,tautological,pre_incorrect,2,0.5544203502919104
sub_6f135f163500,1,1,tautological,pre_incorrect,3,0.4590075062552123
sub_6f135f163500,1,1,tautological,pre_incorrect,4,0.32439532944120086
sub_6f135f163500,1,1,tautological,pre_incorrect,5,0.38269391159299443
sub_6f135f163500,1,2,tautological,first_correct,1,0.5780089153046062
sub_6f135f163500,1,2,tautological,first_correct,2,0.39821693907875183
sub_6f135f163500,1,2,tautological,first_correct,3,0.5054977711738486
sub_6f135f163500,1,2,tautological,first_correct,4,0.530460624071323
sub_6f135f163500,1,2,tautological,first_correct,5,0.24338781575037122
sub_6f135f163500,1,3,tautological,post_correct,1,0.2770970782280867
sub_6f135f163500,1,3,tautological,post_correct,2,0.6239396795475965
sub_6f135f163500,1,3,tautological,post_correct,3,0.45004712535343977
sub_6f135f163500,1,3,tautological,post_correct,4,0.8407163053722903
sub_6f135f163500,1,3,tautological,post_correct,5,0.6286522148916115
sub_6f135f163500,1,4,tautological,post_correct,1,0.9617890995260664
sub_6f135f163500,1,4,tautological,post_correct,2,0.9709715639810425
sub_6f135f163500,1,4,tautological,post_correct,3,0.391291469194313
sub_6f135f163500,1,4,tautological,post_correct,4,0.9760071090047393
sub_6f135f163500,1,4,tautological,post_correct,5,0.9760071090047393
sub_6f135f163500,1,5,tautological,post_correct,1,0.4348591549295776
sub_6f135f163500,1,5,tautological,post_correct,2,0.9220950704225351
sub_6f135f163500,1,5,tautological,post_correct,3,0.42165492957746453
sub_6f135f163500,1,5,tautological,post_correct,4,0.2878521126760563
sub_6f135f163500,1,5,tautological,post_correct,5,0.48327464788732355
sub_0bf06d808ee6,1,1,value-loose-chunk,pre_incorrect,1,0.5309462618277537
sub_0bf06d808ee6,1,1,value-loose-chunk,pre_incorrect,2,0.3915251211319776
sub_0bf06d808ee6,1,1,value-loose-chunk,pre_incorrect,3,0.37524963359393415
sub_0bf06d808ee6,1,1,value-loose-chunk,pre_incorrect,4,0.1312003587250313
sub_0bf06d808ee6,1,1,value-loose-chunk,pre_incorrect,5,0.31137249691720725
sub_0bf06d808ee6,1,2,value-loose-chunk,first_correct,1,0.5688151846931453
sub_0bf06d808ee6,1,2,value-loose-chunk,first_correct,2,0.18492219829889908
sub_0bf06d808ee6,1,2,value-loose-chunk,first_correct,3,0.2001313237741838
sub_0bf06d808ee6,1,2,value-loose-chunk,first_correct,4,0.14253210560874716
sub_0bf06d808ee6,1,2,value-loose-chunk,first_correct,5,0.6004245117351523
sub_0bf06d808ee6,1,3,value-loose-chunk,post_incorrect,1,0.2966216019890997
sub_0bf06d808ee6,1,3,value-loose-chunk,post_incorrect,2,0.3890865167093512
sub_0bf06d808ee6,1,3,value-loose-chunk,post_incorrect,3,0.3545014175241678
sub_0bf06d808ee6,1,3,value-loose-chunk,post_incorrect,4,0.18645735182410325
sub_0bf06d808ee6,1,3,value-loose-chunk,post_incorrect,5,0.20627778492650917
sub_0bf06d808ee6,1,4,value-loose-chunk,post_incorrect,1,0.5262211853395491
sub_0bf06d808ee6,1,4,value-loose-chunk,post_incorrect,2,0.46017526453653723
sub_0bf06d808ee6,1,4,value-loose-chunk,post_incorrect,3,0.35199445396918944
sub_0bf06d808ee6,1,4,value-loose-chunk,post_incorrect,4,0.20594620848260436
sub_0bf06d808ee6,1,4,value-loose-chunk,post_incorrect,5,0.2634987318020863
sub_0bf06d808ee6,1,5,value-loose-chunk,post_correct,1,0.5120947663600389
sub_0bf06d808ee6,1,5,value-loose-chunk,post_correct,2,0.6360300862227112
sub_0bf06d808ee6,1,5,value-loose-chunk,post_correct,3,0.5285268758026052
sub_0bf06d808ee6,1,5,value-loose-chunk,post_correct,4,0.6065466362659532
sub_0bf06d808ee6,1,5,value-loose-chunk,post_correct,5,0.511832691249312
sub_e77dffb7fe67,1,1,value-loose-chunk,first_correct,1,0.6548117154811716
sub_e77dffb7fe67,1,1,value-loose-chunk,first_correct,2,0.927077106993425
sub_e77dffb7fe67,1,1,value-loose-chunk,first_correct,3,0.9850567842199639
sub_e77dffb7fe67,1,1,value-loose-chunk,first_correct,4,0.5439330543933061
sub_e77dffb7fe67,1,1,value-loose-chunk,first_correct,5,0.4408248655110579
sub_e77dffb7fe67,1,2,value-loose-chunk,post_correct,1,0.9042891183478952
sub_e77dffb7fe67,1,2,value-loose-chunk,post_correct,2,0.73868149324861
sub_e77dffb7fe67,1,2,value-loose-chunk,post_correct,3,0.8578236695790308
sub_e77dffb7fe67,1,2,value-loose-chunk,post_correct,4,0.7124702144559173
sub_e77dffb7fe67,1,2,value-loose-chunk,post_correct,5,0.5464654487688647
sub_e77dffb7fe67,1,3,value-loose-chunk,post_correct,1,0.6961465571699306
sub_e77dffb7fe67,1,3,value-loose-chunk,post_correct,2,0.5142135186355024
sub_e77dffb7fe67,1,3,value-loose-chunk,post_correct,3,0.7950094756790902
sub_e77dffb7fe67,1,3,value-loose-chunk,post_correct,4,0.5758054327226786
sub_e77dffb7fe67,1,3,value-loose-chunk,post_correct,5,0.6955148452305754
sub_e77dffb7fe67,1,4,value-loose-chunk,post_correct,1,0.7657807308970099
sub_e77dffb7fe67,1,4,value-loose-chunk,post_correct,2,0.7312292358803987
sub_e77dffb7fe67,1,4,value-loose-chunk,post_correct,3,0.711960132890366
sub_e77dffb7fe67,1,4,value-loose-chunk,post_correct,4,0.8292358803986711
sub_e77dffb7fe67,1,4,value-loose-chunk,post_correct,5,0.760132890365448
sub_e77dffb7fe67,1,5,value-loose-chunk,post_correct,1,0.7029058116232465
sub_e77dffb7fe67,1,5,value-loose-chunk,post_correct,2,0.8592184368737474
sub_e77dffb7fe67,1,5,value-loose-chunk,post_correct,3,0.7610220440881755
sub_e77dffb7fe67,1,5,value-loose-chunk,post_correct,4,0.8391783567134272
sub_e77dffb7fe67,1,5,value-loose-chunk,post_correct,5,0.16733466933867716
sub_e017401724de,1,1,value-tight-chunk,pre_incorrect,1,0.8316376547735752
sub_e017401724de,1,1,value-tight-chunk,pre_incorrect,2,0.630627661940735
sub_e017401724de,1,1,value-tight-chunk,pre_incorrect,3,0.6843895969090615
sub_e017401724de,1,1,value-tight-chunk,pre_incorrect,4,0.392002438481881
sub_e017401724de,1,1,value-tight-chunk,pre_incorrect,5,0.6423257844744492
sub_e017401724de,1,2,value-tight-chunk,first_correct,1,0.6822066480655579
sub_e017401724de,1,2,value-tight-chunk,first_correct,2,0.6801195157853107
sub_e017401724de,1,2,value-tight-chunk,first_correct,3,0.7652305731924333
sub_e017401724de,1,2,value-tight-chunk,first_correct,4,0.7223674671002043
sub_e017401724de,1,2,value-tight-chunk,first_correct,5,0.5988971153634919
sub_e017401724de,1,3,value-tight-chunk,post_correct,1,0.6903161952388394
sub_e017401724de,1,3,value-tight-chunk,post_correct,2,0.8484138146585405
sub_e017401724de,1,3,value-tight-chunk,post_correct,3,0.5978538313278117
sub_e017401724de,1,3,value-tight-chunk,post_correct,4,0.8656040006250971
sub_e017401724de,1,3,value-tight-chunk,post_correct,5,0.898942543105694
sub_e017401724de,1,4,value-tight-chunk,post_correct,1,0.820898299408328
sub_e017401724de,1,4,value-tight-chunk,post_correct,2,0.9212220444312131
sub_e017401724de,1,4,value-tight-chunk,post_correct,3,0.9694861012912588
sub_e017401724de,1,4,value-tight-chunk,post_correct,4,0.8972946823949691
sub_e017401724de,1,4,value-tight-chunk,post_correct,5,0.7441670077773225
sub_e017401724de,1,5,value-tight-chunk,post_correct,1,0.8314606741573032
sub_e017401724de,1,5,value-tight-chunk,post_correct,2,0.8272390725466
sub_e017401724de,1,5,value-tight-chunk,post_correct,3,0.8324348899136197
sub_e017401724de,1,5,value-tight-chunk,post_correct,4,0.9415470546210306
sub_e017401724de,1,5,value-tight-chunk,post_correct,5,0.8740014288497758
sub_637f9b42b2c3,1,1,value-tight-chunk,pre_incorrect,1,0.5877464082860007
sub_637f9b42b2c3,1,1,value-tight-chunk,pre_incorrect,2,0.33415469428666894
sub_637f9b42b2c3,1,1,value-tight-chunk,pre_incorrect,3,0.3138155696625455
sub_637f9b42b2c3,1,1,value-tight-chunk,pre_incorrect,4,0.2577681256264616
sub_637f9b42b2c3,1,1,value-tight-chunk,pre_incorrect,5,0.44332609421984376
sub_637f9b42b2c3,1,2,value-tight-chunk,pre_incorrect,1,0.6309215473306041
sub_637f9b42b2c3,1,2,value-tight-chunk,pre_incorrect,2,0.41415322917536995
sub_637f9b42b2c3,1,2,value-tight-chunk,pre_incorrect,3,0.3293508229593107
sub_637f9b42b2c3,1,2,value-tight-chunk,pre_incorrect,4,0.2803492355251065
sub_637f9b42b2c3,1,2,value-tight-chunk,pre_incorrect,5,0.4545910268192834
sub_637f9b42b2c3,1,3,value-tight-chunk,first_correct,1,0.7437660219063157
sub_637f9b42b2c3,1,3,value-tight-chunk,first_correct,2,0.726637147518061
sub_637f9b42b2c3,1,3,value-tight-chunk,first_correct,3,0.5346073176415764
sub_637f9b42b2c3,1,3,value-tight-chunk,first_correct,4,0.2043812631088322
sub_637f9b42b2c3,1,3,value-tight-chunk,first_correct,5,0.4526334187835007
sub_637f9b42b2c3,1,4,value-tight-chunk,post_correct,1,0.6408274132887589
sub_637f9b42b2c3,1,4,value-tight-chunk,post_correct,2,0.7684914333472629
sub_637f9b42b2c3,1,4,value-tight-chunk,post_correct,3,0.5415796071876308
sub_637f9b42b2c3,1,4,value-tight-chunk,post_correct,4,0.4141245298788127
sub_637f9b42b2c3,1,4,value-tight-chunk,post_correct,5,0.4636439615545351
sub_637f9b42b2c3,1,5,value-tight-chunk,post_correct,1,0.6502521900716751
sub_637f9b42b2c3,1,5,value-tight-chunk,post_correct,2,0.805946376426865
sub_637f9b42b2c3,1,5,value-tight-chunk,post_correct,3,0.4337669232811261
sub_637f9b42b2c3,1,5,value-tight-chunk,post_correct,4,0.6039288558534639
sub_637f9b42b2c3,1,5,value-tight-chunk,post_correct,5,0.488717812582958
sub_17d3b5b800b6,1,1,value-loose-chunk,first_correct,1,0.44766239139429054
sub_17d3b5b800b6,1,1,value-loose-chunk,first_correct,2,0.6214315266859743
sub_17d3b5b800b6,1,1,value-loose-chunk,first_correct,3,0.6386015721969389
sub_17d3b5b800b6,1,1,value-loose-chunk,first_correct,4,0.23314025651634232
sub_17d3b5b800b6,1,1,value-loose-chunk,first_correct,5,0.26644600744724867
sub_17d3b5b800b6,1,2,value-loose-chunk,post_correct,1,0.6749146757679181
sub_17d3b5b800b6,1,2,value-loose-chunk,post_correct,2,0.5106655290102391
sub_17d3b5b800b6,1,2,value-loose-chunk,post_correct,3,0.4074232081911259
sub_17d3b5b800b6,1,2,value-loose-chunk,post_correct,4,0.41467576791808886
sub_17d3b5b800b6,1,2,value-loose-chunk,post_correct,5,0.0
sub_17d3b5b800b6,1,3,value-loose-chunk,post_correct,1,0.5014607679465775
sub_17d3b5b800b6,1,3,value-loose-chunk,post_correct,2,0.6406510851419033
sub_17d3b5b800b6,1,3,value-loose-chunk,post_correct,3,0.3071786310517532
sub_17d3b5b800b6,1,3,value-loose-chunk,post_correct,4,0.6208263772954932
sub_17d3b5b800b6,1,3,value-loose-chunk,post_correct,5,0.6170701168614359
sub_17d3b5b800b6,1,4,value-loose-chunk,post_correct,1,0.4241152863918279
sub_17d3b5b800b6,1,4,value-loose-chunk,post_correct,2,0.5222546515870121
sub_17d3b5b800b6,1,4,value-loose-chunk,post_correct,3,0.63133892739876
sub_17d3b5b800b6,1,4,value-loose-chunk,post_correct,4,0.36592484494709965
sub_17d3b5b800b6,1,4,value-loose-chunk,post_correct,5,0.542685151404597
sub_17d3b5b800b6,1,5,value-loose-chunk,post_correct,1,0.6069776407093294
sub_17d3b5b800b6,1,5,value-loose-chunk,post_correct,2,0.5755589822667695
sub_17d3b5b800b6,1,5,value-loose-chunk,post_correct,3,0.4099845797995368
sub_17d3b5b800b6,1,5,value-loose-chunk,post_correct,4,0.4302235929067083
sub_17d3b5b800b6,1,5,value-loose-chunk,post_correct,5,0.727255204317656
sub_be52d2e30aa9,1,1,tautological,first_correct,1,0.29982768523836867
sub_be52d2e30aa9,1,1,tautological,first_correct,2,0.1990235496840896
sub_be52d2e30aa9,1,1,tautological,first_correct,3,0.0
sub_be52d2e30aa9,1,1,tautological,first_correct,4,0.229465824238943
sub_be52d2e30aa9,1,1,tautological,first_correct,5,0.28862722573233845
sub_be52d2e30aa9,1,2,tautological,post_correct,1,0.6230719794344475
sub_be52d2e30aa9,1,2,tautological,post_correct,2,0.6240359897172237
sub_be52d2e30aa9,1,2,tautological,post_correct,3,0.5382390745501282
sub_be52d2e30aa9,1,2,tautological,post_correct,4,0.4460154241645244
sub_be52d2e30aa9,1,2,tautological,post_correct,5,0.25417737789203093
sub_be52d2e30aa9,1,3,tautological,post_correct,1,0.0
sub_be52d2e30aa9,1,3,tautological,post_correct,2,0.0
sub_be52d2e30aa9,1,3,tautological,post_correct,3,0.5789865871833082
sub_be52d2e30aa9,1,3,tautological,post_correct,4,0.6326378539493295
sub_be52d2e30aa9,1,3,tautological,post_correct,5,0.6341281669150521
sub_be52d2e30aa9,1,4,tautological,post_correct,1,0.23202054794520552
sub_be52d2e30aa9,1,4,tautological,post_correct,2,0.33989726027397243
sub_be52d2e30aa9,1,4,tautological,post_correct,3,0.8047945205479452
sub_be52d2e30aa9,1,4,tautological,post_correct,4,0.9297945205479455
sub_be52d2e30aa9,1,4,tautological,post_correct,5,0.5316780821917805
sub_be52d2e30aa9,1,5,tautological,post_correct,1,0.48367029548989104
sub_be52d2e30aa9,1,5,tautological,post_correct,2,0.6465785381026438
sub_be52d2e30aa9,1,5,tautological,post_correct,3,0.046267496111975025
sub_be52d2e30aa9,1,5,tautological,post_correct,4,0.0
sub_be52d2e30aa9,1,5,tautological,post_correct,5,0.0
sub_76c0d21dd9cc,1,1,value-loose-chunk,first_correct,1,0.06834867128528588
sub_76c0d21dd9cc,1,1,value-loose-chunk,first_correct,2,0.04777168855340707
sub_76c0d21dd9cc,1,1,value-loose-chunk,first_correct,3,0.028021921207734547
sub_76c0d21dd9cc,1,1,value-loose-chunk,first_correct,4,0.01680281253231325
sub_76c0d21dd9cc,1,1,value-loose-chunk,first_correct,5,0.06312687415985957
sub_76c0d21dd9cc,1,2,value-loose-chunk,post_correct,1,0.26979591836734695
sub_76c0d21dd9cc,1,2,value-loose-chunk,post_correct,2,0.0
sub_76c0d21dd9cc,1,2,value-loose-chunk,post_correct,3,0.0
sub_76c0d21dd9cc,1,2,value-loose-chunk,post_correct,4,0.10755102040816347
sub_76c0d21dd9cc,1,2,value-loose-chunk,post_correct,5,0.14020408163265258
sub_76c0d21dd9cc,1,3,value-loose-chunk,post_correct,1,0.2677388836329234
sub_76c0d21dd9cc,1,3,value-loose-chunk,post_correct,2,0.10548722800378445
sub_76c0d21dd9cc,1,3,value-loose-chunk,post_correct,3,0.13954588457899714
sub_76c0d21dd9cc,1,3,value-loose-chunk,post_correct,4,0.10548722800378424
sub_76c0d21dd9cc,1,3,value-loose-chunk,post_correct,5,0.2407757805108792
sub_76c0d21dd9cc,1,4,value-loose-chunk,post_correct,1,0.3272900763358778
sub_76c0d21dd9cc,1,4,value-loose-chunk,post_correct,2,0.0
sub_76c0d21dd9cc,1,4,value-loose-chunk,post_correct,3,0.0
sub_76c0d21dd9cc,1,4,value-loose-chunk,post_correct,4,0.38740458015267143
sub_76c0d21dd9cc,1,4,value-loose-chunk,post_correct,5,0.0
sub_76c0d21dd9cc,1,5,value-loose-chunk,post_correct,1,0.40043969849246225
sub_76c0d21dd9cc,1,5,value-loose-chunk,post_correct,2,0.6064698492462312
sub_76c0d21dd9cc,1,5,value-loose-chunk,post_correct,3,0.21576633165829126
sub_76c0d21dd9cc,1,5,value-loose-chunk,post_correct,4,0.19001256281407047
sub_76c0d21dd9cc,1,5,value-loose-chunk,post_correct,5,0.0
sub_9fe8ce2519b2,1,1,operator,first_correct,1,0.38842574641333866
sub_9fe8ce2519b2,1,1,operator,first_correct,2,0.48943388910430435
sub_9fe8ce2519b2,1,1,operator,first_correct,3,0.4899670414889483
sub_9fe8ce2519b2,1,1,operator,first_correct,4,0.5069309810003887
sub_9fe8ce2519b2,1,1,operator,first_correct,5,0.5526851492826688
sub_9fe8ce2519b2,1,2,operator,post_correct,1,0.3377749955285279
sub_9fe8ce2519b2,1,2,operator,post_correct,2,0.40180647469146835
sub_9fe8ce2519b2,1,2,operator,post_correct,3,0.4419602933285648
sub_9fe8ce2519b2,1,2,operator,post_correct,4,0.44294401717045284
sub_9fe8ce2519b2,1,2,operator,post_correct,5,0.5015203004829187
sub_9fe8ce2519b2,1,3,operator,post_correct,1,0.5092052088010776
sub_9fe8ce2519b2,1,3,operator,post_correct,2,0.5487651549169283
sub_9fe8ce2519b2,1,3,operator,post_correct,3,0.40678042209250037
sub_9fe8ce2519b2,1,3,operator,post_correct,4,0.3561293219577906
sub_9fe8ce2519b2,1,3,operator,post_correct,5,0.32860350246969006
sub_9fe8ce2519b2,1,4,operator,post_correct,1,0.4357925605803366
sub_9fe8ce2519b2,1,4,operator,post_correct,2,0.24594844883469635
sub_9fe8ce2519b2,1,4,operator,post_correct,3,0.6370581879919747
sub_9fe8ce2519b2,1,4,operator,post_correct,4,0.4560117302052779
sub_9fe8ce2519b2,1,4,operator,post_correct,5,0.46627565982404695
sub_9fe8ce2519b2,1,5,operator,post_correct,1,0.5271530444322544
sub_9fe8ce2519b2,1,5,operator,post_correct,2,0.381651124520022
sub_9fe8ce2519b2,1,5,operator,post_correct,3,0.29511793746571624
sub_9fe8ce2519b2,1,5,operator,post_correct,4,0.23128085573230922
sub_9fe8ce2519b2,1,5,operator,post_correct,5,0.4234092155787162
sub_3156a94353ea,1,1,value-loose-chunk,first_correct,1,0.7381114130434783
sub_3156a94353ea,1,1,value-loose-chunk,first_correct,2,0.42730978260869534
sub_3156a94353ea,1,1,value-loose-chunk,first_correct,3,0.917119565217392
sub_3156a94353ea,1,1,value-loose-chunk,first_correct,4,0.4864130434782604
sub_3156a94353ea,1,1,value-loose-chunk,first_correct,5,0.8845108695652177
sub_3156a94353ea,1,2,value-loose-chunk,post_correct,1,0.5724743777452415
sub_3156a94353ea,1,2,value-loose-chunk,post_correct,2,0.8982430453879943
sub_3156a94353ea,1,2,value-loose-chunk,post_correct,3,1.0
sub_3156a94353ea,1,2,value-loose-chunk,post_correct,4,0.8045387994143479
sub_3156a94353ea,1,2,value-loose-chunk,post_correct,5,0.0
sub_3156a94353ea,1,3,value-loose-chunk,post_correct,1,0.8693623639191291
sub_3156a94353ea,1,3,value-loose-chunk,post_correct,2,0.8355365474339036
sub_3156a94353ea,1,3,value-loose-chunk,post_correct,3,0.9743390357698289
sub_3156a94353ea,1,3,value-loose-chunk,post_correct,4,0.7741057542768276
sub_3156a94353ea,1,3,value-loose-chunk,post_correct,5,0.43934681181959595
sub_3156a94353ea,1,4,value-loose-chunk,post_correct,1,0.6477031802120141
sub_3156a94353ea,1,4,value-loose-chunk,post_correct,2,0.625441696113074
sub_3156a94353ea,1,4,value-loose-chunk,post_correct,3,0.8862190812720848
sub_3156a94353ea,1,4,value-loose-chunk,post_correct,4,0.891166077738516
sub_3156a94353ea,1,4,value-loose-chunk,post_correct,5,0.5734982332155475
sub_3156a94353ea,1,5,value-loose-chunk,post_correct,1,0.7912482065997131
sub_3156a94353ea,1,5,value-loose-chunk,post_correct,2,0.5853658536585366
sub_3156a94353ea,1,5,value-loose-chunk,post_correct,3,0.8256814921090386
sub_3156a94353ea,1,5,value-loose-chunk,post_correct,4,0.7847919655667142
sub_3156a94353ea,1,5,value-loose-chunk,post_correct,5,0.8238880918220955
sub_96150e178ddb,1,1,hybrid,first_correct,1,0.4922389463781748
sub_96150e178ddb,1,1,hybrid,first_correct,2,0.28515992474129825
sub_96150e178ddb,1,1,hybrid,first_correct,3,0.31796801505173994
sub_96150e178ddb,1,1,hybrid,first_correct,4,0.11723894637817536
sub_96150e178ddb,1,1,hybrid,first_correct,5,0.5325141110065869
sub_96150e178ddb,1,2,hybrid,post_correct,1,0.4453184957789715
sub_96150e178ddb,1,2,hybrid,post_correct,2,0.16768994627782052
sub_96150e178ddb,1,2,hybrid,post_correct,3,0.36818879508825797
sub_96150e178ddb,1,2,hybrid,post_correct,4,0.6277820414428247
sub_96150e178ddb,1,2,hybrid,post_correct,5,0.29585571757482765
sub_96150e178ddb,1,3,hybrid,post_correct,1,0.5
sub_96150e178ddb,1,3,hybrid,post_correct,2,0.7675626145387905
sub_96150e178ddb,1,3,hybrid,post_correct,3,0.5360415394013436
sub_96150e178ddb,1,3,hybrid,post_correct,4,0.7544288332315212
sub_96150e178ddb,1,3,hybrid,post_correct,5,0.6258399511301154
sub_96150e178ddb,1,4,hybrid,post_correct,1,0.620105421686747
sub_96150e178ddb,1,4,hybrid,post_correct,2,0.6724397590361446
sub_96150e178ddb,1,4,hybrid,post_correct,3,0.24585843373493996
sub_96150e178ddb,1,4,hybrid,post_correct,4,0.6856174698795181
sub_96150e178ddb,1,4,hybrid,post_correct,5,0.6426957831325305
sub_96150e178ddb,1,5,hybrid,post_correct,1,0.32979288369622944
sub_96150e178ddb,1,5,hybrid,post_correct,2,0.3844928305894849
sub_96150e178ddb,1,5,hybrid,post_correct,3,0.4407859798194372
sub_96150e178ddb,1,5,hybrid,post_correct,4,0.3247477429633561
sub_96150e178ddb,1,5,hybrid,post_correct,5,0.17604885820499258
sub_57b8f6ba7e79,1,1,value-tight-chunk,pre_incorrect,1,0.32453559720938063
sub_57b8f6ba7e79,1,1,value-tight-chunk,pre_incorrect,2,0.17785996469698226
sub_57b8f6ba7e79,1,1,value-tight-chunk,pre_incorrect,3,0.14831470118517406
sub_57b8f6ba7e79,1,1,value-tight-chunk,pre_incorrect,4,0.26178868622341644
sub_57b8f6ba7e79,1,1,value-tight-chunk,pre_incorrect,5,0.22291333949735176
sub_57b8f6ba7e79,1,2,value-tight-chunk,first_correct,1,0.33175198587819965
sub_57b8f6ba7e79,1,2,value-tight-chunk,first_correct,2,0.22804501323918783
sub_57b8f6ba7e79,1,2,value-tight-chunk,first_correct,3,0.4556487202118277
sub_57b8f6ba7e79,1,2,value-tight-chunk,first_correct,4,0.35878199470432426
sub_57b8f6ba7e79,1,2,value-tight-chunk,first_correct,5,0.33704766107678646
sub_57b8f6ba7e79,1,3,value-tight-chunk,post_correct,1,0.6624548736462093
sub_57b8f6ba7e79,1,3,value-tight-chunk,post_correct,2,0.5645951521402784
sub_57b8f6ba7e79,1,3,value-tight-chunk,post_correct,3,0.25180505415162446
sub_57b8f6ba7e79,1,3,value-tight-chunk,post_correct,4,0.2939659618359976
sub_57b8f6ba7e79,1,3,value-tight-chunk,post_correct,5,0.3182052604435276
sub_57b8f6ba7e79,1,4,value-tight-chunk,post_correct,1,0.2422145328719723
sub_57b8f6ba7e79,1,4,value-tight-chunk,post_correct,2,0.22046465645081548
sub_57b8f6ba7e79,1,4,value-tight-chunk,post_correct,3,0.3482451804251105
sub_57b8f6ba7e79,1,4,value-tight-chunk,post_correct,4,0.21428571428571405
sub_57b8f6ba7e79,1,4,value-tight-chunk,post_correct,5,0.3724666337123088
sub_57b8f6ba7e79,1,5,value-tight-chunk,post_correct,1,0.625
sub_57b8f6ba7e79,1,5,value-tight-chunk,post_correct,2,0.3146887159533073
sub_57b8f6ba7e79,1,5,value-tight-chunk,post_correct,3,0.2003891050583657
sub_57b8f6ba7e79,1,5,value-tight-chunk,post_correct,4,0.8083657587548642
sub_57b8f6ba7e79,1,5,value-tight-chunk,post_correct,5,0.3647859922178988
sub_a2858e1d6e20,1,1,hybrid,pre_incorrect,1,0.7080374300275711
sub_a2858e1d6e20,1,1,hybrid,pre_incorrect,2,0.7456345559361687
sub_a2858e1d6e20,1,1,hybrid,pre_incorrect,3,0.5341716099924806
sub_a2858e1d6e20,1,1,hybrid,pre_incorrect,4,0.40462862394519206
sub_a2858e1d6e20,1,1,hybrid,pre_incorrect,5,0.6799649093491527
sub_a2858e1d6e20,1,2,hybrid,pre_incorrect,1,0.766755696519489
sub_a2858e1d6e20,1,2,hybrid,pre_incorrect,2,0.7855771638427507
sub_a2858e1d6e20,1,2,hybrid,pre_incorrect,3,0.6452299474167434
sub_a2858e1d6e20,1,2,hybrid,pre_incorrect,4,0.715758283949585
sub_a2858e1d6e20,1,2,hybrid,pre_incorrect,5,0.6362574075619747
sub_a2858e1d6e20,1,3,hybrid,pre_incorrect,1,0.7990728366187776
sub_a2858e1d6e20,1,3,hybrid,pre_incorrect,2,0.7463247577681258
sub_a2858e1d6e20,1,3,hybrid,pre_incorrect,3,0.6472185098563309
sub_a2858e1d6e20,1,3,hybrid,pre_incorrect,4,0.7427748078850644
sub_a2858e1d6e20,1,3,hybrid,pre_incorrect,5,0.7010524557300356
sub_a2858e1d6e20,1,4,hybrid,first_correct,1,0.7581973463474149
sub_a2858e1d6e20,1,4,hybrid,first_correct,2,0.8323166082049717
sub_a2858e1d6e20,1,4,hybrid,first_correct,3,0.7594936708860763
sub_a2858e1d6e20,1,4,hybrid,first_correct,4,0.8541253622083266
sub_a2858e1d6e20,1,4,hybrid,first_correct,5,0.6256672258654883
sub_a2858e1d6e20,1,5,hybrid,post_correct,1,0.7098805295447207
sub_a2858e1d6e20,1,5,hybrid,post_correct,2,0.7997255408459802
sub_a2858e1d6e20,1,5,hybrid,post_correct,3,0.6624959638359689
sub_a2858e1d6e20,1,5,hybrid,post_correct,4,0.5628027123022274
sub_a2858e1d6e20,1,5,hybrid,post_correct,5,0.5381013884404265
sub_2dba0fd1be9e,1,1,value-loose-chunk,first_correct,1,0.4940732758620689
sub_2dba0fd1be9e,1,1,value-loose-chunk,first_correct,2,0.21821120689655163
sub_2dba0fd1be9e,1,1,value-loose-chunk,first_correct,3,0.4078663793103447
sub_2dba0fd1be9e,1,1,value-loose-chunk,first_correct,4,0.1373922413793103
sub_2dba0fd1be9e,1,1,value-loose-chunk,first_correct,5,0.10721982758620682
sub_2dba0fd1be9e,1,2,value-loose-chunk,post_correct,1,0.4547756874095514
sub_2dba0fd1be9e,1,2,value-loose-chunk,post_correct,2,0.2543415340086828
sub_2dba0fd1be9e,1,2,value-loose-chunk,post_correct,3,0.38748191027496465
sub_2dba0fd1be9e,1,2,value-loose-chunk,post_correct,4,0.34985528219970946
sub_2dba0fd1be9e,1,2,value-loose-chunk,post_correct,5,0.07452966714905915
sub_2dba0fd1be9e,1,3,value-loose-chunk,post_correct,1,0.46855146124523517
sub_2dba0fd1be9e,1,3,value-loose-chunk,post_correct,2,0.12499999999999999
sub_2dba0fd1be9e,1,3,value-loose-chunk,post_correct,3,0.10625794155019067
sub_2dba0fd1be9e,1,3,value-loose-chunk,post_correct,4,0.20997458703938995
sub_2dba0fd1be9e,1,3,value-loose-chunk,post_correct,5,0.10625794155019067
sub_2dba0fd1be9e,1,4,value-loose-chunk,post_correct,1,0.11719324026451138
sub_2dba0fd1be9e,1,4,value-loose-chunk,post_correct,2,0.3912564290962531
sub_2dba0fd1be9e,1,4,value-loose-chunk,post_correct,3,0.0
sub_2dba0fd1be9e,1,4,value-loose-chunk,post_correct,4,0.19324026451138862
sub_2dba0fd1be9e,1,4,value-loose-chunk,post_correct,5,0.1285819250551064
sub_2dba0fd1be9e,1,5,value-loose-chunk,post_correct,1,0.19810255251863557
sub_2dba0fd1be9e,1,5,value-loose-chunk,post_correct,2,0.05579399141630918
sub_2dba0fd1be9e,1,5,value-loose-chunk,post_correct,3,0.05771402755816611
sub_2dba0fd1be9e,1,5,value-loose-chunk,post_correct,4,0.2646261576688494
sub_2dba0fd1be9e,1,5,value-loose-chunk,post_correct,5,0.019652134628416473
sub_51a5f55b83e7,2,1,value-loose-chunk,first_correct,1,0.5910049191848208
sub_51a5f55b83e7,2,1,value-loose-chunk,first_correct,2,0.5354884047786367
sub_51a5f55b83e7,2,1,value-loose-chunk,first_correct,3,0.5439212930428675
sub_51a5f55b83e7,2,1,value-loose-chunk,first_correct,4,0.5555165144061839
sub_51a5f55b83e7,2,1,value-loose-chunk,first_correct,5,0.33028812368236105
sub_51a5f55b83e7,2,2,hybrid,post_incorrect,1,0.3950792326939114
sub_51a5f55b83e7,2,2,hybrid,post_incorrect,2,0.2142618849040868
sub_51a5f55b83e7,2,2,hybrid,post_incorrect,3,0.1937030859049215
sub_51a5f55b83e7,2,2,hybrid,post_incorrect,4,0.4808590492076727
sub_51a5f55b83e7,2,2,hybrid,post_incorrect,5,0.31793160967472933
sub_51a5f55b83e7,2,3,value-tight-chunk,post_incorrect,1,0.2504587155963302
sub_51a5f55b83e7,2,3,value-tight-chunk,post_incorrect,2,0.23069224353628023
sub_51a5f55b83e7,2,3,value-tight-chunk,post_incorrect,3,0.18081734778982478
sub_51a5f55b83e7,2,3,value-tight-chunk,post_incorrect,4,0.3360300250208516
sub_51a5f55b83e7,2,3,value-tight-chunk,post_incorrect,5,0.14845704753961644
sub_51a5f55b83e7,2,4,operator,post_correct,1,0.619053791315619
sub_51a5f55b83e7,2,4,operator,post_correct,2,0.17556707712248884
sub_51a5f55b83e7,2,4,operator,post_correct,3,0.14497731691509988
sub_51a5f55b83e7,2,4,operator,post_correct,4,0.17699287103046069
sub_51a5f55b83e7,2,4,operator,post_correct,5,0.4409591704471795
sub_51a5f55b83e7,2,5,tautological,post_incorrect,1,0.13686405337781488
sub_51a5f55b83e7,2,5,tautological,post_incorrect,2,0.06780650542118408
sub_51a5f55b83e7,2,5,tautological,post_incorrect,3,0.3039616346955797
sub_51a5f55b83e7,2,5,tautological,post_incorrect,4,0.2939532944120085
sub_51a5f55b83e7,2,5,tautological,post_incorrect,5,0.14028356964136798
sub_5e8f2feeceb3,2,1,hybrid,pre_incorrect,1,0.09624687239366138
sub_5e8f2feeceb3,2,1,hybrid,pre_incorrect,2,0.0531276063386154
sub_5e8f2feeceb3,2,1,hybrid,pre_incorrect,3,0.055963302752293526
sub_5e8f2feeceb3,2,1,hybrid,pre_incorrect,4,0.0
sub_5e8f2feeceb3,2,1,hybrid,pre_incorrect,5,0.0
sub_5e8f2feeceb3,2,2,value-loose-chunk,first_correct,1,0.08677379480840544
sub_5e8f2feeceb3,2,2,value-loose-chunk,first_correct,2,0.4257107540173056
sub_5e8f2feeceb3,2,2,value-loose-chunk,first_correct,3,0.1510506798516689
sub_5e8f2feeceb3,2,2,value-loose-chunk,first_correct,4,0.03745364647713236
sub_5e8f2feeceb3,2,2,value-loose-chunk,first_correct,5,0.2131025957972802
sub_5e8f2feeceb3,2,3,tautological,post_correct,1,0.03149762282091917
sub_5e8f2feeceb3,2,3,tautological,post_correct,2,0.0
sub_5e8f2feeceb3,2,3,tautological,post_correct,3,0.08359746434231391
sub_5e8f2feeceb3,2,3,tautological,post_correct,4,0.0
sub_5e8f2feeceb3,2,3,tautological,post_correct,5,0.21681854199682973
sub_5e8f2feeceb3,2,4,value-tight-chunk,post_incorrect,1,0.0065888240200166585
sub_5e8f2feeceb3,2,4,value-tight-chunk,post_incorrect,2,0.03377814845704734
sub_5e8f2feeceb3,2,4,value-tight-chunk,post_incorrect,3,0.06259382819015866
sub_5e8f2feeceb3,2,4,value-tight-chunk,post_incorrect,4,0.2273144286905758
sub_5e8f2feeceb3,2,4,value-tight-chunk,post_incorrect,5,0.03252710592160138
sub_5e8f2feeceb3,2,5,operator,post_incorrect,1,0.2959966638865718
sub_5e8f2feeceb3,2,5,operator,post_incorrect,2,0.17422852376980805
sub_5e8f2feeceb3,2,5,operator,post_incorrect,3,0.09966638865721467
sub_5e8f2feeceb3,2,5,operator,post_incorrect,4,0.16096747289407837
sub_5e8f2feeceb3,2,5,operator,post_incorrect,5,0.0978315262718934
