participant_id,trial_number,group,task_type,input,response,true_output,rt,is_correct,submission_attempts,total_submissions,group_label,rt_seconds
sub_d35aa8f4d33f,1,1,tautological,VIII = VIII + VIII,V,['VIII=VIII=VIII'],240138,False,"[{'answer': 'VIII=XIII-VIII', 'is_correct': False, 'timestamp': {'$numberLong': '1758828498824'}, 'time_from_start': 164453}, {'answer': 'VIII=XIII-VIII', 'is_correct': False, 'timestamp': {'$numberLong': '1758828567436'}, 'time_from_start': 233065}]",2,Same Type (Group 1),240.138
sub_d35aa8f4d33f,2,1,tautological,IV = IV + IV,,['IV=IV=IV'],240146,False,"[{'answer': 'IV=X-VI', 'is_correct': False, 'timestamp': {'$numberLong': '1758828718642'}, 'time_from_start': 141787}, {'answer': 'IV=IV-VIII', 'is_correct': False, 'timestamp': {'$numberLong': '1758828775741'}, 'time_from_start': 198886}, {'answer': 'II=IV-VI', 'is_correct': False, 'timestamp': {'$numberLong': '1758828808522'}, 'time_from_start': 231667}]",3,Same Type (Group 1),240.146
sub_d35aa8f4d33f,3,1,tautological,XII = XII + XII,IIX=,['XII=XII=XII'],240134,False,"[{'answer': 'XII=XII', 'is_correct': False, 'timestamp': {'$numberLong': '1758828898663'}, 'time_from_start': 80055}, {'answer': 'IV=XII-VIII', 'is_correct': False, 'timestamp': {'$numberLong': '1758828935053'}, 'time_from_start': 116445}, {'answer': 'XII=IV+VIII', 'is_correct': False, 'timestamp': {'$numberLong': '1758828986175'}, 'time_from_start': 167567}]",3,Same Type (Group 1),240.134
sub_d35aa8f4d33f,4,1,tautological,IX = IX + IX,IX=,['IX=IX=IX'],240132,False,"[{'answer': 'IX=XI-IX', 'is_correct': False, 'timestamp': {'$numberLong': '1758829116380'}, 'time_from_start': 55530}, {'answer': 'IX=IX-XI', 'is_correct': False, 'timestamp': {'$numberLong': '1758829145077'}, 'time_from_start': 84227}, {'answer': 'IX=X-IX', 'is_correct': False, 'timestamp': {'$numberLong': '1758829169728'}, 'time_from_start': 108878}, {'answer': 'IX-XI', 'is_correct': False, 'timestamp': {'$numberLong': '1758829194079'}, 'time_from_start': 133229}, {'answer': 'IX=XI-IX', 'is_correct': False, 'timestamp': {'$numberLong': '1758829221820'}, 'time_from_start': 160970}, {'answer': 'I=XII', 'is_correct': False, 'timestamp': {'$numberLong': '1758829253499'}, 'time_from_start': 192649}, {'answer': 'IX=IX+IX', 'is_correct': False, 'timestamp': {'$numberLong': '1758829268670'}, 'time_from_start': 207820}]",7,Same Type (Group 1),240.132
sub_d35aa8f4d33f,5,1,tautological,III = III + III,III,['III=III=III'],240129,False,"[{'answer': 'III=VI-III', 'is_correct': False, 'timestamp': {'$numberLong': '1758829369734'}, 'time_from_start': 65315}, {'answer': 'III=VIII-V', 'is_correct': False, 'timestamp': {'$numberLong': '1758829439484'}, 'time_from_start': 135065}, {'answer': 'III=IIX-V', 'is_correct': False, 'timestamp': {'$numberLong': '1758829455968'}, 'time_from_start': 151549}, {'answer': 'III=VIII-V', 'is_correct': False, 'timestamp': {'$numberLong': '1758829505980'}, 'time_from_start': 201561}, {'answer': 'III=X-VII', 'is_correct': False, 'timestamp': {'$numberLong': '1758829533140'}, 'time_from_start': 228721}]",5,Same Type (Group 1),240.129
sub_9503423c9f70,1,1,tautological,VIII = VIII + VIII,VIII=VIII=VIII,['VIII=VIII=VIII'],86065,True,"[{'answer': 'VIII=VIII=VIII', 'is_correct': True, 'timestamp': {'$numberLong': '1758828012613'}, 'time_from_start': 83024}]",1,Same Type (Group 1),86.065
sub_9503423c9f70,2,1,tautological,XII = XII + XII,XII=XII=XII,['XII=XII=XII'],43389,True,"[{'answer': 'XII=XII=XII', 'is_correct': True, 'timestamp': {'$numberLong': '1758828061184'}, 'time_from_start': 40358}]",1,Same Type (Group 1),43.389
sub_9503423c9f70,3,1,tautological,III = III + III,III=III=III,['III=III=III'],20806,True,"[{'answer': 'III=III=III', 'is_correct': True, 'timestamp': {'$numberLong': '1758828084708'}, 'time_from_start': 17759}]",1,Same Type (Group 1),20.806
sub_9503423c9f70,4,1,tautological,IV = IV + IV,IV=IV=IV,['IV=IV=IV'],20733,True,"[{'answer': 'IV=IV=IV', 'is_correct': True, 'timestamp': {'$numberLong': '1758828108480'}, 'time_from_start': 17699}]",1,Same Type (Group 1),20.733
sub_9503423c9f70,5,1,tautological,IX = IX + IX,IX=IX=IX,['IX=IX=IX'],19425,True,"[{'answer': 'IX=IX=IX', 'is_correct': True, 'timestamp': {'$numberLong': '1758828130084'}, 'time_from_start': 16363}]",1,Same Type (Group 1),19.425
sub_8c695f8dca6e,1,1,operator,VI = IV - II,,['VI-IV=II'],240113,False,"[{'answer': '+', 'is_correct': False, 'timestamp': {'$numberLong': '1758828344475'}, 'time_from_start': 170910}, {'answer': 'VI=IV+II', 'is_correct': False, 'timestamp': {'$numberLong': '1758828376271'}, 'time_from_start': 202706}]",2,Same Type (Group 1),240.113
sub_8c695f8dca6e,2,1,operator,VII = III - IV,VII=III,['VII-III=IV'],240114,False,"[{'answer': 'VI=III+IV', 'is_correct': False, 'timestamp': {'$numberLong': '1758828485577'}, 'time_from_start': 67587}, {'answer': 'VII=III+IV', 'is_correct': False, 'timestamp': {'$numberLong': '1758828555518'}, 'time_from_start': 137528}, {'answer': 'VII=II+IV', 'is_correct': False, 'timestamp': {'$numberLong': '1758828580753'}, 'time_from_start': 162763}, {'answer': 'VI=III+IIV', 'is_correct': False, 'timestamp': {'$numberLong': '1758828609940'}, 'time_from_start': 191950}]",4,Same Type (Group 1),240.114
sub_8c695f8dca6e,3,1,operator,XIII = IX - IV,XIII-IX=IV,['XIII-IX=IV'],198892,True,"[{'answer': 'XII-IX=IV', 'is_correct': False, 'timestamp': {'$numberLong': '1758828819352'}, 'time_from_start': 158749}, {'answer': '-', 'is_correct': False, 'timestamp': {'$numberLong': '1758828829448'}, 'time_from_start': 168845}, {'answer': 'XIII-IX=IV', 'is_correct': True, 'timestamp': {'$numberLong': '1758828856481'}, 'time_from_start': 195878}]",3,Same Type (Group 1),198.892
sub_8c695f8dca6e,4,1,operator,XIII = VII - VI,XIII=V,['XIII-VII=VI'],240110,False,"[{'answer': 'XIII=VII+VI', 'is_correct': False, 'timestamp': {'$numberLong': '1758828928134'}, 'time_from_start': 61243}]",1,Same Type (Group 1),240.11
sub_8c695f8dca6e,5,1,operator,X = VII - III,X=V,['X-VII=III'],240111,False,[],0,Same Type (Group 1),240.111
sub_3a291c7f542d,1,1,hybrid,VI = VI + I,V=VII-II,['VI=VII-I'],240123,False,"[{'answer': 'VI+I=VII', 'is_correct': False, 'timestamp': {'$numberLong': '1758828950406'}, 'time_from_start': 42186}, {'answer': 'VI=VI-I', 'is_correct': False, 'timestamp': {'$numberLong': '1758829020820'}, 'time_from_start': 112600}, {'answer': 'VI=IV+II', 'is_correct': False, 'timestamp': {'$numberLong': '1758829048978'}, 'time_from_start': 140758}, {'answer': 'VI=IV+II', 'is_correct': False, 'timestamp': {'$numberLong': '1758829072865'}, 'time_from_start': 164645}, {'answer': 'V=IV+I', 'is_correct': False, 'timestamp': {'$numberLong': '1758829129880'}, 'time_from_start': 221660}]",5,Same Type (Group 1),240.123
sub_3a291c7f542d,2,1,hybrid,III = XI + IX,III=XII-IX,['III=XII-IX'],136381,True,"[{'answer': 'III=XI-IX', 'is_correct': False, 'timestamp': {'$numberLong': '1758829245478'}, 'time_from_start': 83166}, {'answer': 'III=XII-IX', 'is_correct': True, 'timestamp': {'$numberLong': '1758829295660'}, 'time_from_start': 133348}]",2,Same Type (Group 1),136.381
sub_3a291c7f542d,3,1,hybrid,IV = VII + IV,VII=,['IV=VIII-IV'],240134,False,[],0,Same Type (Group 1),240.134
sub_3a291c7f542d,4,1,hybrid,VII = XII + VI,VII=XIII-VI,['VII=XIII-VI'],124201,True,"[{'answer': 'VIII=XII-IV', 'is_correct': False, 'timestamp': {'$numberLong': '1758829616462'}, 'time_from_start': 71409}, {'answer': 'VII=XIII-VI', 'is_correct': True, 'timestamp': {'$numberLong': '1758829666235'}, 'time_from_start': 121182}]",2,Same Type (Group 1),124.201
sub_3a291c7f542d,5,1,hybrid,IX = XII + IV,IX=XIII-IV,['IX=XIII-IV'],130861,True,"[{'answer': 'IX=XIII-IV', 'is_correct': True, 'timestamp': {'$numberLong': '1758829798737'}, 'time_from_start': 127823}]",1,Same Type (Group 1),130.861
sub_057b1c4a47b6,1,1,value-loose-chunk,II = XI - VII,II=IX-VII,"['III=X-VII', 'II=IX-VII', 'II=X-VIII']",37860,True,"[{'answer': 'II=IX-VII', 'is_correct': True, 'timestamp': {'$numberLong': '1758829174749'}, 'time_from_start': 34852}]",1,Same Type (Group 1),37.86
sub_057b1c4a47b6,2,1,value-loose-chunk,IX = VII + IV,XI=VII+IV,['XI=VII+IV'],51804,True,"[{'answer': 'XI=VII+IV', 'is_correct': True, 'timestamp': {'$numberLong': '1758829235572'}, 'time_from_start': 48781}]",1,Same Type (Group 1),51.804
sub_057b1c4a47b6,3,1,value-loose-chunk,VIII = II + IV,VIII=II+VI,"['VIII=II+VI', 'VIII=III+V', 'VII=III+IV']",138217,True,"[{'answer': 'VII=II+VI', 'is_correct': False, 'timestamp': {'$numberLong': '1758829285362'}, 'time_from_start': 40644}, {'answer': 'VII=II+VI', 'is_correct': False, 'timestamp': {'$numberLong': '1758829301204'}, 'time_from_start': 56486}, {'answer': 'VIII+II+VI', 'is_correct': False, 'timestamp': {'$numberLong': '1758829333200'}, 'time_from_start': 88482}, {'answer': 'VIII=II+VI', 'is_correct': True, 'timestamp': {'$numberLong': '1758829379902'}, 'time_from_start': 135184}]",4,Same Type (Group 1),138.217
sub_057b1c4a47b6,4,1,value-loose-chunk,IV = IV - II,IV=VI-II,['IV=VI-II'],32378,True,"[{'answer': 'IV=VI-II', 'is_correct': True, 'timestamp': {'$numberLong': '1758829418339'}, 'time_from_start': 29339}]",1,Same Type (Group 1),32.378
sub_057b1c4a47b6,5,1,value-loose-chunk,III = IX - IV,III=IX-VI,['III=IX-VI'],34600,True,"[{'answer': 'III=IX-VI', 'is_correct': True, 'timestamp': {'$numberLong': '1758829455711'}, 'time_from_start': 31564}]",1,Same Type (Group 1),34.6
sub_df5377cdddde,1,1,tautological,III = III + III,,['III=III=III'],240105,False,[],0,Same Type (Group 1),240.105
sub_df5377cdddde,2,1,tautological,XII = XII + XII,XXI=XII+,['XII=XII=XII'],240109,False,[],0,Same Type (Group 1),240.109
sub_df5377cdddde,3,1,tautological,VIII = VIII + VIII,,['VIII=VIII=VIII'],241957,False,[],0,Same Type (Group 1),241.957
sub_df5377cdddde,4,1,tautological,IX = IX + IX,,['IX=IX=IX'],240112,False,[],0,Same Type (Group 1),240.112
sub_df5377cdddde,5,1,tautological,IV = IV + IV,,['IV=IV=IV'],240105,False,[],0,Same Type (Group 1),240.105
sub_3b1144cd2068,1,1,value-loose-chunk,IX = VII + IV,IX,['XI=VII+IV'],240131,False,"[{'answer': 'IX=VII+II', 'is_correct': False, 'timestamp': {'$numberLong': '1758833595355'}, 'time_from_start': 74912}, {'answer': 'IX=VII+II', 'is_correct': False, 'timestamp': {'$numberLong': '1758833659338'}, 'time_from_start': 138895}, {'answer': 'IX=VII+IV', 'is_correct': False, 'timestamp': {'$numberLong': '1758833743138'}, 'time_from_start': 222695}]",3,Same Type (Group 1),240.131
sub_3b1144cd2068,2,1,value-loose-chunk,IV = IV - II,,['IV=VI-II'],240145,False,"[{'answer': 'II=IV-II', 'is_correct': False, 'timestamp': {'$numberLong': '1758833867474'}, 'time_from_start': 100783}]",1,Same Type (Group 1),240.145
sub_3b1144cd2068,3,1,value-loose-chunk,II = XI - VII,II=,"['III=X-VII', 'II=IX-VII', 'II=X-VIII']",240142,False,"[{'answer': 'III=XI-VII', 'is_correct': False, 'timestamp': {'$numberLong': '1758834088547'}, 'time_from_start': 77136}, {'answer': 'IV=XI-VII', 'is_correct': False, 'timestamp': {'$numberLong': '1758834134722'}, 'time_from_start': 123311}]",2,Same Type (Group 1),240.142
sub_3b1144cd2068,4,1,value-loose-chunk,III = IX - IV,,['III=IX-VI'],240146,False,"[{'answer': 'V=IX-IV', 'is_correct': False, 'timestamp': {'$numberLong': '1758834325307'}, 'time_from_start': 69431}, {'answer': 'III=XI-IV', 'is_correct': False, 'timestamp': {'$numberLong': '1758834400571'}, 'time_from_start': 144695}, {'answer': 'V=IX-IV', 'is_correct': False, 'timestamp': {'$numberLong': '1758834451691'}, 'time_from_start': 195815}]",3,Same Type (Group 1),240.146
sub_3b1144cd2068,5,1,value-loose-chunk,VIII = II + IV,VII=,"['VIII=II+VI', 'VIII=III+V', 'VII=III+IV']",240129,False,"[{'answer': 'VIII=IV+IV', 'is_correct': False, 'timestamp': {'$numberLong': '1758834544475'}, 'time_from_start': 46648}, {'answer': 'VI=II+IV', 'is_correct': False, 'timestamp': {'$numberLong': '1758834584987'}, 'time_from_start': 87160}, {'answer': 'VIII=IV+IV', 'is_correct': False, 'timestamp': {'$numberLong': '1758834625347'}, 'time_from_start': 127520}]",3,Same Type (Group 1),240.129
sub_14ef9451a39d,1,1,value-tight-chunk,II = IX - II,,['II=IV-II'],240140,False,"[{'answer': 'IX-II=II', 'is_correct': False, 'timestamp': {'$numberLong': '1758834317060'}, 'time_from_start': 209339}, {'answer': 'IX+II=II', 'is_correct': False, 'timestamp': {'$numberLong': '1758834345908'}, 'time_from_start': 238187}]",2,Same Type (Group 1),240.14
sub_14ef9451a39d,2,1,value-tight-chunk,XI = IV + II,,"['VI=IV+II', 'XI=IX+II']",240134,False,[],0,Same Type (Group 1),240.134
sub_14ef9451a39d,3,1,value-tight-chunk,IV = XI - II,,"['IX=XI-II', 'IV=VI-II']",240134,False,[],0,Same Type (Group 1),240.134
sub_14ef9451a39d,4,1,value-tight-chunk,III = XI - III,,['III=VI-III'],240149,False,"[{'answer': 'III=V-III', 'is_correct': False, 'timestamp': {'$numberLong': '1758834947220'}, 'time_from_start': 108734}]",1,Same Type (Group 1),240.149
sub_14ef9451a39d,5,1,value-tight-chunk,VII = IX + III,XIII,"['XII=IX+III', 'VII=IV+III']",240134,False,"[{'answer': 'VII=IX-II', 'is_correct': False, 'timestamp': {'$numberLong': '1758835255971'}, 'time_from_start': 175755}]",1,Same Type (Group 1),240.134
sub_187c1aa52c3d,1,1,value-tight-chunk,XI = IV + II,XI=VI+,"['VI=IV+II', 'XI=IX+II']",240119,False,[],0,Same Type (Group 1),240.119
sub_187c1aa52c3d,2,1,value-tight-chunk,VII = IX + III,VII=IX-IIII,"['XII=IX+III', 'VII=IV+III']",240121,False,[],0,Same Type (Group 1),240.121
sub_187c1aa52c3d,3,1,value-tight-chunk,II = IX - II,,['II=IV-II'],240118,False,"[{'answer': 'III=IX-I', 'is_correct': False, 'timestamp': {'$numberLong': '1758836473185'}, 'time_from_start': 208676}, {'answer': 'III=X-II', 'is_correct': False, 'timestamp': {'$numberLong': '1758836499963'}, 'time_from_start': 235454}]",2,Same Type (Group 1),240.118
sub_187c1aa52c3d,4,1,value-tight-chunk,III = XI - III,,['III=VI-III'],240126,False,[],0,Same Type (Group 1),240.126
sub_187c1aa52c3d,5,1,value-tight-chunk,IV = XI - II,,"['IX=XI-II', 'IV=VI-II']",240117,False,"[{'answer': 'V=XI-III', 'is_correct': False, 'timestamp': {'$numberLong': '1758836903323'}, 'time_from_start': 93222}, {'answer': 'IV=XI-V', 'is_correct': False, 'timestamp': {'$numberLong': '1758836985978'}, 'time_from_start': 175877}]",2,Same Type (Group 1),240.117
sub_b756988f57dd,1,1,hybrid,VII = XII + VI,,['VII=XIII-VI'],240120,False,[],0,Same Type (Group 1),240.12
sub_b756988f57dd,2,1,hybrid,III = XI + IX,III=XII-IX,['III=XII-IX'],106565,True,"[{'answer': 'III=XII-IX', 'is_correct': True, 'timestamp': {'$numberLong': '1758837015380'}, 'time_from_start': 103549}]",1,Same Type (Group 1),106.565
sub_b756988f57dd,3,1,hybrid,IV = VII + IV,IV=VIII-IV,['IV=VIII-IV'],238941,True,"[{'answer': 'IV=VIII-IV', 'is_correct': True, 'timestamp': {'$numberLong': '1758837262219'}, 'time_from_start': 235910}]",1,Same Type (Group 1),238.941
sub_b756988f57dd,4,1,hybrid,VI = VI + I,VI=VII-I,['VI=VII-I'],126374,True,"[{'answer': 'VI=VII-I', 'is_correct': True, 'timestamp': {'$numberLong': '1758837394039'}, 'time_from_start': 123347}]",1,Same Type (Group 1),126.374
sub_b756988f57dd,5,1,hybrid,IX = XII + IV,IX=XIII-IV,['IX=XIII-IV'],88429,True,"[{'answer': 'IX=XIII-IV', 'is_correct': True, 'timestamp': {'$numberLong': '1758837487675'}, 'time_from_start': 85406}]",1,Same Type (Group 1),88.429
sub_af23f97f6c59,1,1,value-loose-chunk,II = XI - VII,III=X-VII,"['III=X-VII', 'II=IX-VII', 'II=X-VIII']",160812,True,"[{'answer': 'III=X-VII', 'is_correct': True, 'timestamp': {'$numberLong': '1758836859869'}, 'time_from_start': 157778}]",1,Same Type (Group 1),160.812
sub_af23f97f6c59,2,1,value-loose-chunk,IX = VII + IV,XI=VI+IV,['XI=VII+IV'],240103,False,[],0,Same Type (Group 1),240.103
sub_af23f97f6c59,3,1,value-loose-chunk,VIII = II + IV,VIII=III+V,"['VIII=II+VI', 'VIII=III+V', 'VII=III+IV']",172352,True,"[{'answer': 'VIII=III+V', 'is_correct': True, 'timestamp': {'$numberLong': '1758837297495'}, 'time_from_start': 169330}]",1,Same Type (Group 1),172.352
sub_af23f97f6c59,4,1,value-loose-chunk,III = IX - IV,,['III=IX-VI'],240123,False,"[{'answer': 'II=IX-VII', 'is_correct': False, 'timestamp': {'$numberLong': '1758837410257'}, 'time_from_start': 102136}, {'answer': 'II=IX-VII', 'is_correct': False, 'timestamp': {'$numberLong': '1758837447986'}, 'time_from_start': 139865}, {'answer': 'II=IX-VII', 'is_correct': False, 'timestamp': {'$numberLong': '1758837487056'}, 'time_from_start': 178935}, {'answer': 'II=I-VII', 'is_correct': False, 'timestamp': {'$numberLong': '1758837535009'}, 'time_from_start': 226888}]",4,Same Type (Group 1),240.123
sub_af23f97f6c59,5,1,value-loose-chunk,IV = IV - II,,['IV=VI-II'],240127,False,"[{'answer': 'IV=V-I', 'is_correct': False, 'timestamp': {'$numberLong': '1758837634939'}, 'time_from_start': 71906}, {'answer': 'V=IV+II', 'is_correct': False, 'timestamp': {'$numberLong': '1758837682664'}, 'time_from_start': 119631}, {'answer': 'IV=IV+I', 'is_correct': False, 'timestamp': {'$numberLong': '1758837713807'}, 'time_from_start': 150774}, {'answer': 'IV=VI-I', 'is_correct': False, 'timestamp': {'$numberLong': '1758837787469'}, 'time_from_start': 224436}]",4,Same Type (Group 1),240.127
sub_dcdeec2e1791,1,1,operator,VI = IV - II,VI-IV=II,['VI-IV=II'],146481,True,"[{'answer': 'VI-IV=II', 'is_correct': True, 'timestamp': {'$numberLong': '1758837770911'}, 'time_from_start': 143440}]",1,Same Type (Group 1),146.481
sub_dcdeec2e1791,2,1,operator,X = VII - III,X-VII=III,['X-VII=III'],64892,True,"[{'answer': 'X-VII=III', 'is_correct': True, 'timestamp': {'$numberLong': '1758837837509'}, 'time_from_start': 61871}]",1,Same Type (Group 1),64.892
sub_dcdeec2e1791,3,1,operator,XIII = IX - IV,XIII-IX=IV,['XIII-IX=IV'],53925,True,"[{'answer': 'XIII-IX=IV', 'is_correct': True, 'timestamp': {'$numberLong': '1758837892518'}, 'time_from_start': 50896}]",1,Same Type (Group 1),53.925
sub_dcdeec2e1791,4,1,operator,XIII = VII - VI,XIII-VII=VI,['XIII-VII=VI'],23546,True,"[{'answer': 'XIII-VII=VI', 'is_correct': True, 'timestamp': {'$numberLong': '1758837917373'}, 'time_from_start': 20519}]",1,Same Type (Group 1),23.546
sub_dcdeec2e1791,5,1,operator,VII = III - IV,VII-III=IV,['VII-III=IV'],16276,True,"[{'answer': 'VII-III=IV', 'is_correct': True, 'timestamp': {'$numberLong': '1758837934518'}, 'time_from_start': 13241}]",1,Same Type (Group 1),16.276
sub_f5967a6d7c24,1,1,operator,VI = IV - II,VI-IV=II,['VI-IV=II'],195580,True,"[{'answer': 'VI-IV=II', 'is_correct': True, 'timestamp': {'$numberLong': '1758838010763'}, 'time_from_start': 192543}]",1,Same Type (Group 1),195.58
sub_f5967a6d7c24,2,1,operator,X = VII - III,X-VII=III,['X-VII=III'],46071,True,"[{'answer': 'X-VII=III', 'is_correct': True, 'timestamp': {'$numberLong': '1758838068754'}, 'time_from_start': 43048}]",1,Same Type (Group 1),46.071
sub_f5967a6d7c24,3,1,operator,VII = III - IV,VII-III=IV,['VII-III=IV'],34946,True,"[{'answer': 'VII-III=IV', 'is_correct': True, 'timestamp': {'$numberLong': '1758838105452'}, 'time_from_start': 31925}]",1,Same Type (Group 1),34.946
sub_f5967a6d7c24,4,1,operator,XIII = IX - IV,,['XIII-IX=IV'],240133,False,[],0,Same Type (Group 1),240.133
sub_f5967a6d7c24,5,1,operator,XIII = VII - VI,XIII-VII=VI,['XIII-VII=VI'],52484,True,"[{'answer': 'XIII-VII=VI', 'is_correct': True, 'timestamp': {'$numberLong': '1758838406047'}, 'time_from_start': 49465}]",1,Same Type (Group 1),52.484
sub_93d81c85849e,1,1,hybrid,IX = XII + IV,,['IX=XIII-IV'],240171,False,[],0,Same Type (Group 1),240.171
sub_93d81c85849e,2,1,hybrid,III = XI + IX,III=XII-IX,['III=XII-IX'],104217,True,"[{'answer': 'III=XII-IV', 'is_correct': False, 'timestamp': {'$numberLong': '1758839190893'}, 'time_from_start': 81782}, {'answer': 'III=XII-IX', 'is_correct': True, 'timestamp': {'$numberLong': '1758839210304'}, 'time_from_start': 101193}]",2,Same Type (Group 1),104.217
sub_93d81c85849e,3,1,hybrid,VI = VI + I,VI=VII-I,['VI=VII-I'],190205,True,"[{'answer': 'VI=VII-I', 'is_correct': True, 'timestamp': {'$numberLong': '1758839402392'}, 'time_from_start': 187128}]",1,Same Type (Group 1),190.205
sub_93d81c85849e,4,1,hybrid,VII = XII + VI,VII=XIII-VI,['VII=XIII-VI'],162100,True,"[{'answer': 'VII=XII-VI', 'is_correct': False, 'timestamp': {'$numberLong': '1758839544611'}, 'time_from_start': 102271}, {'answer': 'VII=XII-VI', 'is_correct': False, 'timestamp': {'$numberLong': '1758839563003'}, 'time_from_start': 120663}, {'answer': 'VII=XIII-VI', 'is_correct': True, 'timestamp': {'$numberLong': '1758839601385'}, 'time_from_start': 159045}]",3,Same Type (Group 1),162.1
sub_93d81c85849e,5,1,hybrid,IV = VII + IV,IV=VIII-IV,['IV=VIII-IV'],42664,True,"[{'answer': 'IV=VIII-IV', 'is_correct': True, 'timestamp': {'$numberLong': '1758839645172'}, 'time_from_start': 39635}]",1,Same Type (Group 1),42.664
sub_a3e279103ed5,1,1,operator,X = VII - III,X-VII=III,['X-VII=III'],156457,True,"[{'answer': 'X-VII=III', 'is_correct': True, 'timestamp': {'$numberLong': '1758839181178'}, 'time_from_start': 153417}]",1,Same Type (Group 1),156.457
sub_a3e279103ed5,2,1,operator,XIII = VII - VI,XIII-VII=VI,['XIII-VII=VI'],115554,True,"[{'answer': 'XIII-VII=VI', 'is_correct': True, 'timestamp': {'$numberLong': '1758839306084'}, 'time_from_start': 112523}]",1,Same Type (Group 1),115.554
sub_a3e279103ed5,3,1,operator,XIII = IX - IV,XIII-IX=IV,['XIII-IX=IV'],40662,True,"[{'answer': 'XIII-IX=IV', 'is_correct': True, 'timestamp': {'$numberLong': '1758839348277'}, 'time_from_start': 37640}]",1,Same Type (Group 1),40.662
sub_a3e279103ed5,4,1,operator,VII = III - IV,VII-III=IV,['VII-III=IV'],23074,True,"[{'answer': 'VII-III=IV', 'is_correct': True, 'timestamp': {'$numberLong': '1758839372440'}, 'time_from_start': 20050}]",1,Same Type (Group 1),23.074
sub_a3e279103ed5,5,1,operator,VI = IV - II,VI-IV=II,['VI-IV=II'],22576,True,"[{'answer': 'VI-IV=II', 'is_correct': True, 'timestamp': {'$numberLong': '1758839397685'}, 'time_from_start': 19557}]",1,Same Type (Group 1),22.576
sub_0e1dca66af8d,1,1,tautological,III = III + III,,['III=III=III'],240109,False,[],0,Same Type (Group 1),240.109
sub_0e1dca66af8d,2,1,tautological,IV = IV + IV,,['IV=IV=IV'],240112,False,"[{'answer': 'V=IV-I', 'is_correct': False, 'timestamp': {'$numberLong': '1758839692612'}, 'time_from_start': 114173}, {'answer': 'VI=IV+II', 'is_correct': False, 'timestamp': {'$numberLong': '1758839714047'}, 'time_from_start': 135608}, {'answer': 'IV=V-IV', 'is_correct': False, 'timestamp': {'$numberLong': '1758839742785'}, 'time_from_start': 164346}, {'answer': 'VI=IV+II', 'is_correct': False, 'timestamp': {'$numberLong': '1758839783591'}, 'time_from_start': 205152}, {'answer': 'IV=IV-', 'is_correct': False, 'timestamp': {'$numberLong': '1758839814512'}, 'time_from_start': 236073}]",5,Same Type (Group 1),240.112
sub_0e1dca66af8d,3,1,tautological,IX = IX + IX,,['IX=IX=IX'],240108,False,"[{'answer': 'X=IX+I', 'is_correct': False, 'timestamp': {'$numberLong': '1758839862769'}, 'time_from_start': 37522}, {'answer': 'IX=IV+V', 'is_correct': False, 'timestamp': {'$numberLong': '1758839901441'}, 'time_from_start': 76194}, {'answer': 'II', 'is_correct': False, 'timestamp': {'$numberLong': '1758839908241'}, 'time_from_start': 82994}, {'answer': 'X=V+V', 'is_correct': False, 'timestamp': {'$numberLong': '1758839917242'}, 'time_from_start': 91995}, {'answer': 'X=V+V', 'is_correct': False, 'timestamp': {'$numberLong': '1758839934177'}, 'time_from_start': 108930}, {'answer': 'XII=IX+III', 'is_correct': False, 'timestamp': {'$numberLong': '1758839956181'}, 'time_from_start': 130934}, {'answer': 'X=VI+IV', 'is_correct': False, 'timestamp': {'$numberLong': '1758839990334'}, 'time_from_start': 165087}, {'answer': 'X=IX+I', 'is_correct': False, 'timestamp': {'$numberLong': '1758840009504'}, 'time_from_start': 184257}, {'answer': 'XI=IX+II', 'is_correct': False, 'timestamp': {'$numberLong': '1758840025638'}, 'time_from_start': 200391}, {'answer': 'IX=V+IV', 'is_correct': False, 'timestamp': {'$numberLong': '1758840042591'}, 'time_from_start': 217344}, {'answer': 'X=V+V', 'is_correct': False, 'timestamp': {'$numberLong': '1758840052392'}, 'time_from_start': 227145}, {'answer': 'XI=VI+V', 'is_correct': False, 'timestamp': {'$numberLong': '1758840064660'}, 'time_from_start': 239413}]",12,Same Type (Group 1),240.108
sub_0e1dca66af8d,4,1,tautological,VIII = VIII + VIII,,['VIII=VIII=VIII'],240108,False,"[{'answer': 'VIII=VII+I', 'is_correct': False, 'timestamp': {'$numberLong': '1758840091662'}, 'time_from_start': 24452}, {'answer': 'VIII=IV+IV', 'is_correct': False, 'timestamp': {'$numberLong': '1758840115282'}, 'time_from_start': 48072}, {'answer': 'VII=IV+III', 'is_correct': False, 'timestamp': {'$numberLong': '1758840141719'}, 'time_from_start': 74509}, {'answer': 'VIII=IV+IV', 'is_correct': False, 'timestamp': {'$numberLong': '1758840161755'}, 'time_from_start': 94545}, {'answer': 'VIIII=V+IIII', 'is_correct': False, 'timestamp': {'$numberLong': '1758840184391'}, 'time_from_start': 117181}, {'answer': 'VII=V+II', 'is_correct': False, 'timestamp': {'$numberLong': '1758840201060'}, 'time_from_start': 133850}, {'answer': 'VII=III+IV', 'is_correct': False, 'timestamp': {'$numberLong': '1758840221630'}, 'time_from_start': 154420}, {'answer': 'VIII=IV+IV', 'is_correct': False, 'timestamp': {'$numberLong': '1758840236948'}, 'time_from_start': 169738}, {'answer': 'VII=VI+I', 'is_correct': False, 'timestamp': {'$numberLong': '1758840256702'}, 'time_from_start': 189492}, {'answer': 'VII=III+IV', 'is_correct': False, 'timestamp': {'$numberLong': '1758840269837'}, 'time_from_start': 202627}, {'answer': 'IX=V+IV', 'is_correct': False, 'timestamp': {'$numberLong': '1758840301473'}, 'time_from_start': 234263}]",11,Same Type (Group 1),240.108
sub_0e1dca66af8d,5,1,tautological,XII = XII + XII,XII=VI+,['XII=XII=XII'],240109,False,"[{'answer': 'XII=XI+XI', 'is_correct': False, 'timestamp': {'$numberLong': '1758840334511'}, 'time_from_start': 24019}, {'answer': 'XI=V+VI', 'is_correct': False, 'timestamp': {'$numberLong': '1758840347063'}, 'time_from_start': 36571}, {'answer': 'XII=VII+V', 'is_correct': False, 'timestamp': {'$numberLong': '1758840369015'}, 'time_from_start': 58523}, {'answer': 'XI=IX+II', 'is_correct': False, 'timestamp': {'$numberLong': '1758840396503'}, 'time_from_start': 86011}, {'answer': 'XIII+VII+VI', 'is_correct': False, 'timestamp': {'$numberLong': '1758840413939'}, 'time_from_start': 103447}, {'answer': 'XII=XII+-', 'is_correct': False, 'timestamp': {'$numberLong': '1758840442161'}, 'time_from_start': 131669}, {'answer': 'XIII=VII+V', 'is_correct': False, 'timestamp': {'$numberLong': '1758840459378'}, 'time_from_start': 148886}, {'answer': 'XI=IX+II', 'is_correct': False, 'timestamp': {'$numberLong': '1758840482382'}, 'time_from_start': 171890}, {'answer': 'X=V+V', 'is_correct': False, 'timestamp': {'$numberLong': '1758840495733'}, 'time_from_start': 185241}, {'answer': 'XIII=X+III', 'is_correct': False, 'timestamp': {'$numberLong': '1758840518687'}, 'time_from_start': 208195}, {'answer': 'XI=IX+II', 'is_correct': False, 'timestamp': {'$numberLong': '1758840537789'}, 'time_from_start': 227297}]",11,Same Type (Group 1),240.109
sub_2d300a4fe26a,1,1,tautological,IX = IX + IX,IX=,['IX=IX=IX'],240140,False,[],0,Same Type (Group 1),240.14
sub_2d300a4fe26a,2,1,tautological,VIII = VIII + VIII,,['VIII=VIII=VIII'],240124,False,[],0,Same Type (Group 1),240.124
sub_2d300a4fe26a,3,1,tautological,IV = IV + IV,IV=IV-IV,['IV=IV=IV'],240125,False,[],0,Same Type (Group 1),240.125
sub_2d300a4fe26a,4,1,tautological,III = III + III,,['III=III=III'],240131,False,[],0,Same Type (Group 1),240.131
sub_2d300a4fe26a,5,1,tautological,XII = XII + XII,XII=XII+XII,['XII=XII=XII'],240133,False,[],0,Same Type (Group 1),240.133
sub_f0ad42f4c80f,1,1,value-loose-chunk,IX = VII + IV,,['XI=VII+IV'],240142,False,"[{'answer': 'V', 'is_correct': False, 'timestamp': {'$numberLong': '1758841143099'}, 'time_from_start': 115448}, {'answer': 'I', 'is_correct': False, 'timestamp': {'$numberLong': '1758841193182'}, 'time_from_start': 165531}, {'answer': '-', 'is_correct': False, 'timestamp': {'$numberLong': '1758841212368'}, 'time_from_start': 184717}, {'answer': 'X', 'is_correct': False, 'timestamp': {'$numberLong': '1758841230799'}, 'time_from_start': 203148}, {'answer': '+', 'is_correct': False, 'timestamp': {'$numberLong': '1758841233333'}, 'time_from_start': 205682}]",5,Same Type (Group 1),240.142
sub_f0ad42f4c80f,2,1,value-loose-chunk,II = XI - VII,II=IX-VII,"['III=X-VII', 'II=IX-VII', 'II=X-VIII']",179279,True,"[{'answer': 'IV=XI-VII', 'is_correct': False, 'timestamp': {'$numberLong': '1758841355500'}, 'time_from_start': 85533}, {'answer': 'II=IX-VII', 'is_correct': True, 'timestamp': {'$numberLong': '1758841446202'}, 'time_from_start': 176235}]",2,Same Type (Group 1),179.279
sub_f0ad42f4c80f,3,1,value-loose-chunk,III = IX - IV,,['III=IX-VI'],240122,False,"[{'answer': 'III=IX-V', 'is_correct': False, 'timestamp': {'$numberLong': '1758841516757'}, 'time_from_start': 65538}, {'answer': 'III=IIX-VI', 'is_correct': False, 'timestamp': {'$numberLong': '1758841552019'}, 'time_from_start': 100800}, {'answer': 'III=XI-IV', 'is_correct': False, 'timestamp': {'$numberLong': '1758841600588'}, 'time_from_start': 149369}, {'answer': 'IIII=IX-V', 'is_correct': False, 'timestamp': {'$numberLong': '1758841631487'}, 'time_from_start': 180268}, {'answer': 'III=IIX-V', 'is_correct': False, 'timestamp': {'$numberLong': '1758841680138'}, 'time_from_start': 228919}]",5,Same Type (Group 1),240.122
sub_f0ad42f4c80f,4,1,value-loose-chunk,IV = IV - II,IV=VI-II,['IV=VI-II'],86962,True,"[{'answer': 'IV=VI-II', 'is_correct': True, 'timestamp': {'$numberLong': '1758841779055'}, 'time_from_start': 83917}]",1,Same Type (Group 1),86.962
sub_f0ad42f4c80f,5,1,value-loose-chunk,VIII = II + IV,VIII=III+V,"['VIII=II+VI', 'VIII=III+V', 'VII=III+IV']",85762,True,"[{'answer': 'VIII=III+V', 'is_correct': True, 'timestamp': {'$numberLong': '1758841866790'}, 'time_from_start': 82718}]",1,Same Type (Group 1),85.762
sub_97a093227203,1,1,hybrid,IX = XII + IV,,['IX=XIII-IV'],241396,False,[],0,Same Type (Group 1),241.396
sub_97a093227203,2,1,hybrid,IV = VII + IV,,['IV=VIII-IV'],241541,False,"[{'answer': 'IV=VII-IIV', 'is_correct': False, 'timestamp': {'$numberLong': '1758842843915'}, 'time_from_start': 114163}, {'answer': 'IIV=VII-IV', 'is_correct': False, 'timestamp': {'$numberLong': '1758842931120'}, 'time_from_start': 201368}]",2,Same Type (Group 1),241.541
sub_97a093227203,3,1,hybrid,III = XI + IX,III=XII-IX,['III=XII-IX'],200753,True,"[{'answer': 'III=XII-IX', 'is_correct': True, 'timestamp': {'$numberLong': '1758843194703'}, 'time_from_start': 197735}]",1,Same Type (Group 1),200.753
sub_97a093227203,4,1,hybrid,VI = VI + I,VI=VII-I,['VI=VII-I'],61224,True,"[{'answer': 'VI=VII-I', 'is_correct': True, 'timestamp': {'$numberLong': '1758843272724'}, 'time_from_start': 58197}]",1,Same Type (Group 1),61.224
sub_97a093227203,5,1,hybrid,VII = XII + VI,VII=XIII-VI,['VII=XIII-VI'],112021,True,"[{'answer': 'VII=XIII-VI', 'is_correct': True, 'timestamp': {'$numberLong': '1758843436919'}, 'time_from_start': 109003}]",1,Same Type (Group 1),112.021
sub_d1b9242fdda8,1,1,value-tight-chunk,II = IX - II,II=IX-I,['II=IV-II'],245481,False,[],0,Same Type (Group 1),245.481
sub_d1b9242fdda8,2,1,value-tight-chunk,III = XI - III,III=VI-III,['III=VI-III'],213434,True,"[{'answer': 'III=XI-VIII', 'is_correct': False, 'timestamp': {'$numberLong': '1758842087184'}, 'time_from_start': 111176}, {'answer': 'III=VI-III', 'is_correct': True, 'timestamp': {'$numberLong': '1758842186311'}, 'time_from_start': 210303}]",2,Same Type (Group 1),213.434
sub_d1b9242fdda8,3,1,value-tight-chunk,VII = IX + III,XII=IX+III,"['XII=IX+III', 'VII=IV+III']",67041,True,"[{'answer': 'XII=IX+III', 'is_correct': True, 'timestamp': {'$numberLong': '1758842256832'}, 'time_from_start': 63953}]",1,Same Type (Group 1),67.041
sub_d1b9242fdda8,4,1,value-tight-chunk,XI = IV + II,VI=IV+II,"['VI=IV+II', 'XI=IX+II']",45548,True,"[{'answer': 'VI=IV+II', 'is_correct': True, 'timestamp': {'$numberLong': '1758842305142'}, 'time_from_start': 42422}]",1,Same Type (Group 1),45.548
sub_d1b9242fdda8,5,1,value-tight-chunk,IV = XI - II,IV=VI-II,"['IX=XI-II', 'IV=VI-II']",45254,True,"[{'answer': 'IV=VI-II', 'is_correct': True, 'timestamp': {'$numberLong': '1758842352199'}, 'time_from_start': 42216}]",1,Same Type (Group 1),45.254
sub_b87bf837c6ae,1,1,operator,XIII = IX - IV,,['XIII-IX=IV'],240116,False,"[{'answer': 'V=IX-IV', 'is_correct': False, 'timestamp': {'$numberLong': '1758842164292'}, 'time_from_start': 127391}, {'answer': 'XIII=IX+IV', 'is_correct': False, 'timestamp': {'$numberLong': '1758842220816'}, 'time_from_start': 183915}, {'answer': 'XIII=IX+IV', 'is_correct': False, 'timestamp': {'$numberLong': '1758842241949'}, 'time_from_start': 205048}]",3,Same Type (Group 1),240.116
sub_b87bf837c6ae,2,1,operator,VII = III - IV,,['VII-III=IV'],240134,False,"[{'answer': 'VII=III+IV', 'is_correct': False, 'timestamp': {'$numberLong': '1758842299316'}, 'time_from_start': 19513}, {'answer': 'VII=III+IV', 'is_correct': False, 'timestamp': {'$numberLong': '1758842314267'}, 'time_from_start': 34464}, {'answer': 'VII=IV+III', 'is_correct': False, 'timestamp': {'$numberLong': '1758842351150'}, 'time_from_start': 71347}, {'answer': 'VII=III+IV', 'is_correct': False, 'timestamp': {'$numberLong': '1758842372967'}, 'time_from_start': 93164}, {'answer': 'III+IV=VII', 'is_correct': False, 'timestamp': {'$numberLong': '1758842418873'}, 'time_from_start': 139070}, {'answer': '-', 'is_correct': False, 'timestamp': {'$numberLong': '1758842441947'}, 'time_from_start': 162144}, {'answer': 'VII=III+IV', 'is_correct': False, 'timestamp': {'$numberLong': '1758842453882'}, 'time_from_start': 174079}]",7,Same Type (Group 1),240.134
sub_b87bf837c6ae,3,1,operator,VI = IV - II,,['VI-IV=II'],240118,False,"[{'answer': 'VI+IV+II', 'is_correct': False, 'timestamp': {'$numberLong': '1758842537221'}, 'time_from_start': 12768}]",1,Same Type (Group 1),240.118
sub_b87bf837c6ae,4,1,operator,X = VII - III,X-VII=III,['X-VII=III'],65743,True,"[{'answer': 'X=VII+III', 'is_correct': False, 'timestamp': {'$numberLong': '1758842811603'}, 'time_from_start': 44916}, {'answer': 'X-VII=III', 'is_correct': True, 'timestamp': {'$numberLong': '1758842829403'}, 'time_from_start': 62716}]",2,Same Type (Group 1),65.743
sub_b87bf837c6ae,5,1,operator,XIII = VII - VI,XIII-VII=VI,['XIII-VII=VI'],19564,True,"[{'answer': 'XIII-VII=VI', 'is_correct': True, 'timestamp': {'$numberLong': '1758842850903'}, 'time_from_start': 16530}]",1,Same Type (Group 1),19.564
sub_c99e3feff124,1,1,operator,VII = III - IV,VII-III=IV,['VII-III=IV'],94716,True,"[{'answer': 'V-III=IV', 'is_correct': False, 'timestamp': {'$numberLong': '1758843872621'}, 'time_from_start': 49742}, {'answer': 'VII-III=IV', 'is_correct': True, 'timestamp': {'$numberLong': '1758843914568'}, 'time_from_start': 91689}]",2,Same Type (Group 1),94.716
sub_c99e3feff124,2,1,operator,X = VII - III,X-VII=III,['X-VII=III'],31757,True,"[{'answer': 'X-VII=III', 'is_correct': True, 'timestamp': {'$numberLong': '1758843949324'}, 'time_from_start': 28728}]",1,Same Type (Group 1),31.757
sub_c99e3feff124,3,1,operator,XIII = VII - VI,XIII-VII=VI,['XIII-VII=VI'],120029,True,"[{'answer': 'XIII-VII=VI', 'is_correct': True, 'timestamp': {'$numberLong': '1758844073065'}, 'time_from_start': 116989}]",1,Same Type (Group 1),120.029
sub_c99e3feff124,4,1,operator,XIII = IX - IV,XIII-IX=IV,['XIII-IX=IV'],164828,True,"[{'answer': 'XIII=IX+V', 'is_correct': False, 'timestamp': {'$numberLong': '1758844165223'}, 'time_from_start': 86909}, {'answer': 'XIII-IX=IV', 'is_correct': True, 'timestamp': {'$numberLong': '1758844240105'}, 'time_from_start': 161791}]",2,Same Type (Group 1),164.828
sub_c99e3feff124,5,1,operator,VI = IV - II,VI-IV=II,['VI-IV=II'],35304,True,"[{'answer': 'VI-IV=II', 'is_correct': True, 'timestamp': {'$numberLong': '1758844279222'}, 'time_from_start': 32268}]",1,Same Type (Group 1),35.304
sub_cf97da5a22d4,1,1,tautological,IV = IV + IV,,['IV=IV=IV'],240112,False,"[{'answer': 'VI=X-III', 'is_correct': False, 'timestamp': {'$numberLong': '1758844938914'}, 'time_from_start': 97500}, {'answer': 'X=V+V-I', 'is_correct': False, 'timestamp': {'$numberLong': '1758844993940'}, 'time_from_start': 152526}, {'answer': 'XI=VI+V', 'is_correct': False, 'timestamp': {'$numberLong': '1758845036131'}, 'time_from_start': 194717}, {'answer': 'IX=V+IV', 'is_correct': False, 'timestamp': {'$numberLong': '1758845065799'}, 'time_from_start': 224385}]",4,Same Type (Group 1),240.112
sub_cf97da5a22d4,2,1,tautological,XII = XII + XII,XII=,['XII=XII=XII'],240121,False,"[{'answer': 'XII=V+VII', 'is_correct': False, 'timestamp': {'$numberLong': '1758845122256'}, 'time_from_start': 33468}, {'answer': 'XXIV=XII+XII', 'is_correct': False, 'timestamp': {'$numberLong': '1758845141406'}, 'time_from_start': 52618}, {'answer': 'XII-V=VII', 'is_correct': False, 'timestamp': {'$numberLong': '1758845184172'}, 'time_from_start': 95384}, {'answer': 'XII=XII', 'is_correct': False, 'timestamp': {'$numberLong': '1758845211666'}, 'time_from_start': 122878}, {'answer': 'XVI=XII+IV', 'is_correct': False, 'timestamp': {'$numberLong': '1758845235184'}, 'time_from_start': 146396}, {'answer': 'XII=X+II', 'is_correct': False, 'timestamp': {'$numberLong': '1758845267620'}, 'time_from_start': 178832}, {'answer': 'XIV=XII+XII', 'is_correct': False, 'timestamp': {'$numberLong': '1758845285970'}, 'time_from_start': 197182}, {'answer': 'XII+XII=XIV', 'is_correct': False, 'timestamp': {'$numberLong': '1758845312705'}, 'time_from_start': 223917}]",8,Same Type (Group 1),240.121
sub_cf97da5a22d4,3,1,tautological,IX = IX + IX,X=,['IX=IX=IX'],240123,False,"[{'answer': 'IX=IX-IV', 'is_correct': False, 'timestamp': {'$numberLong': '1758845362974'}, 'time_from_start': 29782}, {'answer': 'IX=IX', 'is_correct': False, 'timestamp': {'$numberLong': '1758845437120'}, 'time_from_start': 103928}, {'answer': 'IX+IX=XVII', 'is_correct': False, 'timestamp': {'$numberLong': '1758845473429'}, 'time_from_start': 140237}, {'answer': 'IX=IV+V', 'is_correct': False, 'timestamp': {'$numberLong': '1758845511025'}, 'time_from_start': 177833}]",4,Same Type (Group 1),240.123
sub_cf97da5a22d4,4,1,tautological,III = III + III,,['III=III=III'],240130,False,"[{'answer': 'VI=III+III', 'is_correct': False, 'timestamp': {'$numberLong': '1758845621461'}, 'time_from_start': 43354}, {'answer': 'XIII=VIII+V', 'is_correct': False, 'timestamp': {'$numberLong': '1758845642655'}, 'time_from_start': 64548}, {'answer': 'VIII=IX-I', 'is_correct': False, 'timestamp': {'$numberLong': '1758845733233'}, 'time_from_start': 155126}, {'answer': 'V=III+II', 'is_correct': False, 'timestamp': {'$numberLong': '1758845747915'}, 'time_from_start': 169808}, {'answer': 'VIII=XIII-V', 'is_correct': False, 'timestamp': {'$numberLong': '1758845777060'}, 'time_from_start': 198953}]",5,Same Type (Group 1),240.13
sub_cf97da5a22d4,5,1,tautological,VIII = VIII + VIII,X,['VIII=VIII=VIII'],240129,False,"[{'answer': 'XIII=VIII+V', 'is_correct': False, 'timestamp': {'$numberLong': '1758845852413'}, 'time_from_start': 32325}, {'answer': 'VIII+X=IX+IX', 'is_correct': False, 'timestamp': {'$numberLong': '1758845886941'}, 'time_from_start': 66853}, {'answer': 'VIII-V=III', 'is_correct': False, 'timestamp': {'$numberLong': '1758845914630'}, 'time_from_start': 94542}, {'answer': 'X-VIII=II', 'is_correct': False, 'timestamp': {'$numberLong': '1758845949556'}, 'time_from_start': 129468}, {'answer': 'VIII=X-II', 'is_correct': False, 'timestamp': {'$numberLong': '1758845991173'}, 'time_from_start': 171085}, {'answer': 'VIII+VIII=XVI', 'is_correct': False, 'timestamp': {'$numberLong': '1758846021427'}, 'time_from_start': 201339}, {'answer': 'VIII=III+V', 'is_correct': False, 'timestamp': {'$numberLong': '1758846042712'}, 'time_from_start': 222624}]",7,Same Type (Group 1),240.129
sub_83928208bd4f,1,1,hybrid,VII = XII + VI,,['VII=XIII-VI'],240178,False,"[{'answer': 'VII=XII-VII', 'is_correct': False, 'timestamp': {'$numberLong': '1758846333517'}, 'time_from_start': 229771}]",1,Same Type (Group 1),240.178
sub_83928208bd4f,2,1,hybrid,IV = VII + IV,IV=VIII-IV,['IV=VIII-IV'],101071,True,"[{'answer': 'IV=VIII-IV', 'is_correct': True, 'timestamp': {'$numberLong': '1758846447479'}, 'time_from_start': 98021}]",1,Same Type (Group 1),101.071
sub_83928208bd4f,3,1,hybrid,IX = XII + IV,,['IX=XIII-IV'],240158,False,"[{'answer': 'IX=XII-IIV', 'is_correct': False, 'timestamp': {'$numberLong': '1758846544096'}, 'time_from_start': 91974}, {'answer': 'VX=XI+IV', 'is_correct': False, 'timestamp': {'$numberLong': '1758846670039'}, 'time_from_start': 217917}]",2,Same Type (Group 1),240.158
sub_83928208bd4f,4,1,hybrid,VI = VI + I,VI=VII-I,['VI=VII-I'],66731,True,"[{'answer': 'VI=VII-I', 'is_correct': True, 'timestamp': {'$numberLong': '1758846757069'}, 'time_from_start': 63671}]",1,Same Type (Group 1),66.731
sub_83928208bd4f,5,1,hybrid,III = XI + IX,III=XII-IX,['III=XII-IX'],58610,True,"[{'answer': 'III=XII-IX', 'is_correct': True, 'timestamp': {'$numberLong': '1758846816887'}, 'time_from_start': 55565}]",1,Same Type (Group 1),58.61
sub_e3934e9a123e,1,1,value-loose-chunk,IX = VII + IV,XI=VII+IV,['XI=VII+IV'],20617,True,"[{'answer': 'XI=VII+IV', 'is_correct': True, 'timestamp': {'$numberLong': '1758846899037'}, 'time_from_start': 17585}]",1,Same Type (Group 1),20.617
sub_e3934e9a123e,2,1,value-loose-chunk,II = XI - VII,II=IX-VII,"['III=X-VII', 'II=IX-VII', 'II=X-VIII']",20877,True,"[{'answer': 'II=IX-VII', 'is_correct': True, 'timestamp': {'$numberLong': '1758846920837'}, 'time_from_start': 17849}]",1,Same Type (Group 1),20.877
sub_e3934e9a123e,3,1,value-loose-chunk,VIII = II + IV,VIII=II+VI,"['VIII=II+VI', 'VIII=III+V', 'VII=III+IV']",18677,True,"[{'answer': 'VIII=II+VI', 'is_correct': True, 'timestamp': {'$numberLong': '1758846940475'}, 'time_from_start': 15645}]",1,Same Type (Group 1),18.677
sub_e3934e9a123e,4,1,value-loose-chunk,III = IX - IV,III=IX-VI,['III=IX-VI'],20682,True,"[{'answer': 'III=IX-VI', 'is_correct': True, 'timestamp': {'$numberLong': '1758846962110'}, 'time_from_start': 17641}]",1,Same Type (Group 1),20.682
sub_e3934e9a123e,5,1,value-loose-chunk,IV = IV - II,IV=VI-II,['IV=VI-II'],18118,True,"[{'answer': 'IV=VI-II', 'is_correct': True, 'timestamp': {'$numberLong': '1758846981358'}, 'time_from_start': 15099}]",1,Same Type (Group 1),18.118
sub_530e7d6c33a4,1,1,tautological,IX = IX + IX,,['IX=IX=IX'],240140,False,"[{'answer': 'IX=IX-IX', 'is_correct': False, 'timestamp': {'$numberLong': '1758847657984'}, 'time_from_start': 235076}]",1,Same Type (Group 1),240.14
sub_530e7d6c33a4,2,1,tautological,IV = IV + IV,,['IV=IV=IV'],240127,False,"[{'answer': 'IV=IV-IV', 'is_correct': False, 'timestamp': {'$numberLong': '1758847749607'}, 'time_from_start': 84433}, {'answer': 'IV-IV+IV', 'is_correct': False, 'timestamp': {'$numberLong': '1758847899507'}, 'time_from_start': 234333}]",2,Same Type (Group 1),240.127
sub_530e7d6c33a4,3,1,tautological,III = III + III,III=,['III=III=III'],240142,False,"[{'answer': 'VI=III+III', 'is_correct': False, 'timestamp': {'$numberLong': '1758847944875'}, 'time_from_start': 37925}]",1,Same Type (Group 1),240.142
sub_530e7d6c33a4,4,1,tautological,XII = XII + XII,XIIX,['XII=XII=XII'],240125,False,[],0,Same Type (Group 1),240.125
sub_530e7d6c33a4,5,1,tautological,VIII = VIII + VIII,,['VIII=VIII=VIII'],240145,False,"[{'answer': 'VIII-VIII=VIII', 'is_correct': False, 'timestamp': {'$numberLong': '1758848521168'}, 'time_from_start': 130218}, {'answer': 'VIII=IV+V', 'is_correct': False, 'timestamp': {'$numberLong': '1758848590120'}, 'time_from_start': 199170}]",2,Same Type (Group 1),240.145
sub_5ddddc986d75,1,1,operator,VI = IV - II,VI-IV=II,['VI-IV=II'],189160,True,"[{'answer': 'VI-IV=II', 'is_correct': True, 'timestamp': {'$numberLong': '1758901585967'}, 'time_from_start': 186063}]",1,Same Type (Group 1),189.16
sub_5ddddc986d75,2,1,operator,VII = III - IV,VII-III=IV,['VII-III=IV'],53837,True,"[{'answer': 'VII-III=IV', 'is_correct': True, 'timestamp': {'$numberLong': '1758901642405'}, 'time_from_start': 50744}]",1,Same Type (Group 1),53.837
sub_5ddddc986d75,3,1,operator,XIII = VII - VI,XIII-VII=VI,['XIII-VII=VI'],101069,True,"[{'answer': 'XIII-VII=VI', 'is_correct': True, 'timestamp': {'$numberLong': '1758901744480'}, 'time_from_start': 97979}]",1,Same Type (Group 1),101.069
sub_5ddddc986d75,4,1,operator,X = VII - III,X-VII=III,['X-VII=III'],29213,True,"[{'answer': 'X-VII=III', 'is_correct': True, 'timestamp': {'$numberLong': '1758901774611'}, 'time_from_start': 26184}]",1,Same Type (Group 1),29.213
sub_5ddddc986d75,5,1,operator,XIII = IX - IV,XIII-IX=IV,['XIII-IX=IV'],28609,True,"[{'answer': 'XIII-IX=IV', 'is_correct': True, 'timestamp': {'$numberLong': '1758901804083'}, 'time_from_start': 25586}]",1,Same Type (Group 1),28.609
sub_67216a602338,1,1,tautological,XII = XII + XII,,['XII=XII=XII'],240130,False,"[{'answer': 'I', 'is_correct': False, 'timestamp': {'$numberLong': '1758901463735'}, 'time_from_start': 119373}, {'answer': 'V', 'is_correct': False, 'timestamp': {'$numberLong': '1758901468049'}, 'time_from_start': 123687}, {'answer': 'X', 'is_correct': False, 'timestamp': {'$numberLong': '1758901471828'}, 'time_from_start': 127466}, {'answer': '-', 'is_correct': False, 'timestamp': {'$numberLong': '1758901476939'}, 'time_from_start': 132577}, {'answer': '+', 'is_correct': False, 'timestamp': {'$numberLong': '1758901479205'}, 'time_from_start': 134843}, {'answer': '=', 'is_correct': False, 'timestamp': {'$numberLong': '1758901482505'}, 'time_from_start': 138143}, {'answer': 'I', 'is_correct': False, 'timestamp': {'$numberLong': '1758901493222'}, 'time_from_start': 148860}, {'answer': '=', 'is_correct': False, 'timestamp': {'$numberLong': '1758901517531'}, 'time_from_start': 173169}, {'answer': '+', 'is_correct': False, 'timestamp': {'$numberLong': '1758901519902'}, 'time_from_start': 175540}, {'answer': '-', 'is_correct': False, 'timestamp': {'$numberLong': '1758901525187'}, 'time_from_start': 180825}, {'answer': 'X', 'is_correct': False, 'timestamp': {'$numberLong': '1758901527076'}, 'time_from_start': 182714}, {'answer': 'V', 'is_correct': False, 'timestamp': {'$numberLong': '1758901529307'}, 'time_from_start': 184945}, {'answer': 'I', 'is_correct': False, 'timestamp': {'$numberLong': '1758901531215'}, 'time_from_start': 186853}]",13,Same Type (Group 1),240.13
sub_67216a602338,2,1,tautological,IV = IV + IV,,['IV=IV=IV'],240143,False,"[{'answer': 'I', 'is_correct': False, 'timestamp': {'$numberLong': '1758901613307'}, 'time_from_start': 24892}, {'answer': 'V', 'is_correct': False, 'timestamp': {'$numberLong': '1758901615583'}, 'time_from_start': 27168}, {'answer': 'X', 'is_correct': False, 'timestamp': {'$numberLong': '1758901617954'}, 'time_from_start': 29539}, {'answer': '-', 'is_correct': False, 'timestamp': {'$numberLong': '1758901620343'}, 'time_from_start': 31928}, {'answer': '+', 'is_correct': False, 'timestamp': {'$numberLong': '1758901622443'}, 'time_from_start': 34028}, {'answer': '=', 'is_correct': False, 'timestamp': {'$numberLong': '1758901624621'}, 'time_from_start': 36206}, {'answer': 'X', 'is_correct': False, 'timestamp': {'$numberLong': '1758901678312'}, 'time_from_start': 89897}, {'answer': '-', 'is_correct': False, 'timestamp': {'$numberLong': '1758901679772'}, 'time_from_start': 91357}, {'answer': '+', 'is_correct': False, 'timestamp': {'$numberLong': '1758901681601'}, 'time_from_start': 93186}, {'answer': '=', 'is_correct': False, 'timestamp': {'$numberLong': '1758901682835'}, 'time_from_start': 94420}, {'answer': 'V', 'is_correct': False, 'timestamp': {'$numberLong': '1758901684226'}, 'time_from_start': 95811}, {'answer': 'I', 'is_correct': False, 'timestamp': {'$numberLong': '1758901685818'}, 'time_from_start': 97403}, {'answer': 'VIII=IV+IV', 'is_correct': False, 'timestamp': {'$numberLong': '1758901803566'}, 'time_from_start': 215151}]",13,Same Type (Group 1),240.143
sub_67216a602338,3,1,tautological,IX = IX + IX,,['IX=IX=IX'],240128,False,"[{'answer': 'IX=IV+V', 'is_correct': False, 'timestamp': {'$numberLong': '1758901894539'}, 'time_from_start': 64610}]",1,Same Type (Group 1),240.128
sub_67216a602338,4,1,tautological,VIII = VIII + VIII,,['VIII=VIII=VIII'],240141,False,"[{'answer': 'XIII=VIII+VIII', 'is_correct': False, 'timestamp': {'$numberLong': '1758902178763'}, 'time_from_start': 106555}, {'answer': 'VIII=XVI+VIII', 'is_correct': False, 'timestamp': {'$numberLong': '1758902233696'}, 'time_from_start': 161488}, {'answer': 'VIII=IIII+IIII', 'is_correct': False, 'timestamp': {'$numberLong': '1758902263314'}, 'time_from_start': 191106}, {'answer': 'VIII=XVI-XII', 'is_correct': False, 'timestamp': {'$numberLong': '1758902299966'}, 'time_from_start': 227758}]",4,Same Type (Group 1),240.141
sub_67216a602338,5,1,tautological,III = III + III,,['III=III=III'],240137,False,"[{'answer': 'VI=III+III', 'is_correct': False, 'timestamp': {'$numberLong': '1758902339175'}, 'time_from_start': 25164}, {'answer': 'VI=III+III', 'is_correct': False, 'timestamp': {'$numberLong': '1758902359125'}, 'time_from_start': 45114}, {'answer': 'VI=III+III', 'is_correct': False, 'timestamp': {'$numberLong': '1758902405455'}, 'time_from_start': 91444}, {'answer': 'V=III+III', 'is_correct': False, 'timestamp': {'$numberLong': '1758902437445'}, 'time_from_start': 123434}, {'answer': 'V-+XV', 'is_correct': False, 'timestamp': {'$numberLong': '1758902444900'}, 'time_from_start': 130889}, {'answer': 'III=III+III', 'is_correct': False, 'timestamp': {'$numberLong': '1758902455549'}, 'time_from_start': 141538}, {'answer': 'VI=III+III', 'is_correct': False, 'timestamp': {'$numberLong': '1758902544063'}, 'time_from_start': 230052}]",7,Same Type (Group 1),240.137
sub_94256d574ebd,1,1,hybrid,IV = VII + IV,,['IV=VIII-IV'],240140,False,"[{'answer': 'IX=VII+IV', 'is_correct': False, 'timestamp': {'$numberLong': '1758901632973'}, 'time_from_start': 120854}, {'answer': 'IV=VI+IIV', 'is_correct': False, 'timestamp': {'$numberLong': '1758901701774'}, 'time_from_start': 189655}, {'answer': 'V=VIII+IV', 'is_correct': False, 'timestamp': {'$numberLong': '1758901748628'}, 'time_from_start': 236509}]",3,Same Type (Group 1),240.14
sub_94256d574ebd,2,1,hybrid,VI = VI + I,,['VI=VII-I'],241378,False,"[{'answer': 'V=VI+I', 'is_correct': False, 'timestamp': {'$numberLong': '1758901823217'}, 'time_from_start': 69239}, {'answer': 'X=XV+I', 'is_correct': False, 'timestamp': {'$numberLong': '1758901858945'}, 'time_from_start': 104967}, {'answer': 'VI=VIXI', 'is_correct': False, 'timestamp': {'$numberLong': '1758901967931'}, 'time_from_start': 213953}]",3,Same Type (Group 1),241.378
sub_94256d574ebd,3,1,hybrid,IX = XII + IV,IX=XIII-IV,['IX=XIII-IV'],204320,True,"[{'answer': 'IX=XIII-IV', 'is_correct': True, 'timestamp': {'$numberLong': '1758902201269'}, 'time_from_start': 201289}]",1,Same Type (Group 1),204.32
sub_94256d574ebd,4,1,hybrid,VII = XII + VI,VII=XIII-VI,['VII=XIII-VI'],70540,True,"[{'answer': 'VII=XIII-VI', 'is_correct': True, 'timestamp': {'$numberLong': '1758902278940'}, 'time_from_start': 67496}]",1,Same Type (Group 1),70.54
sub_94256d574ebd,5,1,hybrid,III = XI + IX,III=XII-IX,['III=XII-IX'],52349,True,"[{'answer': 'III=XII-IX', 'is_correct': True, 'timestamp': {'$numberLong': '1758902333172'}, 'time_from_start': 49306}]",1,Same Type (Group 1),52.349
sub_2bb26305655f,1,1,hybrid,VI = VI + I,VI=VI,['VI=VII-I'],240132,False,[],0,Same Type (Group 1),240.132
sub_2bb26305655f,2,1,hybrid,IX = XII + IV,IX=XIII-IV,['IX=XIII-IV'],81901,True,"[{'answer': 'IX=XIII-IV', 'is_correct': True, 'timestamp': {'$numberLong': '1758902088244'}, 'time_from_start': 78880}]",1,Same Type (Group 1),81.901
sub_2bb26305655f,3,1,hybrid,III = XI + IX,,['III=XII-IX'],240123,False,[],0,Same Type (Group 1),240.123
sub_2bb26305655f,4,1,hybrid,VII = XII + VI,,['VII=XIII-VI'],240115,False,[],0,Same Type (Group 1),240.115
sub_2bb26305655f,5,1,hybrid,IV = VII + IV,IV=VIII-IV,['IV=VIII-IV'],81624,True,"[{'answer': 'IV=VIII-IV', 'is_correct': True, 'timestamp': {'$numberLong': '1758902656201'}, 'time_from_start': 78595}]",1,Same Type (Group 1),81.624
sub_83a65b70f1f4,1,1,value-loose-chunk,VIII = II + IV,VIII=II+VI,"['VIII=II+VI', 'VIII=III+V', 'VII=III+IV']",108415,True,"[{'answer': 'VIII=II+VI', 'is_correct': True, 'timestamp': {'$numberLong': '1758902521479'}, 'time_from_start': 105357}]",1,Same Type (Group 1),108.415
sub_83a65b70f1f4,2,1,value-loose-chunk,III = IX - IV,III=IX-VI,['III=IX-VI'],145760,True,"[{'answer': 'III=IX-VI', 'is_correct': True, 'timestamp': {'$numberLong': '1758902673522'}, 'time_from_start': 142698}]",1,Same Type (Group 1),145.76
sub_83a65b70f1f4,3,1,value-loose-chunk,IX = VII + IV,XI=VII+IV,['XI=VII+IV'],81096,True,"[{'answer': 'XI=VII+IV', 'is_correct': True, 'timestamp': {'$numberLong': '1758902757692'}, 'time_from_start': 78043}]",1,Same Type (Group 1),81.096
sub_83a65b70f1f4,4,1,value-loose-chunk,IV = IV - II,IV=VI-II,['IV=VI-II'],48815,True,"[{'answer': 'IV=VI-II', 'is_correct': True, 'timestamp': {'$numberLong': '1758902807575'}, 'time_from_start': 45779}]",1,Same Type (Group 1),48.815
sub_83a65b70f1f4,5,1,value-loose-chunk,II = XI - VII,II=IX-VII,"['III=X-VII', 'II=IX-VII', 'II=X-VIII']",44282,True,"[{'answer': 'II=IX-VII', 'is_correct': True, 'timestamp': {'$numberLong': '1758902854038'}, 'time_from_start': 41235}]",1,Same Type (Group 1),44.282
sub_71fc70db9a34,1,1,value-tight-chunk,VII = IX + III,XII=IX+III,"['XII=IX+III', 'VII=IV+III']",31715,True,"[{'answer': 'XII=IX+III', 'is_correct': True, 'timestamp': {'$numberLong': '1758902937863'}, 'time_from_start': 28695}]",1,Same Type (Group 1),31.715
sub_71fc70db9a34,2,1,value-tight-chunk,III = XI - III,III=VI-III,['III=VI-III'],32533,True,"[{'answer': 'III=VI-III', 'is_correct': True, 'timestamp': {'$numberLong': '1758902971429'}, 'time_from_start': 29492}]",1,Same Type (Group 1),32.533
sub_71fc70db9a34,3,1,value-tight-chunk,IV = XI - II,IX=XI-II,"['IX=XI-II', 'IV=VI-II']",16942,True,"[{'answer': 'IX=XI-II', 'is_correct': True, 'timestamp': {'$numberLong': '1758902989369'}, 'time_from_start': 13906}]",1,Same Type (Group 1),16.942
sub_71fc70db9a34,4,1,value-tight-chunk,XI = IV + II,VI=IV+II,"['VI=IV+II', 'XI=IX+II']",18105,True,"[{'answer': 'VI=IV+II', 'is_correct': True, 'timestamp': {'$numberLong': '1758903008468'}, 'time_from_start': 15082}]",1,Same Type (Group 1),18.105
sub_71fc70db9a34,5,1,value-tight-chunk,II = IX - II,II=IV-II,['II=IV-II'],16047,True,"[{'answer': 'II=IV-II', 'is_correct': True, 'timestamp': {'$numberLong': '1758903025319'}, 'time_from_start': 13015}]",1,Same Type (Group 1),16.047
sub_c952a2e899e0,1,1,value-loose-chunk,VIII = II + IV,VIII=II+VI,"['VIII=II+VI', 'VIII=III+V', 'VII=III+IV']",87273,True,"[{'answer': 'VIII=II+VI', 'is_correct': True, 'timestamp': {'$numberLong': '1758902892531'}, 'time_from_start': 84243}]",1,Same Type (Group 1),87.273
sub_c952a2e899e0,2,1,value-loose-chunk,IV = IV - II,IV=VI-II,['IV=VI-II'],57904,True,"[{'answer': 'IV=VI-II', 'is_correct': True, 'timestamp': {'$numberLong': '1758902958253'}, 'time_from_start': 54880}]",1,Same Type (Group 1),57.904
sub_c952a2e899e0,3,1,value-loose-chunk,IX = VII + IV,XI=VII+IV,['XI=VII+IV'],60399,True,"[{'answer': 'XI=VII+IV', 'is_correct': True, 'timestamp': {'$numberLong': '1758903033401'}, 'time_from_start': 57370}]",1,Same Type (Group 1),60.399
sub_c952a2e899e0,4,1,value-loose-chunk,II = XI - VII,II=IX-VII,"['III=X-VII', 'II=IX-VII', 'II=X-VIII']",45529,True,"[{'answer': 'II=IX-VII', 'is_correct': True, 'timestamp': {'$numberLong': '1758903081082'}, 'time_from_start': 42499}]",1,Same Type (Group 1),45.529
sub_c952a2e899e0,5,1,value-loose-chunk,III = IX - IV,III=IX-VI,['III=IX-VI'],83506,True,"[{'answer': 'III=IX-VI', 'is_correct': True, 'timestamp': {'$numberLong': '1758903166006'}, 'time_from_start': 80481}]",1,Same Type (Group 1),83.506
sub_1d8556f9017f,1,1,hybrid,VII = XII + VI,,['VII=XIII-VI'],240151,False,"[{'answer': 'VIII=XII+VI', 'is_correct': False, 'timestamp': {'$numberLong': '1758908879688'}, 'time_from_start': 116486}]",1,Same Type (Group 1),240.151
sub_1d8556f9017f,2,1,hybrid,IV = VII + IV,,['IV=VIII-IV'],240135,False,[],0,Same Type (Group 1),240.135
sub_1d8556f9017f,3,1,hybrid,III = XI + IX,III,['III=XII-IX'],240126,False,[],0,Same Type (Group 1),240.126
sub_1d8556f9017f,4,1,hybrid,IX = XII + IV,IX=XIII-IV,['IX=XIII-IV'],98076,True,"[{'answer': 'IX=XIII-IV', 'is_correct': True, 'timestamp': {'$numberLong': '1758909625335'}, 'time_from_start': 95038}]",1,Same Type (Group 1),98.076
sub_1d8556f9017f,5,1,hybrid,VI = VI + I,VII-VI,['VI=VII-I'],240130,False,"[{'answer': 'VII-VI=I', 'is_correct': False, 'timestamp': {'$numberLong': '1758909856135'}, 'time_from_start': 222840}]",1,Same Type (Group 1),240.13
sub_34c9b5ce9f21,1,1,hybrid,III = XI + IX,III=X+,['III=XII-IX'],240140,False,[],0,Same Type (Group 1),240.14
sub_34c9b5ce9f21,2,1,hybrid,IX = XII + IV,,['IX=XIII-IV'],240144,False,[],0,Same Type (Group 1),240.144
sub_34c9b5ce9f21,3,1,hybrid,IV = VII + IV,IV=,['IV=VIII-IV'],240163,False,"[{'answer': 'IV=VII+IV', 'is_correct': False, 'timestamp': {'$numberLong': '1758904090861'}, 'time_from_start': 189830}, {'answer': 'IV=V+IV', 'is_correct': False, 'timestamp': {'$numberLong': '1758904112365'}, 'time_from_start': 211334}, {'answer': 'IV=VII-III', 'is_correct': False, 'timestamp': {'$numberLong': '1758904131079'}, 'time_from_start': 230048}]",3,Same Type (Group 1),240.163
sub_34c9b5ce9f21,4,1,hybrid,VI = VI + I,VI=VI-,['VI=VII-I'],240246,False,"[{'answer': 'VI=IV+II', 'is_correct': False, 'timestamp': {'$numberLong': '1758904245165'}, 'time_from_start': 102870}, {'answer': 'VI=V+I', 'is_correct': False, 'timestamp': {'$numberLong': '1758904355617'}, 'time_from_start': 213322}]",2,Same Type (Group 1),240.246
sub_34c9b5ce9f21,5,1,hybrid,VII = XII + VI,VII=XII+VI,['VII=XIII-VI'],240146,False,"[{'answer': 'VI=XII-VI', 'is_correct': False, 'timestamp': {'$numberLong': '1758904457847'}, 'time_from_start': 73664}, {'answer': 'VII=XII-V', 'is_correct': False, 'timestamp': {'$numberLong': '1758904509753'}, 'time_from_start': 125570}, {'answer': 'VII=XII-V', 'is_correct': False, 'timestamp': {'$numberLong': '1758904538120'}, 'time_from_start': 153937}]",3,Same Type (Group 1),240.146
sub_9e9e293b106f,1,1,value-loose-chunk,III = IX - IV,III=IX-VI,['III=IX-VI'],93617,True,"[{'answer': 'III=IX-VI', 'is_correct': True, 'timestamp': {'$numberLong': '1758903865085'}, 'time_from_start': 90579}]",1,Same Type (Group 1),93.617
sub_9e9e293b106f,2,1,value-loose-chunk,II = XI - VII,II=IX-VII,"['III=X-VII', 'II=IX-VII', 'II=X-VIII']",49346,True,"[{'answer': 'II=IX-VII', 'is_correct': True, 'timestamp': {'$numberLong': '1758903917581'}, 'time_from_start': 46315}]",1,Same Type (Group 1),49.346
sub_9e9e293b106f,3,1,value-loose-chunk,VIII = II + IV,VIII=III+V,"['VIII=II+VI', 'VIII=III+V', 'VII=III+IV']",43624,True,"[{'answer': 'VIII=III+V', 'is_correct': True, 'timestamp': {'$numberLong': '1758903962497'}, 'time_from_start': 40595}]",1,Same Type (Group 1),43.624
sub_9e9e293b106f,4,1,value-loose-chunk,IV = IV - II,,['IV=VI-II'],240120,False,[],0,Same Type (Group 1),240.12
sub_9e9e293b106f,5,1,value-loose-chunk,IX = VII + IV,XI=VII+IV,['XI=VII+IV'],111129,True,"[{'answer': 'XI=VII+IV', 'is_correct': True, 'timestamp': {'$numberLong': '1758904318761'}, 'time_from_start': 108091}]",1,Same Type (Group 1),111.129
sub_46c74caa2b1d,1,1,value-tight-chunk,IV = XI - II,,"['IX=XI-II', 'IV=VI-II']",240355,False,[],0,Same Type (Group 1),240.355
sub_46c74caa2b1d,2,1,value-tight-chunk,XI = IV + II,,"['VI=IV+II', 'XI=IX+II']",240129,False,[],0,Same Type (Group 1),240.129
sub_46c74caa2b1d,3,1,value-tight-chunk,II = IX - II,III,['II=IV-II'],240137,False,[],0,Same Type (Group 1),240.137
sub_46c74caa2b1d,4,1,value-tight-chunk,VII = IX + III,,"['XII=IX+III', 'VII=IV+III']",240131,False,[],0,Same Type (Group 1),240.131
sub_46c74caa2b1d,5,1,value-tight-chunk,III = XI - III,,['III=VI-III'],240121,False,"[{'answer': 'V=X-V', 'is_correct': False, 'timestamp': {'$numberLong': '1758905888277'}, 'time_from_start': 233238}]",1,Same Type (Group 1),240.121
sub_eb09173c30ac,1,2,value-loose-chunk,III = IX - IV,III=IX-VI,['III=IX-VI'],56716,True,"[{'answer': 'III=IX-VI', 'is_correct': True, 'timestamp': {'$numberLong': '1758907414559'}, 'time_from_start': 53692}]",1,Different Types (Group 2),56.716
sub_eb09173c30ac,2,2,operator,XIII = VII - VI,,['XIII-VII=VI'],240129,False,"[{'answer': 'XIII=VIII+V', 'is_correct': False, 'timestamp': {'$numberLong': '1758907494242'}, 'time_from_start': 69294}, {'answer': 'XIII=VII+VI', 'is_correct': False, 'timestamp': {'$numberLong': '1758907566122'}, 'time_from_start': 141174}, {'answer': 'XIII=VII+VI', 'is_correct': False, 'timestamp': {'$numberLong': '1758907626992'}, 'time_from_start': 202044}]",3,Different Types (Group 2),240.129
sub_eb09173c30ac,3,2,tautological,IV = IV + IV,,['IV=IV=IV'],240125,False,"[{'answer': 'IV=VI-IV', 'is_correct': False, 'timestamp': {'$numberLong': '1758907856020'}, 'time_from_start': 146609}]",1,Different Types (Group 2),240.125
sub_eb09173c30ac,4,2,hybrid,VI = VI + I,VI=VII-I,['VI=VII-I'],87412,True,"[{'answer': 'VI=V+II', 'is_correct': False, 'timestamp': {'$numberLong': '1758908000320'}, 'time_from_start': 41735}, {'answer': 'VI=VII-I', 'is_correct': True, 'timestamp': {'$numberLong': '1758908042975'}, 'time_from_start': 84390}]",2,Different Types (Group 2),87.412
sub_eb09173c30ac,5,2,value-tight-chunk,III = XI - III,III=VI-III,['III=VI-III'],110961,True,"[{'answer': 'III=VI-III', 'is_correct': True, 'timestamp': {'$numberLong': '1758908157298'}, 'time_from_start': 107935}]",1,Different Types (Group 2),110.961
sub_0b391805540f,1,2,hybrid,IV = VII + IV,,['IV=VIII-IV'],240119,False,"[{'answer': 'XI=VII+IV', 'is_correct': False, 'timestamp': {'$numberLong': '1758907835309'}, 'time_from_start': 226112}]",1,Different Types (Group 2),240.119
sub_0b391805540f,2,2,operator,X = VII - III,X-VII=III,['X-VII=III'],106412,True,"[{'answer': 'X=VI+V', 'is_correct': False, 'timestamp': {'$numberLong': '1758907930224'}, 'time_from_start': 76201}, {'answer': 'X-VII=III', 'is_correct': True, 'timestamp': {'$numberLong': '1758907957414'}, 'time_from_start': 103391}]",2,Different Types (Group 2),106.412
sub_0b391805540f,3,2,tautological,III = III + III,III=VI-III,['III=III=III'],240123,False,"[{'answer': 'VI=III+III', 'is_correct': False, 'timestamp': {'$numberLong': '1758907988250'}, 'time_from_start': 26259}, {'answer': 'VI=III+III', 'is_correct': False, 'timestamp': {'$numberLong': '1758908013121'}, 'time_from_start': 51130}]",2,Different Types (Group 2),240.123
sub_0b391805540f,4,2,value-loose-chunk,VIII = II + IV,VIII=III+V,"['VIII=II+VI', 'VIII=III+V', 'VII=III+IV']",56621,True,"[{'answer': 'VIII=III+V', 'is_correct': True, 'timestamp': {'$numberLong': '1758908256923'}, 'time_from_start': 53608}]",1,Different Types (Group 2),56.621
sub_0b391805540f,5,2,value-tight-chunk,VII = IX + III,,"['XII=IX+III', 'VII=IV+III']",240123,False,[],0,Different Types (Group 2),240.123
sub_5816418a5209,1,2,value-tight-chunk,IV = XI - II,IV=VI-II,"['IX=XI-II', 'IV=VI-II']",47952,True,"[{'answer': 'IV=VI-II', 'is_correct': True, 'timestamp': {'$numberLong': '1758909403827'}, 'time_from_start': 44916}]",1,Different Types (Group 2),47.952
sub_5816418a5209,2,2,hybrid,IX = XII + IV,,['IX=XIII-IV'],240127,False,[],0,Different Types (Group 2),240.127
sub_5816418a5209,3,2,value-loose-chunk,II = XI - VII,,"['III=X-VII', 'II=IX-VII', 'II=X-VIII']",240131,False,"[{'answer': 'IV=XI-VII', 'is_correct': False, 'timestamp': {'$numberLong': '1758909693565'}, 'time_from_start': 36391}, {'answer': 'IV=XI-VII', 'is_correct': False, 'timestamp': {'$numberLong': '1758909717842'}, 'time_from_start': 60668}, {'answer': 'IV=XI-VII', 'is_correct': False, 'timestamp': {'$numberLong': '1758909770752'}, 'time_from_start': 113578}]",3,Different Types (Group 2),240.131
sub_5816418a5209,4,2,operator,VI = IV - II,,['VI-IV=II'],240133,False,"[{'answer': 'VI=IV+II', 'is_correct': False, 'timestamp': {'$numberLong': '1758909938312'}, 'time_from_start': 38453}, {'answer': 'II=IV-II', 'is_correct': False, 'timestamp': {'$numberLong': '1758909989453'}, 'time_from_start': 89594}, {'answer': 'II=IV-II', 'is_correct': False, 'timestamp': {'$numberLong': '1758910059900'}, 'time_from_start': 160041}, {'answer': 'VI=IV+II', 'is_correct': False, 'timestamp': {'$numberLong': '1758910087727'}, 'time_from_start': 187868}]",4,Different Types (Group 2),240.133
sub_5816418a5209,5,2,tautological,XII = XII + XII,,['XII=XII=XII'],240138,False,"[{'answer': 'XII=XIX+III', 'is_correct': False, 'timestamp': {'$numberLong': '1758910330275'}, 'time_from_start': 187926}]",1,Different Types (Group 2),240.138
sub_79d834729395,1,2,operator,XIII = IX - IV,,['XIII-IX=IV'],240115,False,"[{'answer': 'XII=IX-IV', 'is_correct': False, 'timestamp': {'$numberLong': '1758910801014'}, 'time_from_start': 32397}, {'answer': 'V', 'is_correct': False, 'timestamp': {'$numberLong': '1758910872098'}, 'time_from_start': 103481}, {'answer': 'XIII=V', 'is_correct': False, 'timestamp': {'$numberLong': '1758910892329'}, 'time_from_start': 123712}, {'answer': 'XII=V', 'is_correct': False, 'timestamp': {'$numberLong': '1758910936583'}, 'time_from_start': 167966}, {'answer': 'XIII=IX-IV', 'is_correct': False, 'timestamp': {'$numberLong': '1758910964814'}, 'time_from_start': 196197}]",5,Different Types (Group 2),240.115
sub_79d834729395,2,2,tautological,IV = IV + IV,,['IV=IV=IV'],240125,False,"[{'answer': 'IV=IV', 'is_correct': False, 'timestamp': {'$numberLong': '1758911097787'}, 'time_from_start': 84557}, {'answer': 'IV=VII-IV', 'is_correct': False, 'timestamp': {'$numberLong': '1758911132807'}, 'time_from_start': 119577}, {'answer': 'IV=VII', 'is_correct': False, 'timestamp': {'$numberLong': '1758911156240'}, 'time_from_start': 143010}, {'answer': 'IV=VIII-IV', 'is_correct': False, 'timestamp': {'$numberLong': '1758911235371'}, 'time_from_start': 222141}]",4,Different Types (Group 2),240.125
sub_79d834729395,3,2,value-tight-chunk,II = IX - II,,['II=IV-II'],240110,False,"[{'answer': 'II=II', 'is_correct': False, 'timestamp': {'$numberLong': '1758911336206'}, 'time_from_start': 79517}, {'answer': 'II=VII', 'is_correct': False, 'timestamp': {'$numberLong': '1758911361770'}, 'time_from_start': 105081}, {'answer': 'VII=IX-II', 'is_correct': False, 'timestamp': {'$numberLong': '1758911406103'}, 'time_from_start': 149414}, {'answer': 'VII=IX-II', 'is_correct': False, 'timestamp': {'$numberLong': '1758911429303'}, 'time_from_start': 172614}, {'answer': 'II=VI-II', 'is_correct': False, 'timestamp': {'$numberLong': '1758911469989'}, 'time_from_start': 213300}]",5,Different Types (Group 2),240.11
sub_79d834729395,4,2,value-loose-chunk,IV = IV - II,IV=VI-II,['IV=VI-II'],54334,True,"[{'answer': 'IV=VI-II', 'is_correct': True, 'timestamp': {'$numberLong': '1758911558602'}, 'time_from_start': 51315}]",1,Different Types (Group 2),54.334
sub_79d834729395,5,2,hybrid,IV = VII + IV,,['IV=VIII-IV'],240111,False,"[{'answer': 'IV=VI-II', 'is_correct': False, 'timestamp': {'$numberLong': '1758911614301'}, 'time_from_start': 50164}, {'answer': 'IV=VI-II', 'is_correct': False, 'timestamp': {'$numberLong': '1758911632300'}, 'time_from_start': 68163}, {'answer': 'IV=VI-II', 'is_correct': False, 'timestamp': {'$numberLong': '1758911743683'}, 'time_from_start': 179546}, {'answer': 'IV=VI-II', 'is_correct': False, 'timestamp': {'$numberLong': '1758911801949'}, 'time_from_start': 237812}]",4,Different Types (Group 2),240.111
sub_05af81e6e698,1,2,value-tight-chunk,VII = IX + III,XII=IX+III,"['XII=IX+III', 'VII=IV+III']",61757,True,"[{'answer': 'XII=IX+III', 'is_correct': True, 'timestamp': {'$numberLong': '1758910588068'}, 'time_from_start': 58653}]",1,Different Types (Group 2),61.757
sub_05af81e6e698,2,2,operator,X = VII - III,X-VII=III,['X-VII=III'],236615,True,"[{'answer': 'X=VII+III', 'is_correct': False, 'timestamp': {'$numberLong': '1758910678429'}, 'time_from_start': 22422}, {'answer': 'X=VII+III', 'is_correct': False, 'timestamp': {'$numberLong': '1758910712058'}, 'time_from_start': 56051}, {'answer': 'IV=VII-III', 'is_correct': False, 'timestamp': {'$numberLong': '1758910790200'}, 'time_from_start': 134193}, {'answer': 'X-VII=III', 'is_correct': True, 'timestamp': {'$numberLong': '1758910889526'}, 'time_from_start': 233519}]",4,Different Types (Group 2),236.615
sub_05af81e6e698,3,2,hybrid,VI = VI + I,,['VI=VII-I'],242623,False,"[{'answer': 'VII=VI+I', 'is_correct': False, 'timestamp': {'$numberLong': '1758910952698'}, 'time_from_start': 54129}, {'answer': 'V=VI-I', 'is_correct': False, 'timestamp': {'$numberLong': '1758910977692'}, 'time_from_start': 79123}, {'answer': 'IX=VII+II', 'is_correct': False, 'timestamp': {'$numberLong': '1758911039731'}, 'time_from_start': 141162}, {'answer': 'VII=VI+I', 'is_correct': False, 'timestamp': {'$numberLong': '1758911078254'}, 'time_from_start': 179685}, {'answer': 'V=VI-I', 'is_correct': False, 'timestamp': {'$numberLong': '1758911129361'}, 'time_from_start': 230792}]",5,Different Types (Group 2),242.623
sub_05af81e6e698,4,2,tautological,IV = IV + IV,,['IV=IV=IV'],243010,False,"[{'answer': 'VIII=IV+IV', 'is_correct': False, 'timestamp': {'$numberLong': '1758911228817'}, 'time_from_start': 84720}, {'answer': 'IV+IV=VII', 'is_correct': False, 'timestamp': {'$numberLong': '1758911257586'}, 'time_from_start': 113489}, {'answer': 'IV-VI=II', 'is_correct': False, 'timestamp': {'$numberLong': '1758911331526'}, 'time_from_start': 187429}]",3,Different Types (Group 2),243.01
sub_05af81e6e698,5,2,value-loose-chunk,II = XI - VII,,"['III=X-VII', 'II=IX-VII', 'II=X-VIII']",242450,False,"[{'answer': 'IV=XI-VII', 'is_correct': False, 'timestamp': {'$numberLong': '1758911428311'}, 'time_from_start': 38577}, {'answer': 'II=V-VII', 'is_correct': False, 'timestamp': {'$numberLong': '1758911479624'}, 'time_from_start': 89890}, {'answer': 'II+XI=XIII', 'is_correct': False, 'timestamp': {'$numberLong': '1758911582000'}, 'time_from_start': 192266}, {'answer': 'IV=XI-VII', 'is_correct': False, 'timestamp': {'$numberLong': '1758911623833'}, 'time_from_start': 234099}]",4,Different Types (Group 2),242.45
sub_dedb795332fb,1,2,tautological,VIII = VIII + VIII,VII=,['VIII=VIII=VIII'],240143,False,"[{'answer': 'VII=VII+VIII', 'is_correct': False, 'timestamp': {'$numberLong': '1758910366940'}, 'time_from_start': 79707}, {'answer': 'VII=VII', 'is_correct': False, 'timestamp': {'$numberLong': '1758910424731'}, 'time_from_start': 137498}, {'answer': 'VIII=VII+I', 'is_correct': False, 'timestamp': {'$numberLong': '1758910452661'}, 'time_from_start': 165428}, {'answer': 'VII=VIII-', 'is_correct': False, 'timestamp': {'$numberLong': '1758910488699'}, 'time_from_start': 201466}, {'answer': 'VIII=VIII+VIII', 'is_correct': False, 'timestamp': {'$numberLong': '1758910516441'}, 'time_from_start': 229208}]",5,Different Types (Group 2),240.143
sub_dedb795332fb,2,2,hybrid,VII = XII + VI,,['VII=XIII-VI'],240138,False,"[{'answer': 'VII=XII-VI', 'is_correct': False, 'timestamp': {'$numberLong': '1758910569727'}, 'time_from_start': 39388}, {'answer': 'VII=XII-V', 'is_correct': False, 'timestamp': {'$numberLong': '1758910593652'}, 'time_from_start': 63313}, {'answer': 'VI=XII-VI', 'is_correct': False, 'timestamp': {'$numberLong': '1758910615111'}, 'time_from_start': 84772}, {'answer': 'XII=XII-I', 'is_correct': False, 'timestamp': {'$numberLong': '1758910660227'}, 'time_from_start': 129888}, {'answer': 'XII=XII-I', 'is_correct': False, 'timestamp': {'$numberLong': '1758910712643'}, 'time_from_start': 182304}, {'answer': 'VII=VII+I', 'is_correct': False, 'timestamp': {'$numberLong': '1758910746386'}, 'time_from_start': 216047}, {'answer': 'VII=XII+VI', 'is_correct': False, 'timestamp': {'$numberLong': '1758910757105'}, 'time_from_start': 226766}, {'answer': 'VII=XII+I', 'is_correct': False, 'timestamp': {'$numberLong': '1758910763573'}, 'time_from_start': 233234}, {'answer': 'X-=V+-+', 'is_correct': False, 'timestamp': {'$numberLong': '1758910768941'}, 'time_from_start': 238602}]",9,Different Types (Group 2),240.138
sub_dedb795332fb,3,2,operator,XIII = VII - VI,III,['XIII-VII=VI'],240196,False,"[{'answer': 'XIII=VII+VI', 'is_correct': False, 'timestamp': {'$numberLong': '1758910797602'}, 'time_from_start': 25786}, {'answer': 'XIII=VII+VI', 'is_correct': False, 'timestamp': {'$numberLong': '1758910850678'}, 'time_from_start': 78862}, {'answer': 'VII+VI=XIII', 'is_correct': False, 'timestamp': {'$numberLong': '1758910872976'}, 'time_from_start': 101160}, {'answer': 'XII=VII-VI', 'is_correct': False, 'timestamp': {'$numberLong': '1758910982431'}, 'time_from_start': 210615}]",4,Different Types (Group 2),240.196
sub_dedb795332fb,4,2,value-tight-chunk,VII = IX + III,XII=IX+III,"['XII=IX+III', 'VII=IV+III']",157974,True,"[{'answer': 'VI=IX-III', 'is_correct': False, 'timestamp': {'$numberLong': '1758911044587'}, 'time_from_start': 31387}, {'answer': 'VIII=IX-I', 'is_correct': False, 'timestamp': {'$numberLong': '1758911083643'}, 'time_from_start': 70443}, {'answer': 'VII=IX-III', 'is_correct': False, 'timestamp': {'$numberLong': '1758911122524'}, 'time_from_start': 109324}, {'answer': 'VI=IX-III', 'is_correct': False, 'timestamp': {'$numberLong': '1758911128695'}, 'time_from_start': 115495}, {'answer': 'XII=IX+III', 'is_correct': True, 'timestamp': {'$numberLong': '1758911168127'}, 'time_from_start': 154927}]",5,Different Types (Group 2),157.974
sub_dedb795332fb,5,2,value-loose-chunk,IV = IV - II,IV=VI-II,['IV=VI-II'],29159,True,"[{'answer': 'IV=VI-II', 'is_correct': True, 'timestamp': {'$numberLong': '1758911199245'}, 'time_from_start': 26133}]",1,Different Types (Group 2),29.159
sub_acc97ca3a1b4,1,2,value-tight-chunk,III = XI - III,III=VI-III,['III=VI-III'],155335,True,"[{'answer': 'III=X-IIII', 'is_correct': False, 'timestamp': {'$numberLong': '1758910943526'}, 'time_from_start': 82592}, {'answer': 'III=IX-III', 'is_correct': False, 'timestamp': {'$numberLong': '1758910983247'}, 'time_from_start': 122313}, {'answer': 'III=VI-III', 'is_correct': True, 'timestamp': {'$numberLong': '1758911013238'}, 'time_from_start': 152304}]",3,Different Types (Group 2),155.335
sub_acc97ca3a1b4,2,2,hybrid,VII = XII + VI,,['VII=XIII-VI'],245509,False,[],0,Different Types (Group 2),245.509
sub_acc97ca3a1b4,3,2,value-loose-chunk,VIII = II + IV,VIII=II+VI,"['VIII=II+VI', 'VIII=III+V', 'VII=III+IV']",63650,True,"[{'answer': 'VIII=II+VI', 'is_correct': True, 'timestamp': {'$numberLong': '1758911352996'}, 'time_from_start': 60561}]",1,Different Types (Group 2),63.65
sub_acc97ca3a1b4,4,2,tautological,IV = IV + IV,,['IV=IV=IV'],243544,False,[],0,Different Types (Group 2),243.544
sub_acc97ca3a1b4,5,2,operator,XIII = VII - VI,,['XIII-VII=VI'],244478,False,"[{'answer': 'XIII=VII+VI', 'is_correct': False, 'timestamp': {'$numberLong': '1758911640996'}, 'time_from_start': 31828}, {'answer': 'XIII=VII+VI', 'is_correct': False, 'timestamp': {'$numberLong': '1758911699971'}, 'time_from_start': 90803}, {'answer': 'XIII=VII+VI', 'is_correct': False, 'timestamp': {'$numberLong': '1758911805596'}, 'time_from_start': 196428}]",3,Different Types (Group 2),244.478
sub_cdce09da305b,1,2,hybrid,VI = VI + I,VI=VII-I,['VI=VII-I'],52623,True,"[{'answer': 'VI=VII-I', 'is_correct': True, 'timestamp': {'$numberLong': '1758911593618'}, 'time_from_start': 49603}]",1,Different Types (Group 2),52.623
sub_cdce09da305b,2,2,value-tight-chunk,IV = XI - II,IV=VI-II,"['IX=XI-II', 'IV=VI-II']",154897,True,"[{'answer': 'IV=VI-II', 'is_correct': True, 'timestamp': {'$numberLong': '1758911752002'}, 'time_from_start': 151881}]",1,Different Types (Group 2),154.897
sub_cdce09da305b,3,2,value-loose-chunk,III = IX - IV,III=IX-VI,['III=IX-VI'],44597,True,"[{'answer': 'III=IX-VI', 'is_correct': True, 'timestamp': {'$numberLong': '1758911800966'}, 'time_from_start': 41581}]",1,Different Types (Group 2),44.597
sub_cdce09da305b,4,2,operator,VI = IV - II,VI-IV=II,['VI-IV=II'],63756,True,"[{'answer': 'VI-IV=II', 'is_correct': True, 'timestamp': {'$numberLong': '1758911867367'}, 'time_from_start': 60737}]",1,Different Types (Group 2),63.756
sub_cdce09da305b,5,2,tautological,IV = IV + IV,,['IV=IV=IV'],240125,False,[],0,Different Types (Group 2),240.125
sub_fdb029ec5a9d,1,2,value-loose-chunk,IX = VII + IV,XI=VII+IV,['XI=VII+IV'],114709,True,"[{'answer': 'XI=VII+IV', 'is_correct': True, 'timestamp': {'$numberLong': '1758913081010'}, 'time_from_start': 111685}]",1,Different Types (Group 2),114.709
sub_fdb029ec5a9d,2,2,operator,VI = IV - II,VI-IV=II,['VI-IV=II'],68680,True,"[{'answer': 'VI=IV+II', 'is_correct': False, 'timestamp': {'$numberLong': '1758913121721'}, 'time_from_start': 30376}, {'answer': 'VI=IV+II', 'is_correct': False, 'timestamp': {'$numberLong': '1758913139434'}, 'time_from_start': 48089}, {'answer': 'VI-IV=II', 'is_correct': True, 'timestamp': {'$numberLong': '1758913157012'}, 'time_from_start': 65667}]",3,Different Types (Group 2),68.68
sub_fdb029ec5a9d,3,2,hybrid,IV = VII + IV,IV=VIII-IV,['IV=VIII-IV'],227386,True,"[{'answer': 'XI=VII+IV', 'is_correct': False, 'timestamp': {'$numberLong': '1758913352721'}, 'time_from_start': 191130}, {'answer': 'IV=VIII-IV', 'is_correct': True, 'timestamp': {'$numberLong': '1758913385945'}, 'time_from_start': 224354}]",2,Different Types (Group 2),227.386
sub_fdb029ec5a9d,4,2,tautological,VIII = VIII + VIII,VIII=VIII=VIII,['VIII=VIII=VIII'],76355,True,"[{'answer': 'XVI=VIII+VIII', 'is_correct': False, 'timestamp': {'$numberLong': '1758913443706'}, 'time_from_start': 50480}, {'answer': 'VIII=VIII=VIII', 'is_correct': True, 'timestamp': {'$numberLong': '1758913466555'}, 'time_from_start': 73329}]",2,Different Types (Group 2),76.355
sub_fdb029ec5a9d,5,2,value-tight-chunk,VII = IX + III,XII=IX+III,"['XII=IX+III', 'VII=IV+III']",68084,True,"[{'answer': 'VI=IX-III', 'is_correct': False, 'timestamp': {'$numberLong': '1758913509283'}, 'time_from_start': 37620}, {'answer': 'XII=IX+III', 'is_correct': True, 'timestamp': {'$numberLong': '1758913536722'}, 'time_from_start': 65059}]",2,Different Types (Group 2),68.084
sub_61d7e217ebbc,1,2,tautological,IV = IV + IV,IV=IV=IV,['IV=IV=IV'],89462,True,"[{'answer': 'IV=IV=IV', 'is_correct': True, 'timestamp': {'$numberLong': '1758914115529'}, 'time_from_start': 86375}]",1,Different Types (Group 2),89.462
sub_61d7e217ebbc,2,2,hybrid,VI = VI + I,,['VI=VII-I'],240152,False,[],0,Different Types (Group 2),240.152
sub_61d7e217ebbc,3,2,value-loose-chunk,IX = VII + IV,XI=VII+IV,['XI=VII+IV'],34943,True,"[{'answer': 'XI=VII+IV', 'is_correct': True, 'timestamp': {'$numberLong': '1758914400955'}, 'time_from_start': 31883}]",1,Different Types (Group 2),34.943
sub_61d7e217ebbc,4,2,value-tight-chunk,VII = IX + III,VII=IV+III,"['XII=IX+III', 'VII=IV+III']",146987,True,"[{'answer': 'VII=IV+III', 'is_correct': True, 'timestamp': {'$numberLong': '1758914550178'}, 'time_from_start': 143923}]",1,Different Types (Group 2),146.987
sub_61d7e217ebbc,5,2,operator,VI = IV - II,VI-IV=II,['VI-IV=II'],61666,True,"[{'answer': 'VI-IV=II', 'is_correct': True, 'timestamp': {'$numberLong': '1758914613693'}, 'time_from_start': 58595}]",1,Different Types (Group 2),61.666
sub_43f76795edbe,1,2,value-loose-chunk,II = XI - VII,II=IX-VII,"['III=X-VII', 'II=IX-VII', 'II=X-VIII']",72339,True,"[{'answer': 'II=IX-VII', 'is_correct': True, 'timestamp': {'$numberLong': '1758914285657'}, 'time_from_start': 69329}]",1,Different Types (Group 2),72.339
sub_43f76795edbe,2,2,operator,XIII = IX - IV,XIII-IX=IV,['XIII-IX=IV'],198551,True,"[{'answer': 'XIII=IX+IV', 'is_correct': False, 'timestamp': {'$numberLong': '1758914344494'}, 'time_from_start': 50681}, {'answer': 'XIII=IX+IV', 'is_correct': False, 'timestamp': {'$numberLong': '1758914432246'}, 'time_from_start': 138433}, {'answer': 'XIII-IX=IV', 'is_correct': True, 'timestamp': {'$numberLong': '1758914489337'}, 'time_from_start': 195524}]",3,Different Types (Group 2),198.551
sub_43f76795edbe,3,2,hybrid,VI = VI + I,VI=VII-I,['VI=VII-I'],58917,True,"[{'answer': 'VI=VII-I', 'is_correct': True, 'timestamp': {'$numberLong': '1758914550333'}, 'time_from_start': 55901}]",1,Different Types (Group 2),58.917
sub_43f76795edbe,4,2,tautological,IX = IX + IX,IX=IX=IX,['IX=IX=IX'],187737,True,"[{'answer': 'IX=IX=IX', 'is_correct': True, 'timestamp': {'$numberLong': '1758914739184'}, 'time_from_start': 184703}]",1,Different Types (Group 2),187.737
sub_43f76795edbe,5,2,value-tight-chunk,XI = IV + II,,"['VI=IV+II', 'XI=IX+II']",240121,False,[],0,Different Types (Group 2),240.121
sub_a9b8cf258182,1,2,value-tight-chunk,III = XI - III,III=,['III=VI-III'],240121,False,[],0,Different Types (Group 2),240.121
sub_a9b8cf258182,2,2,value-loose-chunk,III = IX - IV,III=IX-VI,['III=IX-VI'],64608,True,"[{'answer': 'III=IX-VI', 'is_correct': True, 'timestamp': {'$numberLong': '1758915447547'}, 'time_from_start': 61570}]",1,Different Types (Group 2),64.608
sub_a9b8cf258182,3,2,tautological,III = III + III,,['III=III=III'],240133,False,"[{'answer': 'III+I=III+I', 'is_correct': False, 'timestamp': {'$numberLong': '1758915589686'}, 'time_from_start': 127277}]",1,Different Types (Group 2),240.133
sub_a9b8cf258182,4,2,hybrid,IX = XII + IV,XIII=X+IV,['IX=XIII-IV'],240145,False,[],0,Different Types (Group 2),240.145
sub_a9b8cf258182,5,2,operator,VI = IV - II,I=IV-,['VI-IV=II'],240127,False,"[{'answer': 'VI=VII-I', 'is_correct': False, 'timestamp': {'$numberLong': '1758916056778'}, 'time_from_start': 103698}]",1,Different Types (Group 2),240.127
sub_01b7819ee556,1,2,value-loose-chunk,III = IX - IV,III=IX-VI,['III=IX-VI'],119560,True,"[{'answer': 'III=IX-VI', 'is_correct': True, 'timestamp': {'$numberLong': '1758915798047'}, 'time_from_start': 116529}]",1,Different Types (Group 2),119.56
sub_01b7819ee556,2,2,operator,VI = IV - II,VI=VI,['VI-IV=II'],240145,False,"[{'answer': 'VI=VII-I', 'is_correct': False, 'timestamp': {'$numberLong': '1758916003185'}, 'time_from_start': 153776}]",1,Different Types (Group 2),240.145
sub_01b7819ee556,3,2,tautological,IV = IV + IV,IV=IV,['IV=IV=IV'],240137,False,"[{'answer': 'IV-IV+IV', 'is_correct': False, 'timestamp': {'$numberLong': '1758916316622'}, 'time_from_start': 197853}]",1,Different Types (Group 2),240.137
sub_01b7819ee556,4,2,value-tight-chunk,IV = XI - II,,"['IX=XI-II', 'IV=VI-II']",240127,False,[],0,Different Types (Group 2),240.127
sub_01b7819ee556,5,2,hybrid,IX = XII + IV,,['IX=XIII-IV'],240126,False,"[{'answer': 'IX=XII+IV', 'is_correct': False, 'timestamp': {'$numberLong': '1758916735691'}, 'time_from_start': 102829}, {'answer': 'IX=XI+IIV', 'is_correct': False, 'timestamp': {'$numberLong': '1758916872766'}, 'time_from_start': 239904}]",2,Different Types (Group 2),240.126
sub_9b26cf0dfff5,1,2,value-loose-chunk,III = IX - IV,III=IX-VI,['III=IX-VI'],98476,True,"[{'answer': 'III=IX-VI', 'is_correct': True, 'timestamp': {'$numberLong': '1758916162303'}, 'time_from_start': 95459}]",1,Different Types (Group 2),98.476
sub_9b26cf0dfff5,2,2,hybrid,III = XI + IX,,['III=XII-IX'],240149,False,"[{'answer': 'II=XI-IX', 'is_correct': False, 'timestamp': {'$numberLong': '1758916405505'}, 'time_from_start': 233617}]",1,Different Types (Group 2),240.149
sub_9b26cf0dfff5,3,2,tautological,III = III + III,III=,['III=III=III'],240142,False,[],0,Different Types (Group 2),240.142
sub_9b26cf0dfff5,4,2,operator,X = VII - III,X-VII=III,['X-VII=III'],152958,True,"[{'answer': 'X=VII+III', 'is_correct': False, 'timestamp': {'$numberLong': '1758916692703'}, 'time_from_start': 33099}, {'answer': 'X-VII=III', 'is_correct': True, 'timestamp': {'$numberLong': '1758916809529'}, 'time_from_start': 149925}]",2,Different Types (Group 2),152.958
sub_9b26cf0dfff5,5,2,value-tight-chunk,II = IX - II,,['II=IV-II'],240126,False,"[{'answer': 'II-IX=II', 'is_correct': False, 'timestamp': {'$numberLong': '1758917031169'}, 'time_from_start': 215905}]",1,Different Types (Group 2),240.126
sub_0fde8a24c9b1,1,2,tautological,VIII = VIII + VIII,VIII=,['VIII=VIII=VIII'],240132,False,[],0,Different Types (Group 2),240.132
sub_0fde8a24c9b1,2,2,value-tight-chunk,III = XI - III,III=,['III=VI-III'],240125,False,[],0,Different Types (Group 2),240.125
sub_0fde8a24c9b1,3,2,operator,XIII = VII - VI,III=,['XIII-VII=VI'],240113,False,[],0,Different Types (Group 2),240.113
sub_0fde8a24c9b1,4,2,value-loose-chunk,VIII = II + IV,VIII=II+VI,"['VIII=II+VI', 'VIII=III+V', 'VII=III+IV']",125858,True,"[{'answer': 'VIII=II+VI', 'is_correct': True, 'timestamp': {'$numberLong': '1758918124482'}, 'time_from_start': 122833}]",1,Different Types (Group 2),125.858
sub_0fde8a24c9b1,5,2,hybrid,III = XI + IX,XIII=,['III=XII-IX'],240117,False,[],0,Different Types (Group 2),240.117
sub_d99ccdfef616,1,2,value-loose-chunk,III = IX - IV,III=IX-VI,['III=IX-VI'],69596,True,"[{'answer': 'III=IX-VI', 'is_correct': True, 'timestamp': {'$numberLong': '1758918156788'}, 'time_from_start': 66560}]",1,Different Types (Group 2),69.596
sub_d99ccdfef616,2,2,tautological,IX = IX + IX,IX,['IX=IX=IX'],242776,False,"[{'answer': 'IX=I-IX', 'is_correct': False, 'timestamp': {'$numberLong': '1758918355504'}, 'time_from_start': 194152}, {'answer': 'IX-IX=IX', 'is_correct': False, 'timestamp': {'$numberLong': '1758918386125'}, 'time_from_start': 224773}, {'answer': 'IX=IX-X', 'is_correct': False, 'timestamp': {'$numberLong': '1758918400633'}, 'time_from_start': 239281}]",3,Different Types (Group 2),242.776
sub_d99ccdfef616,3,2,hybrid,III = XI + IX,III=XI+,['III=XII-IX'],242821,False,"[{'answer': 'III=XI-IX', 'is_correct': False, 'timestamp': {'$numberLong': '1758918425564'}, 'time_from_start': 20060}, {'answer': 'III=XI-IX', 'is_correct': False, 'timestamp': {'$numberLong': '1758918453218'}, 'time_from_start': 47714}, {'answer': 'III=IX+IX', 'is_correct': False, 'timestamp': {'$numberLong': '1758918568831'}, 'time_from_start': 163327}, {'answer': 'XV=XI+IX', 'is_correct': False, 'timestamp': {'$numberLong': '1758918624714'}, 'time_from_start': 219210}]",4,Different Types (Group 2),242.821
sub_d99ccdfef616,4,2,operator,XIII = VII - VI,XIII-VII=VI,['XIII-VII=VI'],132931,True,"[{'answer': 'XIII=VIII+VI', 'is_correct': False, 'timestamp': {'$numberLong': '1758918676148'}, 'time_from_start': 26539}, {'answer': 'XIII-VII=VI', 'is_correct': True, 'timestamp': {'$numberLong': '1758918779236'}, 'time_from_start': 129627}]",2,Different Types (Group 2),132.931
sub_d99ccdfef616,5,2,value-tight-chunk,XI = IV + II,VI=IV+II,"['VI=IV+II', 'XI=IX+II']",56622,True,"[{'answer': 'VI=IV+II', 'is_correct': True, 'timestamp': {'$numberLong': '1758918838202'}, 'time_from_start': 53518}]",1,Different Types (Group 2),56.622
sub_b153474cd583,1,2,tautological,IX = IX + IX,,['IX=IX=IX'],240159,False,"[{'answer': 'IX=IX+X', 'is_correct': False, 'timestamp': {'$numberLong': '1758918247663'}, 'time_from_start': 239015}]",1,Different Types (Group 2),240.159
sub_b153474cd583,2,2,hybrid,IV = VII + IV,,['IV=VIII-IV'],240160,False,"[{'answer': 'IV-VII=IV', 'is_correct': False, 'timestamp': {'$numberLong': '1758918341739'}, 'time_from_start': 87405}, {'answer': 'VI=VII-I', 'is_correct': False, 'timestamp': {'$numberLong': '1758918398966'}, 'time_from_start': 144632}, {'answer': 'IV=XII+IV', 'is_correct': False, 'timestamp': {'$numberLong': '1758918435330'}, 'time_from_start': 180996}, {'answer': 'IV+VII=XI', 'is_correct': False, 'timestamp': {'$numberLong': '1758918483181'}, 'time_from_start': 228847}]",4,Different Types (Group 2),240.16
sub_b153474cd583,3,2,operator,X = VII - III,V=,['X-VII=III'],240163,False,"[{'answer': 'X=VII+III', 'is_correct': False, 'timestamp': {'$numberLong': '1758918512776'}, 'time_from_start': 16602}, {'answer': 'X=VII+III', 'is_correct': False, 'timestamp': {'$numberLong': '1758918528523'}, 'time_from_start': 32349}, {'answer': 'X-VIII=III', 'is_correct': False, 'timestamp': {'$numberLong': '1758918567778'}, 'time_from_start': 71604}, {'answer': 'X=VII+III', 'is_correct': False, 'timestamp': {'$numberLong': '1758918637711'}, 'time_from_start': 141537}, {'answer': 'X-VIII=III', 'is_correct': False, 'timestamp': {'$numberLong': '1758918676866'}, 'time_from_start': 180692}, {'answer': 'X=IIV-III', 'is_correct': False, 'timestamp': {'$numberLong': '1758918727285'}, 'time_from_start': 231111}]",6,Different Types (Group 2),240.163
sub_b153474cd583,4,2,value-tight-chunk,III = XI - III,III=VI-III,['III=VI-III'],71815,True,"[{'answer': 'III=VI-III', 'is_correct': True, 'timestamp': {'$numberLong': '1758918809175'}, 'time_from_start': 68782}]",1,Different Types (Group 2),71.815
sub_b153474cd583,5,2,value-loose-chunk,IX = VII + IV,XI=VII+IV,['XI=VII+IV'],59287,True,"[{'answer': 'XI=VII+VI', 'is_correct': False, 'timestamp': {'$numberLong': '1758918851769'}, 'time_from_start': 37680}, {'answer': 'XI=VII+IV', 'is_correct': True, 'timestamp': {'$numberLong': '1758918870354'}, 'time_from_start': 56265}]",2,Different Types (Group 2),59.287
sub_3080a6a2f6ef,1,2,value-tight-chunk,II = IX - II,,['II=IV-II'],240122,False,[],0,Different Types (Group 2),240.122
sub_3080a6a2f6ef,2,2,value-loose-chunk,III = IX - IV,,['III=IX-VI'],240114,False,"[{'answer': 'IIII=IX-V', 'is_correct': False, 'timestamp': {'$numberLong': '1758918690519'}, 'time_from_start': 88861}, {'answer': 'IIII=IX-V', 'is_correct': False, 'timestamp': {'$numberLong': '1758918715244'}, 'time_from_start': 113586}, {'answer': 'IIV=IX-V', 'is_correct': False, 'timestamp': {'$numberLong': '1758918833036'}, 'time_from_start': 231378}]",3,Different Types (Group 2),240.114
sub_3080a6a2f6ef,3,2,hybrid,VI = VI + I,,['VI=VII-I'],240121,False,[],0,Different Types (Group 2),240.121
sub_3080a6a2f6ef,4,2,tautological,VIII = VIII + VIII,,['VIII=VIII=VIII'],240125,False,[],0,Different Types (Group 2),240.125
sub_3080a6a2f6ef,5,2,operator,XIII = IX - IV,,['XIII-IX=IV'],240112,False,"[{'answer': 'XIII=IXV-I', 'is_correct': False, 'timestamp': {'$numberLong': '1758919540628'}, 'time_from_start': 203594}, {'answer': 'XIII=XIV-I', 'is_correct': False, 'timestamp': {'$numberLong': '1758919562466'}, 'time_from_start': 225432}, {'answer': 'XIII=IX-I', 'is_correct': False, 'timestamp': {'$numberLong': '1758919574286'}, 'time_from_start': 237252}]",3,Different Types (Group 2),240.112
sub_08077de52922,1,2,value-loose-chunk,VIII = II + IV,VIII=II+VI,"['VIII=II+VI', 'VIII=III+V', 'VII=III+IV']",47108,True,"[{'answer': 'VIII=II+VI', 'is_correct': True, 'timestamp': {'$numberLong': '1758919477483'}, 'time_from_start': 44082}]",1,Different Types (Group 2),47.108
sub_08077de52922,2,2,value-tight-chunk,VII = IX + III,VIII=,"['XII=IX+III', 'VII=IV+III']",240130,False,"[{'answer': 'VI=IX+III', 'is_correct': False, 'timestamp': {'$numberLong': '1758919658397'}, 'time_from_start': 173940}, {'answer': 'VI=IX+-III', 'is_correct': False, 'timestamp': {'$numberLong': '1758919676628'}, 'time_from_start': 192171}]",2,Different Types (Group 2),240.13
sub_08077de52922,3,2,operator,XIII = IX - IV,,['XIII-IX=IV'],240124,False,[],0,Different Types (Group 2),240.124
sub_08077de52922,4,2,hybrid,III = XI + IX,III=XII-IX,['III=XII-IX'],239697,True,"[{'answer': 'II=XI+-IX', 'is_correct': False, 'timestamp': {'$numberLong': '1758920023797'}, 'time_from_start': 53399}, {'answer': 'III=XII-IX', 'is_correct': True, 'timestamp': {'$numberLong': '1758920207059'}, 'time_from_start': 236661}]",2,Different Types (Group 2),239.697
sub_08077de52922,5,2,tautological,IX = IX + IX,,['IX=IX=IX'],240126,False,[],0,Different Types (Group 2),240.126
sub_da15d261510f,1,2,tautological,IX = IX + IX,IX=,['IX=IX=IX'],240137,False,[],0,Different Types (Group 2),240.137
sub_da15d261510f,2,2,value-loose-chunk,IX = VII + IV,XI=VII+IV,['XI=VII+IV'],166782,True,"[{'answer': 'XI=VII+IV', 'is_correct': True, 'timestamp': {'$numberLong': '1758920317878'}, 'time_from_start': 163757}]",1,Different Types (Group 2),166.782
sub_da15d261510f,3,2,value-tight-chunk,VII = IX + III,,"['XII=IX+III', 'VII=IV+III']",240126,False,[],0,Different Types (Group 2),240.126
sub_da15d261510f,4,2,hybrid,IX = XII + IV,IX=XIII-IV,['IX=XIII-IV'],43993,True,"[{'answer': 'IX=XIII-IV', 'is_correct': True, 'timestamp': {'$numberLong': '1758920611848'}, 'time_from_start': 40967}]",1,Different Types (Group 2),43.993
sub_da15d261510f,5,2,operator,X = VII - III,X-VII=III,['X-VII=III'],237031,True,"[{'answer': 'X-VII=III', 'is_correct': True, 'timestamp': {'$numberLong': '1758920854555'}, 'time_from_start': 234002}]",1,Different Types (Group 2),237.031
sub_d482ed5a6935,1,2,tautological,IV = IV + IV,,['IV=IV=IV'],240128,False,[],0,Different Types (Group 2),240.128
sub_d482ed5a6935,2,2,operator,XIII = IX - IV,,['XIII-IX=IV'],240091,False,"[{'answer': 'XIII=IX+IV', 'is_correct': False, 'timestamp': {'$numberLong': '1758921096937'}, 'time_from_start': 63094}, {'answer': 'XII=IX+IV', 'is_correct': False, 'timestamp': {'$numberLong': '1758921126535'}, 'time_from_start': 92692}]",2,Different Types (Group 2),240.091
sub_d482ed5a6935,3,2,value-tight-chunk,VII = IX + III,,"['XII=IX+III', 'VII=IV+III']",240119,False,[],0,Different Types (Group 2),240.119
sub_d482ed5a6935,4,2,hybrid,IX = XII + IV,IX=XIII-IV,['IX=XIII-IV'],96019,True,"[{'answer': 'IX=XII-V', 'is_correct': False, 'timestamp': {'$numberLong': '1758921566248'}, 'time_from_start': 43799}, {'answer': 'IX=XIII-IV', 'is_correct': True, 'timestamp': {'$numberLong': '1758921615448'}, 'time_from_start': 92999}]",2,Different Types (Group 2),96.019
sub_d482ed5a6935,5,2,value-loose-chunk,IV = IV - II,IV=VI-II,['IV=VI-II'],77903,True,"[{'answer': 'IV=VI-II', 'is_correct': True, 'timestamp': {'$numberLong': '1758921696254'}, 'time_from_start': 74884}]",1,Different Types (Group 2),77.903
sub_112df383350c,1,2,hybrid,IV = VII + IV,IV=VIII-IV,['IV=VIII-IV'],163948,True,"[{'answer': 'IV=VII-IV', 'is_correct': False, 'timestamp': {'$numberLong': '1758921897221'}, 'time_from_start': 140207}, {'answer': 'IV=VIII-IV', 'is_correct': True, 'timestamp': {'$numberLong': '1758921917935'}, 'time_from_start': 160921}]",2,Different Types (Group 2),163.948
sub_112df383350c,2,2,value-tight-chunk,VII = IX + III,XII=IX+II,"['XII=IX+III', 'VII=IV+III']",240115,False,[],0,Different Types (Group 2),240.115
sub_112df383350c,3,2,tautological,IV = IV + IV,,['IV=IV=IV'],240118,False,"[{'answer': 'IX=IV+IV', 'is_correct': False, 'timestamp': {'$numberLong': '1758922390555'}, 'time_from_start': 223468}]",1,Different Types (Group 2),240.118
sub_112df383350c,4,2,operator,VI = IV - II,,['VI-IV=II'],240123,False,[],0,Different Types (Group 2),240.123
sub_112df383350c,5,2,value-loose-chunk,III = IX - IV,III=IX-VI,['III=IX-VI'],104229,True,"[{'answer': 'III=IX-VI', 'is_correct': True, 'timestamp': {'$numberLong': '1758922754203'}, 'time_from_start': 101199}]",1,Different Types (Group 2),104.229
sub_a369f765e294,1,2,value-loose-chunk,IX = VII + IV,XI=VII+IV,['XI=VII+IV'],154458,True,"[{'answer': 'XI=VII+IV', 'is_correct': True, 'timestamp': {'$numberLong': '1758923655484'}, 'time_from_start': 151433}]",1,Different Types (Group 2),154.458
sub_a369f765e294,2,2,value-tight-chunk,VII = IX + III,,"['XII=IX+III', 'VII=IV+III']",240134,False,[],0,Different Types (Group 2),240.134
sub_a369f765e294,3,2,operator,XIII = VII - VI,,['XIII-VII=VI'],240136,False,[],0,Different Types (Group 2),240.136
sub_a369f765e294,4,2,tautological,XII = XII + XII,,['XII=XII=XII'],240134,False,[],0,Different Types (Group 2),240.134
sub_a369f765e294,5,2,hybrid,IV = VII + IV,IV=VIII-IV,['IV=VIII-IV'],159041,True,"[{'answer': 'IV=VII-IV', 'is_correct': False, 'timestamp': {'$numberLong': '1758924520221'}, 'time_from_start': 124657}, {'answer': 'IV=VIII-IV', 'is_correct': True, 'timestamp': {'$numberLong': '1758924551585'}, 'time_from_start': 156021}]",2,Different Types (Group 2),159.041
sub_f310d2864479,1,2,hybrid,VII = XII + VI,VII=XII-VI,['VII=XIII-VI'],240153,False,[],0,Different Types (Group 2),240.153
sub_f310d2864479,2,2,value-loose-chunk,IX = VII + IV,XI=VII+IV,['XI=VII+IV'],90102,True,"[{'answer': 'XI=VII+IV', 'is_correct': True, 'timestamp': {'$numberLong': '1758924237278'}, 'time_from_start': 87070}]",1,Different Types (Group 2),90.102
sub_f310d2864479,3,2,tautological,IV = IV + IV,IV=IX+IV,['IV=IV=IV'],240142,False,[],0,Different Types (Group 2),240.142
sub_f310d2864479,4,2,operator,VII = III - IV,,['VII-III=IV'],240141,False,"[{'answer': 'VII=III+IV', 'is_correct': False, 'timestamp': {'$numberLong': '1758924680538'}, 'time_from_start': 177093}, {'answer': 'VII=III+IV', 'is_correct': False, 'timestamp': {'$numberLong': '1758924725342'}, 'time_from_start': 221897}]",2,Different Types (Group 2),240.141
sub_f310d2864479,5,2,value-tight-chunk,II = IX - II,II=XI,['II=IV-II'],240150,False,"[{'answer': 'II-X=II', 'is_correct': False, 'timestamp': {'$numberLong': '1758924882804'}, 'time_from_start': 132996}]",1,Different Types (Group 2),240.15
sub_188439c95744,1,2,hybrid,VI = VI + I,VI=VII-I,['VI=VII-I'],185671,True,"[{'answer': 'VI=VII-I', 'is_correct': True, 'timestamp': {'$numberLong': '1758925679410'}, 'time_from_start': 182643}]",1,Different Types (Group 2),185.671
sub_188439c95744,2,2,operator,VII = III - IV,VII-III=IV,['VII-III=IV'],86417,True,"[{'answer': 'VII-III=IV', 'is_correct': True, 'timestamp': {'$numberLong': '1758925768048'}, 'time_from_start': 83390}]",1,Different Types (Group 2),86.417
sub_188439c95744,3,2,tautological,III = III + III,,['III=III=III'],240120,False,[],0,Different Types (Group 2),240.12
sub_188439c95744,4,2,value-tight-chunk,VII = IX + III,VII=IV+III,"['XII=IX+III', 'VII=IV+III']",88193,True,"[{'answer': 'VII=IV+III', 'is_correct': True, 'timestamp': {'$numberLong': '1758926103266'}, 'time_from_start': 85176}]",1,Different Types (Group 2),88.193
sub_188439c95744,5,2,value-loose-chunk,III = IX - IV,III=IX-VI,['III=IX-VI'],54872,True,"[{'answer': 'III=IX-VI', 'is_correct': True, 'timestamp': {'$numberLong': '1758926159671'}, 'time_from_start': 51860}]",1,Different Types (Group 2),54.872
sub_724dd2d1a515,1,2,value-loose-chunk,II = XI - VII,II=IX-VII,"['III=X-VII', 'II=IX-VII', 'II=X-VIII']",89988,True,"[{'answer': 'II=IX-VII', 'is_correct': True, 'timestamp': {'$numberLong': '1758925631838'}, 'time_from_start': 86952}]",1,Different Types (Group 2),89.988
sub_724dd2d1a515,2,2,value-tight-chunk,IV = XI - II,IV,"['IX=XI-II', 'IV=VI-II']",242322,False,[],0,Different Types (Group 2),242.322
sub_724dd2d1a515,3,2,hybrid,IX = XII + IV,,['IX=XIII-IV'],242515,False,"[{'answer': 'IIX=XII-IV', 'is_correct': False, 'timestamp': {'$numberLong': '1758926076006'}, 'time_from_start': 191006}]",1,Different Types (Group 2),242.515
sub_724dd2d1a515,4,2,operator,VII = III - IV,,['VII-III=IV'],242322,False,"[{'answer': 'VII=III+IV', 'is_correct': False, 'timestamp': {'$numberLong': '1758926179290'}, 'time_from_start': 47283}, {'answer': 'VI=III+IV', 'is_correct': False, 'timestamp': {'$numberLong': '1758926195778'}, 'time_from_start': 63771}, {'answer': 'V=III+II', 'is_correct': False, 'timestamp': {'$numberLong': '1758926370825'}, 'time_from_start': 238818}]",3,Different Types (Group 2),242.322
sub_724dd2d1a515,5,2,tautological,III = III + III,,['III=III=III'],242174,False,"[{'answer': 'VI=III+III', 'is_correct': False, 'timestamp': {'$numberLong': '1758926439316'}, 'time_from_start': 60799}]",1,Different Types (Group 2),242.174
sub_c0359a5fa512,1,2,value-tight-chunk,III = XI - III,III=VI-III,['III=VI-III'],72723,True,"[{'answer': 'III=VI-III', 'is_correct': True, 'timestamp': {'$numberLong': '1758925682635'}, 'time_from_start': 69704}]",1,Different Types (Group 2),72.723
sub_c0359a5fa512,2,2,hybrid,IX = XII + IV,IX=XIII-IV,['IX=XIII-IV'],158099,True,"[{'answer': 'IX=XIII-IV', 'is_correct': True, 'timestamp': {'$numberLong': '1758925842752'}, 'time_from_start': 155078}]",1,Different Types (Group 2),158.099
sub_c0359a5fa512,3,2,value-loose-chunk,II = XI - VII,III=X-VII,"['III=X-VII', 'II=IX-VII', 'II=X-VIII']",77765,True,"[{'answer': 'III=X-VII', 'is_correct': True, 'timestamp': {'$numberLong': '1758925921720'}, 'time_from_start': 74751}]",1,Different Types (Group 2),77.765
sub_c0359a5fa512,4,2,tautological,IX = IX + IX,,['IX=IX=IX'],240109,False,[],0,Different Types (Group 2),240.109
sub_c0359a5fa512,5,2,operator,VII = III - IV,VII=VIII-I,['VII-III=IV'],240110,False,"[{'answer': 'VII=VIII-I', 'is_correct': False, 'timestamp': {'$numberLong': '1758926244333'}, 'time_from_start': 70070}, {'answer': 'VII=VIII-I', 'is_correct': False, 'timestamp': {'$numberLong': '1758926257221'}, 'time_from_start': 82958}, {'answer': 'VI=II+IV', 'is_correct': False, 'timestamp': {'$numberLong': '1758926293140'}, 'time_from_start': 118877}, {'answer': 'VIII=III+V', 'is_correct': False, 'timestamp': {'$numberLong': '1758926327887'}, 'time_from_start': 153624}, {'answer': 'VII=VIII-I', 'is_correct': False, 'timestamp': {'$numberLong': '1758926399523'}, 'time_from_start': 225260}]",5,Different Types (Group 2),240.11
sub_cbe375515140,1,2,tautological,IX = IX + IX,XI=IX+X,['IX=IX=IX'],240172,False,[],0,Different Types (Group 2),240.172
sub_cbe375515140,2,2,value-loose-chunk,II = XI - VII,III=X-V,"['III=X-VII', 'II=IX-VII', 'II=X-VIII']",240181,False,[],0,Different Types (Group 2),240.181
sub_cbe375515140,3,2,value-tight-chunk,XI = IV + II,X=,"['VI=IV+II', 'XI=IX+II']",240209,False,[],0,Different Types (Group 2),240.209
sub_cbe375515140,4,2,operator,XIII = IX - IV,XIII-IX=IV,['XIII-IX=IV'],159104,True,"[{'answer': 'XIII-IX=IV', 'is_correct': True, 'timestamp': {'$numberLong': '1758928340696'}, 'time_from_start': 156041}]",1,Different Types (Group 2),159.104
sub_cbe375515140,5,2,hybrid,VII = XII + VI,VII=XIII-VI,['VII=XIII-VI'],150564,True,"[{'answer': 'VII=XIII-VI', 'is_correct': True, 'timestamp': {'$numberLong': '1758928497129'}, 'time_from_start': 147495}]",1,Different Types (Group 2),150.564
sub_879938aeb461,1,2,hybrid,VI = VI + I,VI=VII-I,['VI=VII-I'],95272,True,"[{'answer': 'VI=VII-I', 'is_correct': True, 'timestamp': {'$numberLong': '1758926786079'}, 'time_from_start': 92248}]",1,Different Types (Group 2),95.272
sub_879938aeb461,2,2,value-loose-chunk,III = IX - IV,III=IX-VI,['III=IX-VI'],53517,True,"[{'answer': 'III=IX-VI', 'is_correct': True, 'timestamp': {'$numberLong': '1758926841947'}, 'time_from_start': 50494}]",1,Different Types (Group 2),53.517
sub_879938aeb461,3,2,value-tight-chunk,II = IX - II,II=IV-II,['II=IV-II'],71523,True,"[{'answer': 'II=IV-II', 'is_correct': True, 'timestamp': {'$numberLong': '1758926914418'}, 'time_from_start': 68479}]",1,Different Types (Group 2),71.523
sub_879938aeb461,4,2,tautological,IX = IX + IX,I,['IX=IX=IX'],240133,False,[],0,Different Types (Group 2),240.133
sub_879938aeb461,5,2,operator,VII = III - IV,VII-III=IV,['VII-III=IV'],89307,True,"[{'answer': 'VII-III=IV', 'is_correct': True, 'timestamp': {'$numberLong': '1758927247501'}, 'time_from_start': 86265}]",1,Different Types (Group 2),89.307
sub_aee5b49a860d,1,2,operator,VI = IV - II,,['VI-IV=II'],240117,False,"[{'answer': 'IV=IV-II', 'is_correct': False, 'timestamp': {'$numberLong': '1758927064966'}, 'time_from_start': 78185}, {'answer': 'VI=IV+II', 'is_correct': False, 'timestamp': {'$numberLong': '1758927218768'}, 'time_from_start': 231987}]",2,Different Types (Group 2),240.117
sub_aee5b49a860d,2,2,tautological,IV = IV + IV,,['IV=IV=IV'],240138,False,[],0,Different Types (Group 2),240.138
sub_aee5b49a860d,3,2,value-tight-chunk,III = XI - III,,['III=VI-III'],240124,False,"[{'answer': 'III=X+III', 'is_correct': False, 'timestamp': {'$numberLong': '1758927652894'}, 'time_from_start': 180802}, {'answer': 'II=I-IIIX', 'is_correct': False, 'timestamp': {'$numberLong': '1758927664823'}, 'time_from_start': 192731}, {'answer': 'III=I-IIX', 'is_correct': False, 'timestamp': {'$numberLong': '1758927701527'}, 'time_from_start': 229435}]",3,Different Types (Group 2),240.124
sub_aee5b49a860d,4,2,value-loose-chunk,II = XI - VII,II=IX-VII,"['III=X-VII', 'II=IX-VII', 'II=X-VIII']",40663,True,"[{'answer': 'II=IX-VII', 'is_correct': True, 'timestamp': {'$numberLong': '1758927751147'}, 'time_from_start': 37631}]",1,Different Types (Group 2),40.663
sub_aee5b49a860d,5,2,hybrid,VII = XII + VI,VII=XIII-VI,['VII=XIII-VI'],141922,True,"[{'answer': 'VII=XIII-VI', 'is_correct': True, 'timestamp': {'$numberLong': '1758927894339'}, 'time_from_start': 138901}]",1,Different Types (Group 2),141.922
sub_498317e91f9a,1,2,hybrid,IV = VII + IV,IV=VIII-IV,['IV=VIII-IV'],236806,True,"[{'answer': 'IV=VI-IV', 'is_correct': False, 'timestamp': {'$numberLong': '1758928187555'}, 'time_from_start': 69376}, {'answer': 'IV=VI-IV', 'is_correct': False, 'timestamp': {'$numberLong': '1758928211287'}, 'time_from_start': 93108}, {'answer': 'IV=VII-IV', 'is_correct': False, 'timestamp': {'$numberLong': '1758928253511'}, 'time_from_start': 135332}, {'answer': 'IV=VII-IV', 'is_correct': False, 'timestamp': {'$numberLong': '1758928303112'}, 'time_from_start': 184933}, {'answer': 'IV=VI-IIV', 'is_correct': False, 'timestamp': {'$numberLong': '1758928323541'}, 'time_from_start': 205362}, {'answer': 'IV=VIII-IV', 'is_correct': True, 'timestamp': {'$numberLong': '1758928351944'}, 'time_from_start': 233765}]",6,Different Types (Group 2),236.806
sub_498317e91f9a,2,2,value-loose-chunk,VIII = II + IV,VIII=III+V,"['VIII=II+VI', 'VIII=III+V', 'VII=III+IV']",201538,True,"[{'answer': 'VIII=IV+IV', 'is_correct': False, 'timestamp': {'$numberLong': '1758928408942'}, 'time_from_start': 39050}, {'answer': 'VIII=IV+IV', 'is_correct': False, 'timestamp': {'$numberLong': '1758928438690'}, 'time_from_start': 68798}, {'answer': 'VIII=IIX-IV', 'is_correct': False, 'timestamp': {'$numberLong': '1758928470624'}, 'time_from_start': 100732}, {'answer': 'VII=XII-IV', 'is_correct': False, 'timestamp': {'$numberLong': '1758928496773'}, 'time_from_start': 126881}, {'answer': 'VII=IV+IV', 'is_correct': False, 'timestamp': {'$numberLong': '1758928525014'}, 'time_from_start': 155122}, {'answer': 'VIII=III+V', 'is_correct': True, 'timestamp': {'$numberLong': '1758928568388'}, 'time_from_start': 198496}]",6,Different Types (Group 2),201.538
sub_498317e91f9a,3,2,operator,XIII = IX - IV,XIII=XV,['XIII-IX=IV'],240132,False,"[{'answer': 'XIII=IX+IV', 'is_correct': False, 'timestamp': {'$numberLong': '1758928617422'}, 'time_from_start': 43867}, {'answer': 'XIII=IX+IV', 'is_correct': False, 'timestamp': {'$numberLong': '1758928651374'}, 'time_from_start': 77819}, {'answer': 'XIII=IX+IV', 'is_correct': False, 'timestamp': {'$numberLong': '1758928685209'}, 'time_from_start': 111654}, {'answer': 'XIII=IXV-IV', 'is_correct': False, 'timestamp': {'$numberLong': '1758928766967'}, 'time_from_start': 193412}]",4,Different Types (Group 2),240.132
sub_498317e91f9a,4,2,tautological,IX = IX + IX,IX=,['IX=IX=IX'],240119,False,"[{'answer': 'IX=XVIII-IX', 'is_correct': False, 'timestamp': {'$numberLong': '1758928928695'}, 'time_from_start': 111093}, {'answer': 'IX=XVV-IIX', 'is_correct': False, 'timestamp': {'$numberLong': '1758928961021'}, 'time_from_start': 143419}, {'answer': 'IX=IX+IX-IX', 'is_correct': False, 'timestamp': {'$numberLong': '1758929030118'}, 'time_from_start': 212516}]",3,Different Types (Group 2),240.119
sub_498317e91f9a,5,2,value-tight-chunk,III = XI - III,III=,['III=VI-III'],240126,False,"[{'answer': 'III=XI-VIII', 'is_correct': False, 'timestamp': {'$numberLong': '1758929089321'}, 'time_from_start': 29145}, {'answer': 'III=XI-VIII', 'is_correct': False, 'timestamp': {'$numberLong': '1758929129822'}, 'time_from_start': 69646}, {'answer': 'III=XI+III', 'is_correct': False, 'timestamp': {'$numberLong': '1758929165318'}, 'time_from_start': 105142}, {'answer': 'III=IX-VI', 'is_correct': False, 'timestamp': {'$numberLong': '1758929207357'}, 'time_from_start': 147181}, {'answer': 'III=XI-VIII', 'is_correct': False, 'timestamp': {'$numberLong': '1758929255880'}, 'time_from_start': 195704}, {'answer': 'III=XI-X', 'is_correct': False, 'timestamp': {'$numberLong': '1758929282315'}, 'time_from_start': 222139}]",6,Different Types (Group 2),240.126
sub_2b639dd64c84,1,2,value-tight-chunk,XI = IV + II,V,"['VI=IV+II', 'XI=IX+II']",246047,False,"[{'answer': 'X-V=V', 'is_correct': False, 'timestamp': {'$numberLong': '1758928617991'}, 'time_from_start': 152857}, {'answer': 'IV+I=V', 'is_correct': False, 'timestamp': {'$numberLong': '1758928689964'}, 'time_from_start': 224830}]",2,Different Types (Group 2),246.047
sub_2b639dd64c84,2,2,tautological,IX = IX + IX,IX+X,['IX=IX=IX'],242256,False,"[{'answer': 'IX-V=IV', 'is_correct': False, 'timestamp': {'$numberLong': '1758928831012'}, 'time_from_start': 116836}, {'answer': 'X-V=V', 'is_correct': False, 'timestamp': {'$numberLong': '1758928858064'}, 'time_from_start': 143888}, {'answer': 'IX+I=X', 'is_correct': False, 'timestamp': {'$numberLong': '1758928891907'}, 'time_from_start': 177731}]",3,Different Types (Group 2),242.256
sub_2b639dd64c84,3,2,hybrid,VII = XII + VI,,['VII=XIII-VI'],244251,False,"[{'answer': 'VI+IV=XI', 'is_correct': False, 'timestamp': {'$numberLong': '1758929000630'}, 'time_from_start': 40855}, {'answer': 'VI+X=XVI', 'is_correct': False, 'timestamp': {'$numberLong': '1758929022663'}, 'time_from_start': 62888}, {'answer': 'II+V=VII', 'is_correct': False, 'timestamp': {'$numberLong': '1758929109625'}, 'time_from_start': 149850}, {'answer': 'V+II=VII', 'is_correct': False, 'timestamp': {'$numberLong': '1758929161889'}, 'time_from_start': 202114}]",4,Different Types (Group 2),244.251
sub_2b639dd64c84,4,2,operator,XIII = IX - IV,,['XIII-IX=IV'],245962,False,"[{'answer': 'IX-V=IV', 'is_correct': False, 'timestamp': {'$numberLong': '1758929246160'}, 'time_from_start': 40170}, {'answer': 'IV-I=III', 'is_correct': False, 'timestamp': {'$numberLong': '1758929296242'}, 'time_from_start': 90252}, {'answer': 'IX+IV=XIII', 'is_correct': False, 'timestamp': {'$numberLong': '1758929388993'}, 'time_from_start': 183003}, {'answer': 'IX+V=XIIII', 'is_correct': False, 'timestamp': {'$numberLong': '1758929418709'}, 'time_from_start': 212719}]",4,Different Types (Group 2),245.962
sub_2b639dd64c84,5,2,value-loose-chunk,VIII = II + IV,,"['VIII=II+VI', 'VIII=III+V', 'VII=III+IV']",246466,False,"[{'answer': 'II+IV=VI', 'is_correct': False, 'timestamp': {'$numberLong': '1758929542923'}, 'time_from_start': 89191}, {'answer': 'V+II=VIII', 'is_correct': False, 'timestamp': {'$numberLong': '1758929576340'}, 'time_from_start': 122608}, {'answer': 'VII=II+V', 'is_correct': False, 'timestamp': {'$numberLong': '1758929599871'}, 'time_from_start': 146139}, {'answer': 'VII+V=XII', 'is_correct': False, 'timestamp': {'$numberLong': '1758929679473'}, 'time_from_start': 225741}]",4,Different Types (Group 2),246.466
sub_6185184e8c09,1,1,value-tight-chunk,XI = IV + II,X,"['VI=IV+II', 'XI=IX+II']",240156,False,[],0,Same Type (Group 1),240.156
sub_6185184e8c09,2,1,value-tight-chunk,III = XI - III,,['III=VI-III'],240144,False,"[{'answer': 'III=X-IIII', 'is_correct': False, 'timestamp': {'$numberLong': '1759165334289'}, 'time_from_start': 205121}]",1,Same Type (Group 1),240.144
sub_6185184e8c09,3,1,value-tight-chunk,IV = XI - II,,"['IX=XI-II', 'IV=VI-II']",240152,False,"[{'answer': 'IV+XI-II', 'is_correct': False, 'timestamp': {'$numberLong': '1759165413088'}, 'time_from_start': 40654}]",1,Same Type (Group 1),240.152
sub_6185184e8c09,4,1,value-tight-chunk,II = IX - II,II,['II=IV-II'],240143,False,"[{'answer': 'II=X-III', 'is_correct': False, 'timestamp': {'$numberLong': '1759165724737'}, 'time_from_start': 110730}, {'answer': 'II=X=II', 'is_correct': False, 'timestamp': {'$numberLong': '1759165796437'}, 'time_from_start': 182430}]",2,Same Type (Group 1),240.143
sub_6185184e8c09,5,1,value-tight-chunk,VII = IX + III,,"['XII=IX+III', 'VII=IV+III']",240133,False,"[{'answer': 'VIII=IX+II', 'is_correct': False, 'timestamp': {'$numberLong': '1759165928493'}, 'time_from_start': 72374}, {'answer': 'VIII=IX-II', 'is_correct': False, 'timestamp': {'$numberLong': '1759166059139'}, 'time_from_start': 203020}, {'answer': 'VIII=IX-IIII', 'is_correct': False, 'timestamp': {'$numberLong': '1759166090172'}, 'time_from_start': 234053}]",3,Same Type (Group 1),240.133
sub_43b86806461c,1,2,hybrid,VI = VI + I,VI=VII-I,['VI=VII-I'],163658,True,"[{'answer': 'VII=VI-I', 'is_correct': False, 'timestamp': {'$numberLong': '1759164900149'}, 'time_from_start': 66823}, {'answer': 'VI=VII-I', 'is_correct': True, 'timestamp': {'$numberLong': '1759164993955'}, 'time_from_start': 160629}]",2,Different Types (Group 2),163.658
sub_43b86806461c,2,2,operator,XIII = IX - IV,,['XIII-IX=IV'],240146,False,[],0,Different Types (Group 2),240.146
sub_43b86806461c,3,2,value-loose-chunk,VIII = II + IV,VIII=II+VI,"['VIII=II+VI', 'VIII=III+V', 'VII=III+IV']",31469,True,"[{'answer': 'VIII=II+VI', 'is_correct': True, 'timestamp': {'$numberLong': '1759165271756'}, 'time_from_start': 28453}]",1,Different Types (Group 2),31.469
sub_43b86806461c,4,2,value-tight-chunk,IV = XI - II,IV=VI-II,"['IX=XI-II', 'IV=VI-II']",100869,True,"[{'answer': 'IV=VI-II', 'is_correct': True, 'timestamp': {'$numberLong': '1759165373912'}, 'time_from_start': 97844}]",1,Different Types (Group 2),100.869
sub_43b86806461c,5,2,tautological,III = III + III,,['III=III=III'],240137,False,"[{'answer': 'III=III-I+I', 'is_correct': False, 'timestamp': {'$numberLong': '1759165611634'}, 'time_from_start': 232210}]",1,Different Types (Group 2),240.137
sub_04085c73cb87,1,2,operator,XIII = IX - IV,XIII=,['XIII-IX=IV'],240135,False,"[{'answer': 'XII=IX+IV', 'is_correct': False, 'timestamp': {'$numberLong': '1759164978068'}, 'time_from_start': 72672}]",1,Different Types (Group 2),240.135
sub_04085c73cb87,2,2,value-loose-chunk,III = IX - IV,,['III=IX-VI'],240124,False,"[{'answer': 'IIII=IX-V', 'is_correct': False, 'timestamp': {'$numberLong': '1759165209457'}, 'time_from_start': 59911}, {'answer': 'IX-V=IV', 'is_correct': False, 'timestamp': {'$numberLong': '1759165239696'}, 'time_from_start': 90150}]",2,Different Types (Group 2),240.124
sub_04085c73cb87,3,2,hybrid,III = XI + IX,,['III=XII-IX'],240126,False,"[{'answer': 'III=XI-IIX', 'is_correct': False, 'timestamp': {'$numberLong': '1759165461537'}, 'time_from_start': 70496}, {'answer': 'III=XI-VIII', 'is_correct': False, 'timestamp': {'$numberLong': '1759165481157'}, 'time_from_start': 90116}, {'answer': 'III=X-VII', 'is_correct': False, 'timestamp': {'$numberLong': '1759165600340'}, 'time_from_start': 209299}]",3,Different Types (Group 2),240.126
sub_04085c73cb87,4,2,tautological,IX = IX + IX,,['IX=IX=IX'],240140,False,"[{'answer': 'IX=XX-IX', 'is_correct': False, 'timestamp': {'$numberLong': '1759165771621'}, 'time_from_start': 128804}, {'answer': 'XI=IX+II', 'is_correct': False, 'timestamp': {'$numberLong': '1759165882799'}, 'time_from_start': 239982}]",2,Different Types (Group 2),240.14
sub_04085c73cb87,5,2,value-tight-chunk,IV = XI - II,IX=XI-II,"['IX=XI-II', 'IV=VI-II']",211705,True,"[{'answer': 'II=XI-IX', 'is_correct': False, 'timestamp': {'$numberLong': '1759166005501'}, 'time_from_start': 120868}, {'answer': 'II=XI-IX', 'is_correct': False, 'timestamp': {'$numberLong': '1759166026038'}, 'time_from_start': 141405}, {'answer': 'XI-IX=II', 'is_correct': False, 'timestamp': {'$numberLong': '1759166041917'}, 'time_from_start': 157284}, {'answer': 'IX=XI-II', 'is_correct': True, 'timestamp': {'$numberLong': '1759166093276'}, 'time_from_start': 208643}]",4,Different Types (Group 2),211.705
sub_47198434ebe7,1,2,value-loose-chunk,IV = IV - II,IV=VI-II,['IV=VI-II'],165382,True,"[{'answer': 'IV=VI-II', 'is_correct': True, 'timestamp': {'$numberLong': '1759165486234'}, 'time_from_start': 162343}]",1,Different Types (Group 2),165.382
sub_47198434ebe7,2,2,value-tight-chunk,VII = IX + III,XII=IX+III,"['XII=IX+III', 'VII=IV+III']",179530,True,"[{'answer': 'XII=IX+III', 'is_correct': True, 'timestamp': {'$numberLong': '1759165668418'}, 'time_from_start': 176490}]",1,Different Types (Group 2),179.53
sub_47198434ebe7,3,2,hybrid,VII = XII + VI,,['VII=XIII-VI'],240132,False,"[{'answer': 'XII=XII+VI', 'is_correct': False, 'timestamp': {'$numberLong': '1759165899076'}, 'time_from_start': 226085}]",1,Different Types (Group 2),240.132
sub_47198434ebe7,4,2,operator,VII = III - IV,V,['VII-III=IV'],240162,False,"[{'answer': 'VII=XI-IV', 'is_correct': False, 'timestamp': {'$numberLong': '1759165971611'}, 'time_from_start': 54932}, {'answer': 'VII=XI-IV', 'is_correct': False, 'timestamp': {'$numberLong': '1759166029222'}, 'time_from_start': 112543}]",2,Different Types (Group 2),240.162
sub_47198434ebe7,5,2,tautological,IV = IV + IV,,['IV=IV=IV'],240123,False,"[{'answer': 'IV=VI+IV', 'is_correct': False, 'timestamp': {'$numberLong': '1759166277662'}, 'time_from_start': 118979}, {'answer': 'VIII=IV+IV', 'is_correct': False, 'timestamp': {'$numberLong': '1759166383051'}, 'time_from_start': 224368}]",2,Different Types (Group 2),240.123
sub_239ede6562d1,1,2,operator,X = VII - III,X-VII=III,['X-VII=III'],190126,True,"[{'answer': 'IX=VII+II', 'is_correct': False, 'timestamp': {'$numberLong': '1759167008197'}, 'time_from_start': 124610}, {'answer': 'X-VII=III', 'is_correct': True, 'timestamp': {'$numberLong': '1759167070677'}, 'time_from_start': 187090}]",2,Different Types (Group 2),190.126
sub_239ede6562d1,2,2,value-tight-chunk,II = IX - II,II=IV-II,['II=IV-II'],138917,True,"[{'answer': 'II=IV-II', 'is_correct': True, 'timestamp': {'$numberLong': '1759167216152'}, 'time_from_start': 135629}]",1,Different Types (Group 2),138.917
sub_239ede6562d1,3,2,value-loose-chunk,IX = VII + IV,XI=VII+IV,['XI=VII+IV'],45120,True,"[{'answer': 'XI=VII+IV', 'is_correct': True, 'timestamp': {'$numberLong': '1759167265874'}, 'time_from_start': 42092}]",1,Different Types (Group 2),45.12
sub_239ede6562d1,4,2,hybrid,IX = XII + IV,IX=XIII-IV,['IX=XIII-IV'],139235,True,"[{'answer': 'IX=XIII-IV', 'is_correct': True, 'timestamp': {'$numberLong': '1759167406822'}, 'time_from_start': 135991}]",1,Different Types (Group 2),139.235
sub_239ede6562d1,5,2,tautological,VIII = VIII + VIII,,['VIII=VIII=VIII'],241734,False,[],0,Different Types (Group 2),241.734
sub_6f9562b65f45,1,2,operator,XIII = VII - VI,,['XIII-VII=VI'],240142,False,"[{'answer': 'XIII=VII+VI', 'is_correct': False, 'timestamp': {'$numberLong': '1759166958163'}, 'time_from_start': 49867}, {'answer': 'XIII=VII+VI', 'is_correct': False, 'timestamp': {'$numberLong': '1759166985987'}, 'time_from_start': 77691}, {'answer': 'XIII=VI-VII', 'is_correct': False, 'timestamp': {'$numberLong': '1759167045191'}, 'time_from_start': 136895}, {'answer': 'XII=VI+VI', 'is_correct': False, 'timestamp': {'$numberLong': '1759167094853'}, 'time_from_start': 186557}, {'answer': 'VI+VII=XIII', 'is_correct': False, 'timestamp': {'$numberLong': '1759167108812'}, 'time_from_start': 200516}]",5,Different Types (Group 2),240.142
sub_6f9562b65f45,2,2,tautological,IV = IV + IV,IV,['IV=IV=IV'],240179,False,"[{'answer': 'IV=IV+I', 'is_correct': False, 'timestamp': {'$numberLong': '1759167276909'}, 'time_from_start': 125198}, {'answer': 'VI=V+I', 'is_correct': False, 'timestamp': {'$numberLong': '1759167298851'}, 'time_from_start': 147140}]",2,Different Types (Group 2),240.179
sub_6f9562b65f45,3,2,value-tight-chunk,II = IX - II,I,['II=IV-II'],240176,False,[],0,Different Types (Group 2),240.176
sub_6f9562b65f45,4,2,hybrid,IV = VII + IV,,['IV=VIII-IV'],240154,False,"[{'answer': 'VI=II+IV', 'is_correct': False, 'timestamp': {'$numberLong': '1759167747929'}, 'time_from_start': 109081}]",1,Different Types (Group 2),240.154
sub_6f9562b65f45,5,2,value-loose-chunk,IX = VII + IV,XI=VII+IV,['XI=VII+IV'],25288,True,"[{'answer': 'XI=VII+IV', 'is_correct': True, 'timestamp': {'$numberLong': '1759167904490'}, 'time_from_start': 22245}]",1,Different Types (Group 2),25.288
sub_269f3c10e2ec,1,2,value-tight-chunk,IV = XI - II,VI=IX,"['IX=XI-II', 'IV=VI-II']",240173,False,"[{'answer': 'VI=IX-II', 'is_correct': False, 'timestamp': {'$numberLong': '1759167240841'}, 'time_from_start': 226989}]",1,Different Types (Group 2),240.173
sub_269f3c10e2ec,2,2,operator,XIII = VII - VI,XII=,['XIII-VII=VI'],240193,False,"[{'answer': 'XIII=VII-IV', 'is_correct': False, 'timestamp': {'$numberLong': '1759167392755'}, 'time_from_start': 131722}, {'answer': 'XIII=VII+VI', 'is_correct': False, 'timestamp': {'$numberLong': '1759167428646'}, 'time_from_start': 167613}, {'answer': 'XII=VII+IV', 'is_correct': False, 'timestamp': {'$numberLong': '1759167448031'}, 'time_from_start': 186998}, {'answer': 'XII=VII+VI', 'is_correct': False, 'timestamp': {'$numberLong': '1759167464884'}, 'time_from_start': 203851}]",4,Different Types (Group 2),240.193
sub_269f3c10e2ec,3,2,hybrid,IX = XII + IV,,['IX=XIII-IV'],240206,False,"[{'answer': 'XI=XII-IV', 'is_correct': False, 'timestamp': {'$numberLong': '1759167605595'}, 'time_from_start': 102745}, {'answer': 'IX=XII-IV', 'is_correct': False, 'timestamp': {'$numberLong': '1759167650714'}, 'time_from_start': 147864}, {'answer': 'XI=XII+IV', 'is_correct': False, 'timestamp': {'$numberLong': '1759167725925'}, 'time_from_start': 223075}, {'answer': 'XI=XII-VI', 'is_correct': False, 'timestamp': {'$numberLong': '1759167742109'}, 'time_from_start': 239259}]",4,Different Types (Group 2),240.206
sub_269f3c10e2ec,4,2,value-loose-chunk,III = IX - IV,III=,['III=IX-VI'],240239,False,[],0,Different Types (Group 2),240.239
sub_269f3c10e2ec,5,2,tautological,VIII = VIII + VIII,,['VIII=VIII=VIII'],240159,False,"[{'answer': 'VII=VIII+VIII', 'is_correct': False, 'timestamp': {'$numberLong': '1759168070735'}, 'time_from_start': 83759}, {'answer': 'XVI=VII+VII', 'is_correct': False, 'timestamp': {'$numberLong': '1759168102163'}, 'time_from_start': 115187}, {'answer': 'VIII=VIII', 'is_correct': False, 'timestamp': {'$numberLong': '1759168167805'}, 'time_from_start': 180829}, {'answer': 'VIII=VIII-VIII', 'is_correct': False, 'timestamp': {'$numberLong': '1759168212478'}, 'time_from_start': 225502}]",4,Different Types (Group 2),240.159
sub_1fd86ec6bf44,1,2,tautological,XII = XII + XII,XII=XII=XII,['XII=XII=XII'],117747,True,"[{'answer': 'XII=XII=XII', 'is_correct': True, 'timestamp': {'$numberLong': '1759167249516'}, 'time_from_start': 114725}]",1,Different Types (Group 2),117.747
sub_1fd86ec6bf44,2,2,value-tight-chunk,XI = IV + II,VI=IV+II,"['VI=IV+II', 'XI=IX+II']",61245,True,"[{'answer': 'XI=IV+II', 'is_correct': False, 'timestamp': {'$numberLong': '1759167287105'}, 'time_from_start': 32647}, {'answer': 'VI=IV+II', 'is_correct': True, 'timestamp': {'$numberLong': '1759167312678'}, 'time_from_start': 58220}]",2,Different Types (Group 2),61.245
sub_1fd86ec6bf44,3,2,value-loose-chunk,III = IX - IV,III=IX-VI,['III=IX-VI'],99427,True,"[{'answer': 'III=IX-VI', 'is_correct': True, 'timestamp': {'$numberLong': '1759167417234'}, 'time_from_start': 96408}]",1,Different Types (Group 2),99.427
sub_1fd86ec6bf44,4,2,operator,VI = IV - II,,['VI-IV=II'],240121,False,"[{'answer': 'VI=IV+II', 'is_correct': False, 'timestamp': {'$numberLong': '1759167449602'}, 'time_from_start': 27715}, {'answer': 'VI=IV+II', 'is_correct': False, 'timestamp': {'$numberLong': '1759167484026'}, 'time_from_start': 62139}, {'answer': 'VI=IV+II', 'is_correct': False, 'timestamp': {'$numberLong': '1759167586023'}, 'time_from_start': 164136}]",3,Different Types (Group 2),240.121
sub_1fd86ec6bf44,5,2,hybrid,VI = VI + I,VII,['VI=VII-I'],240097,False,"[{'answer': 'VII=VI+I', 'is_correct': False, 'timestamp': {'$numberLong': '1759167695239'}, 'time_from_start': 29382}, {'answer': 'VII=VI+I', 'is_correct': False, 'timestamp': {'$numberLong': '1759167772174'}, 'time_from_start': 106317}, {'answer': 'VI=V+I', 'is_correct': False, 'timestamp': {'$numberLong': '1759167819093'}, 'time_from_start': 153236}, {'answer': 'VI=V+I', 'is_correct': False, 'timestamp': {'$numberLong': '1759167901210'}, 'time_from_start': 235353}]",4,Different Types (Group 2),240.097
sub_c7dc2eb080c3,1,2,value-loose-chunk,VIII = II + IV,VII=III+IV,"['VIII=II+VI', 'VIII=III+V', 'VII=III+IV']",103917,True,"[{'answer': 'VII=II+V', 'is_correct': False, 'timestamp': {'$numberLong': '1759167082435'}, 'time_from_start': 50487}, {'answer': 'VIII=IV+IV', 'is_correct': False, 'timestamp': {'$numberLong': '1759167107300'}, 'time_from_start': 75352}, {'answer': 'VII=III+IV', 'is_correct': True, 'timestamp': {'$numberLong': '1759167132820'}, 'time_from_start': 100872}]",3,Different Types (Group 2),103.917
sub_c7dc2eb080c3,2,2,hybrid,VI = VI + I,VI=VII-I,['VI=VII-I'],117390,True,"[{'answer': 'V=VI-I', 'is_correct': False, 'timestamp': {'$numberLong': '1759167176988'}, 'time_from_start': 38787}, {'answer': 'VII=VI+I', 'is_correct': False, 'timestamp': {'$numberLong': '1759167204107'}, 'time_from_start': 65906}, {'answer': 'VII=VI+I', 'is_correct': False, 'timestamp': {'$numberLong': '1759167230670'}, 'time_from_start': 92469}, {'answer': 'VI=VII-I', 'is_correct': True, 'timestamp': {'$numberLong': '1759167252552'}, 'time_from_start': 114351}]",4,Different Types (Group 2),117.39
sub_c7dc2eb080c3,3,2,operator,XIII = VII - VI,XI,['XIII-VII=VI'],240191,False,"[{'answer': 'XIII=VII+VI', 'is_correct': False, 'timestamp': {'$numberLong': '1759167278124'}, 'time_from_start': 18900}, {'answer': 'VII=VI+VI', 'is_correct': False, 'timestamp': {'$numberLong': '1759167290531'}, 'time_from_start': 31307}, {'answer': 'VII=VII+VI', 'is_correct': False, 'timestamp': {'$numberLong': '1759167305596'}, 'time_from_start': 46372}, {'answer': 'VII=VI+VI', 'is_correct': False, 'timestamp': {'$numberLong': '1759167330476'}, 'time_from_start': 71252}, {'answer': 'XII=VI+VI', 'is_correct': False, 'timestamp': {'$numberLong': '1759167368744'}, 'time_from_start': 109520}, {'answer': 'XII=VII+VI', 'is_correct': False, 'timestamp': {'$numberLong': '1759167394114'}, 'time_from_start': 134890}, {'answer': 'VIII=VI+II', 'is_correct': False, 'timestamp': {'$numberLong': '1759167479466'}, 'time_from_start': 220242}]",7,Different Types (Group 2),240.191
sub_c7dc2eb080c3,4,2,value-tight-chunk,XI = IV + II,XI=IX+II,"['VI=IV+II', 'XI=IX+II']",172413,True,"[{'answer': 'XI=VI+II', 'is_correct': False, 'timestamp': {'$numberLong': '1759167592618'}, 'time_from_start': 90585}, {'answer': 'X=IV+III', 'is_correct': False, 'timestamp': {'$numberLong': '1759167614890'}, 'time_from_start': 112857}, {'answer': 'XI=IX+II', 'is_correct': True, 'timestamp': {'$numberLong': '1759167671353'}, 'time_from_start': 169320}]",3,Different Types (Group 2),172.413
sub_c7dc2eb080c3,5,2,tautological,IX = IX + IX,,['IX=IX=IX'],240193,False,"[{'answer': 'IX=X-I', 'is_correct': False, 'timestamp': {'$numberLong': '1759167736410'}, 'time_from_start': 60441}, {'answer': 'IX=X-I', 'is_correct': False, 'timestamp': {'$numberLong': '1759167799228'}, 'time_from_start': 123259}, {'answer': 'XI=IX+I', 'is_correct': False, 'timestamp': {'$numberLong': '1759167866406'}, 'time_from_start': 190437}, {'answer': 'IX=IX-IX', 'is_correct': False, 'timestamp': {'$numberLong': '1759167879794'}, 'time_from_start': 203825}, {'answer': 'IX=IX-IIX', 'is_correct': False, 'timestamp': {'$numberLong': '1759167907156'}, 'time_from_start': 231187}]",5,Different Types (Group 2),240.193
sub_59b367bae56c,1,2,hybrid,VI = VI + I,VI=VII-I,['VI=VII-I'],118719,True,"[{'answer': 'VI=VII-I', 'is_correct': True, 'timestamp': {'$numberLong': '1759168494506'}, 'time_from_start': 115688}]",1,Different Types (Group 2),118.719
sub_59b367bae56c,2,2,value-loose-chunk,IX = VII + IV,XI=VII+IV,['XI=VII+IV'],70259,True,"[{'answer': 'XI=VII+IV', 'is_correct': True, 'timestamp': {'$numberLong': '1759168567752'}, 'time_from_start': 67239}]",1,Different Types (Group 2),70.259
sub_59b367bae56c,3,2,value-tight-chunk,XI = IV + II,VI=IV+II,"['VI=IV+II', 'XI=IX+II']",42412,True,"[{'answer': 'VI=IV+II', 'is_correct': True, 'timestamp': {'$numberLong': '1759168611020'}, 'time_from_start': 39383}]",1,Different Types (Group 2),42.412
sub_59b367bae56c,4,2,operator,X = VII - III,X=XII,['X-VII=III'],240131,False,[],0,Different Types (Group 2),240.131
sub_59b367bae56c,5,2,tautological,XII = XII + XII,XII=XII=XII,['XII=XII=XII'],22486,True,"[{'answer': 'XII=XII=XII', 'is_correct': True, 'timestamp': {'$numberLong': '1759168876425'}, 'time_from_start': 19464}]",1,Different Types (Group 2),22.486
sub_86d5e32d64ef,1,1,value-tight-chunk,IV = XI - II,IX=XI-II,"['IX=XI-II', 'IV=VI-II']",224253,True,"[{'answer': 'IV=X-VI', 'is_correct': False, 'timestamp': {'$numberLong': '1759169128373'}, 'time_from_start': 168862}, {'answer': 'IX=XI-II', 'is_correct': True, 'timestamp': {'$numberLong': '1759169180736'}, 'time_from_start': 221225}]",2,Same Type (Group 1),224.253
sub_86d5e32d64ef,2,1,value-tight-chunk,XI = IV + II,XI=IX+II,"['VI=IV+II', 'XI=IX+II']",97090,True,"[{'answer': 'XI=IX+II', 'is_correct': True, 'timestamp': {'$numberLong': '1759169345998'}, 'time_from_start': 94064}]",1,Same Type (Group 1),97.09
sub_86d5e32d64ef,3,1,value-tight-chunk,VII = IX + III,XII=IX+III,"['XII=IX+III', 'VII=IV+III']",101503,True,"[{'answer': 'XII=IX+III', 'is_correct': True, 'timestamp': {'$numberLong': '1759169451678'}, 'time_from_start': 98480}]",1,Same Type (Group 1),101.503
sub_86d5e32d64ef,4,1,value-tight-chunk,II = IX - II,,['II=IV-II'],240200,False,"[{'answer': 'III=IX-VI', 'is_correct': False, 'timestamp': {'$numberLong': '1759169536225'}, 'time_from_start': 78113}, {'answer': 'II=X-VIII', 'is_correct': False, 'timestamp': {'$numberLong': '1759169663988'}, 'time_from_start': 205876}, {'answer': 'II=X-VIII', 'is_correct': False, 'timestamp': {'$numberLong': '1759169675087'}, 'time_from_start': 216975}]",3,Same Type (Group 1),240.2
sub_86d5e32d64ef,5,1,value-tight-chunk,III = XI - III,,['III=VI-III'],240111,False,"[{'answer': 'VIII=XI-III', 'is_correct': False, 'timestamp': {'$numberLong': '1759169796880'}, 'time_from_start': 68267}, {'answer': 'III=X-VII', 'is_correct': False, 'timestamp': {'$numberLong': '1759169851597'}, 'time_from_start': 122984}, {'answer': 'III=X-III', 'is_correct': False, 'timestamp': {'$numberLong': '1759169877680'}, 'time_from_start': 149067}]",3,Same Type (Group 1),240.111
sub_3d93746f80a6,1,1,operator,XIII = VII - VI,+,['XIII-VII=VI'],240138,False,[],0,Same Type (Group 1),240.138
sub_3d93746f80a6,2,1,operator,XIII = IX - IV,,['XIII-IX=IV'],240154,False,"[{'answer': 'XIII=IX+IV', 'is_correct': False, 'timestamp': {'$numberLong': '1759169561468'}, 'time_from_start': 146398}]",1,Same Type (Group 1),240.154
sub_3d93746f80a6,3,1,operator,X = VII - III,X=VI+II,['X-VII=III'],240156,False,[],0,Same Type (Group 1),240.156
sub_3d93746f80a6,4,1,operator,VI = IV - II,,['VI-IV=II'],240143,False,"[{'answer': 'VI=IV+II', 'is_correct': False, 'timestamp': {'$numberLong': '1759170026692'}, 'time_from_start': 118408}, {'answer': 'VI=IV+II', 'is_correct': False, 'timestamp': {'$numberLong': '1759170147620'}, 'time_from_start': 239336}]",2,Same Type (Group 1),240.143
sub_3d93746f80a6,5,1,operator,VII = III - IV,VII=,['VII-III=IV'],240130,False,"[{'answer': 'VII=III+VI', 'is_correct': False, 'timestamp': {'$numberLong': '1759170368409'}, 'time_from_start': 215982}]",1,Same Type (Group 1),240.13
sub_60c499e87ab8,1,1,hybrid,VII = XII + VI,,['VII=XIII-VI'],240127,False,"[{'answer': 'VI=XII-VI', 'is_correct': False, 'timestamp': {'$numberLong': '1759169043850'}, 'time_from_start': 180798}, {'answer': 'VII=XII-V', 'is_correct': False, 'timestamp': {'$numberLong': '1759169096584'}, 'time_from_start': 233532}]",2,Same Type (Group 1),240.127
sub_60c499e87ab8,2,1,hybrid,IV = VII + IV,IV=VIII-IV,['IV=VIII-IV'],193274,True,"[{'answer': 'IV=VIII-IV', 'is_correct': True, 'timestamp': {'$numberLong': '1759169297567'}, 'time_from_start': 190248}]",1,Same Type (Group 1),193.274
sub_60c499e87ab8,3,1,hybrid,III = XI + IX,III=XII-IX,['III=XII-IX'],125641,True,"[{'answer': 'III=XIII-X', 'is_correct': False, 'timestamp': {'$numberLong': '1759169350751'}, 'time_from_start': 47400}, {'answer': 'III=XII-IX', 'is_correct': True, 'timestamp': {'$numberLong': '1759169425967'}, 'time_from_start': 122616}]",2,Same Type (Group 1),125.641
sub_60c499e87ab8,4,1,hybrid,IX = XII + IV,IX=XIII-IV,['IX=XIII-IV'],57904,True,"[{'answer': 'IX=XIII-IV', 'is_correct': True, 'timestamp': {'$numberLong': '1759169485736'}, 'time_from_start': 54884}]",1,Same Type (Group 1),57.904
sub_60c499e87ab8,5,1,hybrid,VI = VI + I,VI=VII-I,['VI=VII-I'],40050,True,"[{'answer': 'VI=VII-I', 'is_correct': True, 'timestamp': {'$numberLong': '1759169527584'}, 'time_from_start': 37032}]",1,Same Type (Group 1),40.05
sub_1ca12576b5ff,1,1,value-loose-chunk,III = IX - IV,III=IX-VI,['III=IX-VI'],44145,True,"[{'answer': 'III=IX-VI', 'is_correct': True, 'timestamp': {'$numberLong': '1759171390067'}, 'time_from_start': 41130}]",1,Same Type (Group 1),44.145
sub_1ca12576b5ff,2,1,value-loose-chunk,IV = IV - II,IV=VI-II,['IV=VI-II'],35210,True,"[{'answer': 'IV=VI-II', 'is_correct': True, 'timestamp': {'$numberLong': '1759171427962'}, 'time_from_start': 32194}]",1,Same Type (Group 1),35.21
sub_1ca12576b5ff,3,1,value-loose-chunk,VIII = II + IV,VIII=II+VI,"['VIII=II+VI', 'VIII=III+V', 'VII=III+IV']",31185,True,"[{'answer': 'VIII=II+VI', 'is_correct': True, 'timestamp': {'$numberLong': '1759171460420'}, 'time_from_start': 28170}]",1,Same Type (Group 1),31.185
sub_1ca12576b5ff,4,1,value-loose-chunk,II = XI - VII,II=IX-VII,"['III=X-VII', 'II=IX-VII', 'II=X-VIII']",33096,True,"[{'answer': 'II=IX-VII', 'is_correct': True, 'timestamp': {'$numberLong': '1759171494602'}, 'time_from_start': 30070}]",1,Same Type (Group 1),33.096
sub_1ca12576b5ff,5,1,value-loose-chunk,IX = VII + IV,XI=VII+IV,['XI=VII+IV'],35057,True,"[{'answer': 'XI=VII+IV', 'is_correct': True, 'timestamp': {'$numberLong': '1759171530816'}, 'time_from_start': 32026}]",1,Same Type (Group 1),35.057
sub_a40b19e951cc,1,2,value-tight-chunk,II = IX - II,,['II=IV-II'],240126,False,"[{'answer': 'II-IX=II', 'is_correct': False, 'timestamp': {'$numberLong': '1759171217371'}, 'time_from_start': 169794}]",1,Different Types (Group 2),240.126
sub_a40b19e951cc,2,2,hybrid,IX = XII + IV,,['IX=XIII-IV'],240146,False,"[{'answer': 'IIX=XII-IV', 'is_correct': False, 'timestamp': {'$numberLong': '1759171392375'}, 'time_from_start': 101032}, {'answer': 'IIX=XII-IV', 'is_correct': False, 'timestamp': {'$numberLong': '1759171432621'}, 'time_from_start': 141278}, {'answer': 'IIX=XII-IV', 'is_correct': False, 'timestamp': {'$numberLong': '1759171475343'}, 'time_from_start': 184000}]",3,Different Types (Group 2),240.146
sub_a40b19e951cc,3,2,value-loose-chunk,II = XI - VII,III=X-VII,"['III=X-VII', 'II=IX-VII', 'II=X-VIII']",44546,True,"[{'answer': 'III=X-VII', 'is_correct': True, 'timestamp': {'$numberLong': '1759171575805'}, 'time_from_start': 41518}]",1,Different Types (Group 2),44.546
sub_a40b19e951cc,4,2,tautological,XII = XII + XII,X,['XII=XII=XII'],240128,False,"[{'answer': '-XII=XII-XII', 'is_correct': False, 'timestamp': {'$numberLong': '1759171673955'}, 'time_from_start': 93306}]",1,Different Types (Group 2),240.128
sub_a40b19e951cc,5,2,operator,X = VII - III,X-VII=,['X-VII=III'],240116,False,[],0,Different Types (Group 2),240.116
sub_7b1a31a79a42,1,2,operator,XIII = VII - VI,,['XIII-VII=VI'],244185,False,[],0,Different Types (Group 2),244.185
sub_7b1a31a79a42,2,2,tautological,IV = IV + IV,VI=X,['IV=IV=IV'],240168,False,[],0,Different Types (Group 2),240.168
sub_7b1a31a79a42,3,2,value-tight-chunk,III = XI - III,,['III=VI-III'],240140,False,"[{'answer': 'V+V=X', 'is_correct': False, 'timestamp': {'$numberLong': '1759172146963'}, 'time_from_start': 148047}, {'answer': 'X-V=V', 'is_correct': False, 'timestamp': {'$numberLong': '1759172174754'}, 'time_from_start': 175838}, {'answer': 'X-V=V', 'is_correct': False, 'timestamp': {'$numberLong': '1759172197147'}, 'time_from_start': 198231}, {'answer': 'V+V=X', 'is_correct': False, 'timestamp': {'$numberLong': '1759172207042'}, 'time_from_start': 208126}]",4,Different Types (Group 2),240.14
sub_7b1a31a79a42,4,2,hybrid,VI = VI + I,VI=VII-I,['VI=VII-I'],166201,True,"[{'answer': 'VI=VII-I', 'is_correct': True, 'timestamp': {'$numberLong': '1759172403722'}, 'time_from_start': 163143}]",1,Different Types (Group 2),166.201
sub_7b1a31a79a42,5,2,value-loose-chunk,II = XI - VII,,"['III=X-VII', 'II=IX-VII', 'II=X-VIII']",240167,False,"[{'answer': 'II-XI=VII-', 'is_correct': False, 'timestamp': {'$numberLong': '1759172636865'}, 'time_from_start': 226974}]",1,Different Types (Group 2),240.167
sub_203aa31de036,1,2,operator,XIII = IX - IV,,['XIII-IX=IV'],243863,False,"[{'answer': 'XIII=IX+IV', 'is_correct': False, 'timestamp': {'$numberLong': '1759171941709'}, 'time_from_start': 190726}, {'answer': 'XIII=IX+IV', 'is_correct': False, 'timestamp': {'$numberLong': '1759171987251'}, 'time_from_start': 236268}]",2,Different Types (Group 2),243.863
sub_203aa31de036,2,2,hybrid,IX = XII + IV,,['IX=XIII-IV'],245237,False,"[{'answer': 'IIX=XII-IV', 'is_correct': False, 'timestamp': {'$numberLong': '1759172166931'}, 'time_from_start': 168142}, {'answer': 'IX=V+IV', 'is_correct': False, 'timestamp': {'$numberLong': '1759172233945'}, 'time_from_start': 235156}]",2,Different Types (Group 2),245.237
sub_203aa31de036,3,2,value-loose-chunk,II = XI - VII,II=IX-VII,"['III=X-VII', 'II=IX-VII', 'II=X-VIII']",75507,True,"[{'answer': 'II=IX-VII', 'is_correct': True, 'timestamp': {'$numberLong': '1759172319557'}, 'time_from_start': 72425}]",1,Different Types (Group 2),75.507
sub_203aa31de036,4,2,tautological,XII = XII + XII,,['XII=XII=XII'],245209,False,"[{'answer': 'XII=IV+IV', 'is_correct': False, 'timestamp': {'$numberLong': '1759172439902'}, 'time_from_start': 114623}, {'answer': 'XIII=VI+VI', 'is_correct': False, 'timestamp': {'$numberLong': '1759172455853'}, 'time_from_start': 130574}, {'answer': 'XII=XI+II', 'is_correct': False, 'timestamp': {'$numberLong': '1759172490589'}, 'time_from_start': 165310}, {'answer': 'XII=X+II', 'is_correct': False, 'timestamp': {'$numberLong': '1759172510694'}, 'time_from_start': 185415}, {'answer': 'XII=XIIII-II', 'is_correct': False, 'timestamp': {'$numberLong': '1759172540320'}, 'time_from_start': 215041}, {'answer': 'XII=X+II', 'is_correct': False, 'timestamp': {'$numberLong': '1759172559732'}, 'time_from_start': 234453}]",6,Different Types (Group 2),245.209
sub_203aa31de036,5,2,value-tight-chunk,IV = XI - II,IX=XI-II,"['IX=XI-II', 'IV=VI-II']",234845,True,"[{'answer': 'IV=XI-VII', 'is_correct': False, 'timestamp': {'$numberLong': '1759172685157'}, 'time_from_start': 112158}, {'answer': 'IV=XI-IIV', 'is_correct': False, 'timestamp': {'$numberLong': '1759172726402'}, 'time_from_start': 153403}, {'answer': 'IV=X-IV', 'is_correct': False, 'timestamp': {'$numberLong': '1759172741947'}, 'time_from_start': 168948}, {'answer': 'IV=IX-IIV', 'is_correct': False, 'timestamp': {'$numberLong': '1759172756429'}, 'time_from_start': 183430}, {'answer': 'IV=XII-IIX', 'is_correct': False, 'timestamp': {'$numberLong': '1759172780338'}, 'time_from_start': 207339}, {'answer': 'IX=XI-II', 'is_correct': True, 'timestamp': {'$numberLong': '1759172804723'}, 'time_from_start': 231724}]",6,Different Types (Group 2),234.845
sub_612d041941ce,1,1,value-tight-chunk,VII = IX + III,XII=IX+III,"['XII=IX+III', 'VII=IV+III']",74931,True,"[{'answer': 'XII=IX+III', 'is_correct': True, 'timestamp': {'$numberLong': '1759432049841'}, 'time_from_start': 71829}]",1,Same Type (Group 1),74.931
sub_612d041941ce,2,1,value-tight-chunk,II = IX - II,II=IV-II,['II=IV-II'],45011,True,"[{'answer': 'II=IV-II', 'is_correct': True, 'timestamp': {'$numberLong': '1759432098998'}, 'time_from_start': 41922}]",1,Same Type (Group 1),45.011
sub_612d041941ce,3,1,value-tight-chunk,III = XI - III,III=VI-III,['III=VI-III'],58220,True,"[{'answer': 'III=VI-III', 'is_correct': True, 'timestamp': {'$numberLong': '1759432160349'}, 'time_from_start': 55146}]",1,Same Type (Group 1),58.22
sub_612d041941ce,4,1,value-tight-chunk,IV = XI - II,IX=XI-II,"['IX=XI-II', 'IV=VI-II']",40257,True,"[{'answer': 'IX=XI-II', 'is_correct': True, 'timestamp': {'$numberLong': '1759432202811'}, 'time_from_start': 37161}]",1,Same Type (Group 1),40.257
sub_612d041941ce,5,1,value-tight-chunk,XI = IV + II,VI=IV+II,"['VI=IV+II', 'XI=IX+II']",36050,True,"[{'answer': 'VI=IV+II', 'is_correct': True, 'timestamp': {'$numberLong': '1759432240259'}, 'time_from_start': 32956}]",1,Same Type (Group 1),36.05
sub_f92c6abd9e8a,1,1,value-tight-chunk,II = IX - II,II=XI-II,['II=IV-II'],240181,False,"[{'answer': 'IV-II=II', 'is_correct': False, 'timestamp': {'$numberLong': '1759438872804'}, 'time_from_start': 53185}, {'answer': 'XI-II=II', 'is_correct': False, 'timestamp': {'$numberLong': '1759438897307'}, 'time_from_start': 77688}, {'answer': 'II=XI-II', 'is_correct': False, 'timestamp': {'$numberLong': '1759438912203'}, 'time_from_start': 92584}, {'answer': 'II-II=IX', 'is_correct': False, 'timestamp': {'$numberLong': '1759438954140'}, 'time_from_start': 134521}, {'answer': 'II=X-II', 'is_correct': False, 'timestamp': {'$numberLong': '1759438980851'}, 'time_from_start': 161232}, {'answer': 'II=I-II', 'is_correct': False, 'timestamp': {'$numberLong': '1759439013739'}, 'time_from_start': 194120}, {'answer': 'II=XI-II', 'is_correct': False, 'timestamp': {'$numberLong': '1759439039650'}, 'time_from_start': 220031}, {'answer': 'II=I-II', 'is_correct': False, 'timestamp': {'$numberLong': '1759439051250'}, 'time_from_start': 231631}]",8,Same Type (Group 1),240.181
sub_f92c6abd9e8a,2,1,value-tight-chunk,IV = XI - II,,"['IX=XI-II', 'IV=VI-II']",240189,False,"[{'answer': 'VI=XI-II', 'is_correct': False, 'timestamp': {'$numberLong': '1759439110698'}, 'time_from_start': 46119}, {'answer': 'XI=IV-II', 'is_correct': False, 'timestamp': {'$numberLong': '1759439138082'}, 'time_from_start': 73503}, {'answer': 'VI-II=XI', 'is_correct': False, 'timestamp': {'$numberLong': '1759439171059'}, 'time_from_start': 106480}, {'answer': 'IX=IV-II', 'is_correct': False, 'timestamp': {'$numberLong': '1759439226828'}, 'time_from_start': 162249}]",4,Same Type (Group 1),240.189
sub_f92c6abd9e8a,3,1,value-tight-chunk,VII = IX + III,IVI=IX+II,"['XII=IX+III', 'VII=IV+III']",240166,False,"[{'answer': 'IIV=X-III', 'is_correct': False, 'timestamp': {'$numberLong': '1759439334147'}, 'time_from_start': 26535}, {'answer': 'VII=XI+III', 'is_correct': False, 'timestamp': {'$numberLong': '1759439433019'}, 'time_from_start': 125407}, {'answer': 'IVIIX+III', 'is_correct': False, 'timestamp': {'$numberLong': '1759439454883'}, 'time_from_start': 147271}, {'answer': 'VII=IX+III', 'is_correct': False, 'timestamp': {'$numberLong': '1759439474155'}, 'time_from_start': 166543}, {'answer': 'IIV=IX+III', 'is_correct': False, 'timestamp': {'$numberLong': '1759439509459'}, 'time_from_start': 201847}, {'answer': 'IVI=IX+III', 'is_correct': False, 'timestamp': {'$numberLong': '1759439533714'}, 'time_from_start': 226102}]",6,Same Type (Group 1),240.166
sub_f92c6abd9e8a,4,1,value-tight-chunk,III = XI - III,,['III=VI-III'],240141,False,"[{'answer': 'III=IX-III', 'is_correct': False, 'timestamp': {'$numberLong': '1759439581547'}, 'time_from_start': 32208}, {'answer': 'III=IX-III', 'is_correct': False, 'timestamp': {'$numberLong': '1759439616163'}, 'time_from_start': 66824}, {'answer': 'II=IX-III', 'is_correct': False, 'timestamp': {'$numberLong': '1759439631459'}, 'time_from_start': 82120}, {'answer': 'III=XIIIII', 'is_correct': False, 'timestamp': {'$numberLong': '1759439670062'}, 'time_from_start': 120723}, {'answer': 'III=XI+II', 'is_correct': False, 'timestamp': {'$numberLong': '1759439696027'}, 'time_from_start': 146688}, {'answer': 'III=IX-III', 'is_correct': False, 'timestamp': {'$numberLong': '1759439716763'}, 'time_from_start': 167424}, {'answer': 'III=IX-III', 'is_correct': False, 'timestamp': {'$numberLong': '1759439733323'}, 'time_from_start': 183984}, {'answer': 'III=XI+II', 'is_correct': False, 'timestamp': {'$numberLong': '1759439766595'}, 'time_from_start': 217256}, {'answer': 'III=IX-III', 'is_correct': False, 'timestamp': {'$numberLong': '1759439786395'}, 'time_from_start': 237056}]",9,Same Type (Group 1),240.141
sub_f92c6abd9e8a,5,1,value-tight-chunk,XI = IV + II,XI=IX+II,"['VI=IV+II', 'XI=IX+II']",224974,True,"[{'answer': 'IX=IV+II', 'is_correct': False, 'timestamp': {'$numberLong': '1759439818828'}, 'time_from_start': 26913}, {'answer': 'IX=VI+II', 'is_correct': False, 'timestamp': {'$numberLong': '1759439843491'}, 'time_from_start': 51576}, {'answer': 'IX=IV+II', 'is_correct': False, 'timestamp': {'$numberLong': '1759439891451'}, 'time_from_start': 99536}, {'answer': 'XI=VI+II', 'is_correct': False, 'timestamp': {'$numberLong': '1759439915939'}, 'time_from_start': 124024}, {'answer': '+I=IV+II', 'is_correct': False, 'timestamp': {'$numberLong': '1759439948019'}, 'time_from_start': 156104}, {'answer': 'IX=IV+II', 'is_correct': False, 'timestamp': {'$numberLong': '1759439984915'}, 'time_from_start': 193000}, {'answer': 'XI=VI+II', 'is_correct': False, 'timestamp': {'$numberLong': '1759439994028'}, 'time_from_start': 202113}, {'answer': 'XI=IX+II', 'is_correct': True, 'timestamp': {'$numberLong': '1759440013819'}, 'time_from_start': 221904}]",8,Same Type (Group 1),224.974
sub_5fec732bb147,1,1,value-loose-chunk,VIII = II + IV,VIII=II+VI,"['VIII=II+VI', 'VIII=III+V', 'VII=III+IV']",76338,True,"[{'answer': 'VIII=II+VI', 'is_correct': True, 'timestamp': {'$numberLong': '1759438865122'}, 'time_from_start': 73280}]",1,Same Type (Group 1),76.338
sub_5fec732bb147,2,1,value-loose-chunk,IV = IV - II,IV=VI-II,['IV=VI-II'],85340,True,"[{'answer': 'IV=VI-II', 'is_correct': True, 'timestamp': {'$numberLong': '1759438952390'}, 'time_from_start': 82285}]",1,Same Type (Group 1),85.34
sub_5fec732bb147,3,1,value-loose-chunk,IX = VII + IV,XI=VII+IV,['XI=VII+IV'],28133,True,"[{'answer': 'XI=VII+IV', 'is_correct': True, 'timestamp': {'$numberLong': '1759438981966'}, 'time_from_start': 25095}]",1,Same Type (Group 1),28.133
sub_5fec732bb147,4,1,value-loose-chunk,III = IX - IV,III=IX-VI,['III=IX-VI'],32983,True,"[{'answer': 'III=IX-VI', 'is_correct': True, 'timestamp': {'$numberLong': '1759439016231'}, 'time_from_start': 29938}]",1,Same Type (Group 1),32.983
sub_5fec732bb147,5,1,value-loose-chunk,II = XI - VII,II=IX-VII,"['III=X-VII', 'II=IX-VII', 'II=X-VIII']",25106,True,"[{'answer': 'II=IX-VII', 'is_correct': True, 'timestamp': {'$numberLong': '1759439042651'}, 'time_from_start': 22073}]",1,Same Type (Group 1),25.106
sub_e6330811bfdb,1,1,operator,XIII = VII - VI,XII=,['XIII-VII=VI'],242366,False,"[{'answer': 'XIII=VII+VI', 'is_correct': False, 'timestamp': {'$numberLong': '1759441142636'}, 'time_from_start': 184989}]",1,Same Type (Group 1),242.366
sub_e6330811bfdb,2,1,operator,X = VII - III,X=X,['X-VII=III'],244865,False,"[{'answer': 'X=VII+III', 'is_correct': False, 'timestamp': {'$numberLong': '1759441267549'}, 'time_from_start': 52458}, {'answer': 'X=VII+III', 'is_correct': False, 'timestamp': {'$numberLong': '1759441384769'}, 'time_from_start': 169678}]",2,Same Type (Group 1),244.865
sub_e6330811bfdb,3,1,operator,VI = IV - II,VI=,['VI-IV=II'],243805,False,"[{'answer': 'VI=IV+II', 'is_correct': False, 'timestamp': {'$numberLong': '1759441576425'}, 'time_from_start': 111788}]",1,Same Type (Group 1),243.805
sub_e6330811bfdb,4,1,operator,VII = III - IV,VII=,['VII-III=IV'],243313,False,"[{'answer': '+', 'is_correct': False, 'timestamp': {'$numberLong': '1759441762168'}, 'time_from_start': 49316}]",1,Same Type (Group 1),243.313
sub_e6330811bfdb,5,1,operator,XIII = IX - IV,XIII=IX+,['XIII-IX=IV'],244866,False,[],0,Same Type (Group 1),244.866
sub_b57438af5250,1,2,operator,VI = IV - II,VI-IV=II,['VI-IV=II'],215605,True,"[{'answer': 'VI=IV-II', 'is_correct': False, 'timestamp': {'$numberLong': '1759512757281'}, 'time_from_start': 135346}, {'answer': 'VI-IV=II', 'is_correct': True, 'timestamp': {'$numberLong': '1759512834491'}, 'time_from_start': 212556}]",2,Different Types (Group 2),215.605
sub_b57438af5250,2,2,value-tight-chunk,XI = IV + II,,"['VI=IV+II', 'XI=IX+II']",240146,False,"[{'answer': 'XI=VI+V', 'is_correct': False, 'timestamp': {'$numberLong': '1759513079293'}, 'time_from_start': 230808}]",1,Different Types (Group 2),240.146
sub_b57438af5250,3,2,tautological,VIII = VIII + VIII,VVI,['VIII=VIII=VIII'],240146,False,"[{'answer': 'VIII-VIII+VIII', 'is_correct': False, 'timestamp': {'$numberLong': '1759513249982'}, 'time_from_start': 146105}]",1,Different Types (Group 2),240.146
sub_b57438af5250,4,2,value-loose-chunk,II = XI - VII,II=IX-VII,"['III=X-VII', 'II=IX-VII', 'II=X-VIII']",33258,True,"[{'answer': 'II=IX-VII', 'is_correct': True, 'timestamp': {'$numberLong': '1759513376263'}, 'time_from_start': 30224}]",1,Different Types (Group 2),33.258
sub_b57438af5250,5,2,hybrid,III = XI + IX,III=X,['III=XII-IX'],240155,False,"[{'answer': 'II=XII+IX', 'is_correct': False, 'timestamp': {'$numberLong': '1759513434228'}, 'time_from_start': 52741}, {'answer': 'XIII=XI+I', 'is_correct': False, 'timestamp': {'$numberLong': '1759513526678'}, 'time_from_start': 145191}, {'answer': 'II=XII-IX', 'is_correct': False, 'timestamp': {'$numberLong': '1759513585106'}, 'time_from_start': 203619}]",3,Different Types (Group 2),240.155
sub_2669635ac136,1,2,value-tight-chunk,VII = IX + III,XII=IX+III,"['XII=IX+III', 'VII=IV+III']",200275,True,"[{'answer': 'X=IX+III', 'is_correct': False, 'timestamp': {'$numberLong': '1759515939746'}, 'time_from_start': 182079}, {'answer': 'XII=IX+III', 'is_correct': True, 'timestamp': {'$numberLong': '1759515954906'}, 'time_from_start': 197239}]",2,Different Types (Group 2),200.275
sub_2669635ac136,2,2,value-loose-chunk,III = IX - IV,III=IX-VI,['III=IX-VI'],70573,True,"[{'answer': 'III=IX-VI', 'is_correct': True, 'timestamp': {'$numberLong': '1759516029866'}, 'time_from_start': 67552}]",1,Different Types (Group 2),70.573
sub_2669635ac136,3,2,tautological,VIII = VIII + VIII,,['VIII=VIII=VIII'],240130,False,[],0,Different Types (Group 2),240.13
sub_2669635ac136,4,2,hybrid,IX = XII + IV,IX=XIII-IV,['IX=XIII-IV'],67636,True,"[{'answer': 'IX=XIII-IV', 'is_correct': True, 'timestamp': {'$numberLong': '1759516343312'}, 'time_from_start': 64599}]",1,Different Types (Group 2),67.636
sub_2669635ac136,5,2,operator,XIII = IX - IV,,['XIII-IX=IV'],240125,False,[],0,Different Types (Group 2),240.125
sub_c825be9c6344,1,2,tautological,IV = IV + IV,,['IV=IV=IV'],240123,False,[],0,Different Types (Group 2),240.123
sub_c825be9c6344,2,2,operator,VII = III - IV,VII-III=IV,['VII-III=IV'],110715,True,"[{'answer': 'VII-III=IV', 'is_correct': True, 'timestamp': {'$numberLong': '1759519195935'}, 'time_from_start': 107696}]",1,Different Types (Group 2),110.715
sub_c825be9c6344,3,2,value-loose-chunk,IV = IV - II,IV=VI-II,['IV=VI-II'],50146,True,"[{'answer': 'IV=VI-II', 'is_correct': True, 'timestamp': {'$numberLong': '1759519247564'}, 'time_from_start': 47118}]",1,Different Types (Group 2),50.146
sub_c825be9c6344,4,2,value-tight-chunk,II = IX - II,II=IV-II,['II=IV-II'],38447,True,"[{'answer': 'II=IV-II', 'is_correct': True, 'timestamp': {'$numberLong': '1759519288061'}, 'time_from_start': 35427}]",1,Different Types (Group 2),38.447
sub_c825be9c6344,5,2,hybrid,IX = XII + IV,,['IX=XIII-IV'],240122,False,"[{'answer': 'IIX=XII-IV', 'is_correct': False, 'timestamp': {'$numberLong': '1759519340822'}, 'time_from_start': 47953}, {'answer': 'IIX=XII-IV', 'is_correct': False, 'timestamp': {'$numberLong': '1759519352052'}, 'time_from_start': 59183}, {'answer': 'IIX=XII-IV', 'is_correct': False, 'timestamp': {'$numberLong': '1759519397710'}, 'time_from_start': 104841}, {'answer': 'IX=XII+IIV', 'is_correct': False, 'timestamp': {'$numberLong': '1759519529423'}, 'time_from_start': 236554}]",4,Different Types (Group 2),240.122
sub_b1253f2df8d5,1,1,hybrid,IX = XII + IV,IX=XIII-IV,['IX=XIII-IV'],90049,True,"[{'answer': 'IX=XIII-IV', 'is_correct': True, 'timestamp': {'$numberLong': '1759520212779'}, 'time_from_start': 87011}]",1,Same Type (Group 1),90.049
sub_b1253f2df8d5,2,1,hybrid,III = XI + IX,III=XII-IX,['III=XII-IX'],40350,True,"[{'answer': 'III=XII-IX', 'is_correct': True, 'timestamp': {'$numberLong': '1759520256019'}, 'time_from_start': 37307}]",1,Same Type (Group 1),40.35
sub_b1253f2df8d5,3,1,hybrid,VI = VI + I,VI=VII-I,['VI=VII-I'],29397,True,"[{'answer': 'VI=VII-I', 'is_correct': True, 'timestamp': {'$numberLong': '1759520287285'}, 'time_from_start': 26356}]",1,Same Type (Group 1),29.397
sub_b1253f2df8d5,4,1,hybrid,VII = XII + VI,VII=XIII-VI,['VII=XIII-VI'],50580,True,"[{'answer': 'VII=XIII-VI', 'is_correct': True, 'timestamp': {'$numberLong': '1759520339867'}, 'time_from_start': 47545}]",1,Same Type (Group 1),50.58
sub_b1253f2df8d5,5,1,hybrid,IV = VII + IV,IV=VIII-IV,['IV=VIII-IV'],25232,True,"[{'answer': 'IV=VIII-IV', 'is_correct': True, 'timestamp': {'$numberLong': '1759520366127'}, 'time_from_start': 22192}]",1,Same Type (Group 1),25.232
sub_7db0eb5bbaa4,1,2,tautological,VIII = VIII + VIII,,['VIII=VIII=VIII'],240190,False,[],0,Different Types (Group 2),240.19
sub_7db0eb5bbaa4,2,2,hybrid,VII = XII + VI,VII=XIII-VI,['VII=XIII-VI'],97865,True,"[{'answer': 'VII=XIII-VI', 'is_correct': True, 'timestamp': {'$numberLong': '1759771236223'}, 'time_from_start': 94814}]",1,Different Types (Group 2),97.865
sub_7db0eb5bbaa4,3,2,operator,XIII = VII - VI,XIII-VII=VI,['XIII-VII=VI'],110921,True,"[{'answer': 'XIII-VII=VI', 'is_correct': True, 'timestamp': {'$numberLong': '1759771351498'}, 'time_from_start': 107874}]",1,Different Types (Group 2),110.921
sub_7db0eb5bbaa4,4,2,value-tight-chunk,VII = IX + III,VII=IXI,"['XII=IX+III', 'VII=IV+III']",240173,False,[],0,Different Types (Group 2),240.173
sub_7db0eb5bbaa4,5,2,value-loose-chunk,IV = IV - II,IIV-IV,['IV=VI-II'],241182,False,"[{'answer': 'IIV=V-II', 'is_correct': False, 'timestamp': {'$numberLong': '1759771638729'}, 'time_from_start': 37219}, {'answer': 'V=IIV+II', 'is_correct': False, 'timestamp': {'$numberLong': '1759771776887'}, 'time_from_start': 175377}]",2,Different Types (Group 2),241.182
sub_fee3a357342f,1,1,value-tight-chunk,XI = IV + II,,"['VI=IV+II', 'XI=IX+II']",243408,False,[],0,Same Type (Group 1),243.408
sub_fee3a357342f,2,1,value-tight-chunk,VII = IX + III,VII=IV+III,"['XII=IX+III', 'VII=IV+III']",50049,True,"[{'answer': 'VII=IV+III', 'is_correct': True, 'timestamp': {'$numberLong': '1759776482713'}, 'time_from_start': 47024}]",1,Same Type (Group 1),50.049
sub_fee3a357342f,3,1,value-tight-chunk,II = IX - II,II=IV-II,['II=IV-II'],27586,True,"[{'answer': 'II=IV-II', 'is_correct': True, 'timestamp': {'$numberLong': '1759776517522'}, 'time_from_start': 24369}]",1,Same Type (Group 1),27.586
sub_fee3a357342f,4,1,value-tight-chunk,III = XI - III,III=VI-III,['III=VI-III'],28998,True,"[{'answer': 'III=VI-III', 'is_correct': True, 'timestamp': {'$numberLong': '1759776549088'}, 'time_from_start': 25735}]",1,Same Type (Group 1),28.998
sub_fee3a357342f,5,1,value-tight-chunk,IV = XI - II,IV=VI-II,"['IX=XI-II', 'IV=VI-II']",24033,True,"[{'answer': 'IV=VI-II', 'is_correct': True, 'timestamp': {'$numberLong': '1759776574905'}, 'time_from_start': 20783}]",1,Same Type (Group 1),24.033
sub_07f6be2aa134,1,2,value-loose-chunk,VIII = II + IV,VIII=III+V,"['VIII=II+VI', 'VIII=III+V', 'VII=III+IV']",58088,True,"[{'answer': 'VIII=III+V', 'is_correct': True, 'timestamp': {'$numberLong': '1759183551285'}, 'time_from_start': 55058}]",1,Different Types (Group 2),58.088
sub_07f6be2aa134,2,2,hybrid,IV = VII + IV,,['IV=VIII-IV'],240178,False,[],0,Different Types (Group 2),240.178
sub_07f6be2aa134,3,2,operator,X = VII - III,X-VII=III,['X-VII=III'],72518,True,"[{'answer': 'X-VII=III', 'is_correct': True, 'timestamp': {'$numberLong': '1759183867622'}, 'time_from_start': 69485}]",1,Different Types (Group 2),72.518
sub_07f6be2aa134,4,2,tautological,XII = XII + XII,,['XII=XII=XII'],240178,False,[],0,Different Types (Group 2),240.178
sub_07f6be2aa134,5,2,value-tight-chunk,III = XI - III,III=VI-III,['III=VI-III'],61832,True,"[{'answer': 'III=VI-III', 'is_correct': True, 'timestamp': {'$numberLong': '1759184172741'}, 'time_from_start': 58792}]",1,Different Types (Group 2),61.832
sub_d333fc109d39,1,2,operator,X = VII - III,,['X-VII=III'],240114,False,"[{'answer': 'X=XII-III', 'is_correct': False, 'timestamp': {'$numberLong': '1759182879191'}, 'time_from_start': 152980}, {'answer': 'X=VIII+II', 'is_correct': False, 'timestamp': {'$numberLong': '1759182918981'}, 'time_from_start': 192770}, {'answer': 'X=VI+II', 'is_correct': False, 'timestamp': {'$numberLong': '1759182966008'}, 'time_from_start': 239797}]",3,Different Types (Group 2),240.114
sub_d333fc109d39,2,2,tautological,III = III + III,,['III=III=III'],240128,False,"[{'answer': 'VI=III+III', 'is_correct': False, 'timestamp': {'$numberLong': '1759183151212'}, 'time_from_start': 177552}]",1,Different Types (Group 2),240.128
sub_d333fc109d39,3,2,hybrid,III = XI + IX,III=XII-IX,['III=XII-IX'],48779,True,"[{'answer': 'III=XII-IX', 'is_correct': True, 'timestamp': {'$numberLong': '1759183267923'}, 'time_from_start': 45768}]",1,Different Types (Group 2),48.779
sub_d333fc109d39,4,2,value-loose-chunk,IV = IV - II,IV=VI-II,['IV=VI-II'],80637,True,"[{'answer': 'III=IV-II', 'is_correct': False, 'timestamp': {'$numberLong': '1759183310481'}, 'time_from_start': 37128}, {'answer': 'IV=VI-II', 'is_correct': True, 'timestamp': {'$numberLong': '1759183350954'}, 'time_from_start': 77601}]",2,Different Types (Group 2),80.637
sub_d333fc109d39,5,2,value-tight-chunk,XI = IV + II,,"['VI=IV+II', 'XI=IX+II']",240132,False,"[{'answer': 'XI=IV+V', 'is_correct': False, 'timestamp': {'$numberLong': '1759183421020'}, 'time_from_start': 65259}, {'answer': 'XI=VI+V', 'is_correct': False, 'timestamp': {'$numberLong': '1759183500170'}, 'time_from_start': 144409}, {'answer': 'X=IV+VI', 'is_correct': False, 'timestamp': {'$numberLong': '1759183588973'}, 'time_from_start': 233212}]",3,Different Types (Group 2),240.132
sub_eb76a1267103,1,2,operator,X = VII - III,,['X-VII=III'],240110,False,"[{'answer': 'X=VII+III', 'is_correct': False, 'timestamp': {'$numberLong': '1759183201504'}, 'time_from_start': 181139}]",1,Different Types (Group 2),240.11
sub_eb76a1267103,2,2,value-tight-chunk,IV = XI - II,IX=XI-II,"['IX=XI-II', 'IV=VI-II']",90633,True,"[{'answer': 'IX=XI-II', 'is_correct': True, 'timestamp': {'$numberLong': '1759183350196'}, 'time_from_start': 87621}]",1,Different Types (Group 2),90.633
sub_eb76a1267103,3,2,value-loose-chunk,IV = IV - II,IV=VI-II,['IV=VI-II'],47426,True,"[{'answer': 'IV=VI-II', 'is_correct': True, 'timestamp': {'$numberLong': '1759183398938'}, 'time_from_start': 44406}]",1,Different Types (Group 2),47.426
sub_eb76a1267103,4,2,tautological,XII = XII + XII,,['XII=XII=XII'],240117,False,[],0,Different Types (Group 2),240.117
sub_eb76a1267103,5,2,hybrid,VII = XII + VI,VII=XIII-VI,['VII=XIII-VI'],35259,True,"[{'answer': 'VII=XIII-VI', 'is_correct': True, 'timestamp': {'$numberLong': '1759183677351'}, 'time_from_start': 32252}]",1,Different Types (Group 2),35.259
sub_9a3868181699,1,2,hybrid,VII = XII + VI,VI=IX=,['VII=XIII-VI'],240149,False,"[{'answer': '=', 'is_correct': False, 'timestamp': {'$numberLong': '1759183793116'}, 'time_from_start': 56654}, {'answer': '=IX', 'is_correct': False, 'timestamp': {'$numberLong': '1759183821526'}, 'time_from_start': 85064}, {'answer': 'IX=IX=IX', 'is_correct': False, 'timestamp': {'$numberLong': '1759183851289'}, 'time_from_start': 114827}, {'answer': 'IX=IX=IX=', 'is_correct': False, 'timestamp': {'$numberLong': '1759183871371'}, 'time_from_start': 134909}, {'answer': 'IX=IX', 'is_correct': False, 'timestamp': {'$numberLong': '1759183875875'}, 'time_from_start': 139413}, {'answer': 'IX', 'is_correct': False, 'timestamp': {'$numberLong': '1759183901404'}, 'time_from_start': 164942}, {'answer': 'XI', 'is_correct': False, 'timestamp': {'$numberLong': '1759183906603'}, 'time_from_start': 170141}, {'answer': '=IX', 'is_correct': False, 'timestamp': {'$numberLong': '1759183935096'}, 'time_from_start': 198634}, {'answer': 'XI=IX=IX', 'is_correct': False, 'timestamp': {'$numberLong': '1759183944530'}, 'time_from_start': 208068}, {'answer': 'VI=IX=IX', 'is_correct': False, 'timestamp': {'$numberLong': '1759183969541'}, 'time_from_start': 233079}]",10,Different Types (Group 2),240.149
sub_9a3868181699,2,2,value-loose-chunk,IV = IV - II,IV=VI-II,['IV=VI-II'],220830,True,"[{'answer': 'VI=IV+II', 'is_correct': False, 'timestamp': {'$numberLong': '1759184054640'}, 'time_from_start': 69104}, {'answer': 'VI=IV+II', 'is_correct': False, 'timestamp': {'$numberLong': '1759184070360'}, 'time_from_start': 84824}, {'answer': 'VI=IV+II', 'is_correct': False, 'timestamp': {'$numberLong': '1759184151814'}, 'time_from_start': 166278}, {'answer': 'IV-II=VI', 'is_correct': False, 'timestamp': {'$numberLong': '1759184168288'}, 'time_from_start': 182752}, {'answer': 'IV=VI-II', 'is_correct': True, 'timestamp': {'$numberLong': '1759184203322'}, 'time_from_start': 217786}]",5,Different Types (Group 2),220.83
sub_9a3868181699,3,2,value-tight-chunk,XI = IV + II,VI=IV+II,"['VI=IV+II', 'XI=IX+II']",131093,True,"[{'answer': 'VI=IV+II', 'is_correct': True, 'timestamp': {'$numberLong': '1759184341273'}, 'time_from_start': 128046}]",1,Different Types (Group 2),131.093
sub_9a3868181699,4,2,tautological,VIII = VIII + VIII,VI=VII,['VIII=VIII=VIII'],240133,False,"[{'answer': 'VIII=VII+I', 'is_correct': False, 'timestamp': {'$numberLong': '1759184494689'}, 'time_from_start': 148168}, {'answer': 'VIII=VIII+I', 'is_correct': False, 'timestamp': {'$numberLong': '1759184524088'}, 'time_from_start': 177567}]",2,Different Types (Group 2),240.133
sub_9a3868181699,5,2,operator,X = VII - III,,['X-VII=III'],240155,False,"[{'answer': 'V=VII-II', 'is_correct': False, 'timestamp': {'$numberLong': '1759184659838'}, 'time_from_start': 70843}, {'answer': 'VI=VII-I', 'is_correct': False, 'timestamp': {'$numberLong': '1759184728818'}, 'time_from_start': 139823}, {'answer': 'XIV', 'is_correct': False, 'timestamp': {'$numberLong': '1759184825335'}, 'time_from_start': 236340}]",3,Different Types (Group 2),240.155
sub_e45a90050792,1,2,operator,X = VII - III,X-VII=III,['X-VII=III'],189994,True,"[{'answer': 'X-VII=III', 'is_correct': True, 'timestamp': {'$numberLong': '1759183695492'}, 'time_from_start': 186957}]",1,Different Types (Group 2),189.994
sub_e45a90050792,2,2,value-tight-chunk,IV = XI - II,,"['IX=XI-II', 'IV=VI-II']",240125,False,[],0,Different Types (Group 2),240.125
sub_e45a90050792,3,2,value-loose-chunk,III = IX - IV,,['III=IX-VI'],240118,False,"[{'answer': 'III=X-IVI', 'is_correct': False, 'timestamp': {'$numberLong': '1759184050745'}, 'time_from_start': 108453}]",1,Different Types (Group 2),240.118
sub_e45a90050792,4,2,tautological,III = III + III,III=III=III,['III=III=III'],20320,True,"[{'answer': 'III=III=III', 'is_correct': True, 'timestamp': {'$numberLong': '1759184201168'}, 'time_from_start': 17288}]",1,Different Types (Group 2),20.32
sub_e45a90050792,5,2,hybrid,IV = VII + IV,,['IV=VIII-IV'],240123,False,"[{'answer': 'IIV=VII+IV', 'is_correct': False, 'timestamp': {'$numberLong': '1759184396700'}, 'time_from_start': 190824}]",1,Different Types (Group 2),240.123
sub_c481b0864ebf,1,2,tautological,IV = IV + IV,IV=IV,['IV=IV=IV'],240114,False,[],0,Different Types (Group 2),240.114
sub_c481b0864ebf,2,2,hybrid,IV = VII + IV,,['IV=VIII-IV'],240115,False,"[{'answer': 'XI=VII+IV', 'is_correct': False, 'timestamp': {'$numberLong': '1759184919960'}, 'time_from_start': 146360}, {'answer': 'IV=VII-IV', 'is_correct': False, 'timestamp': {'$numberLong': '1759184985667'}, 'time_from_start': 212067}]",2,Different Types (Group 2),240.115
sub_c481b0864ebf,3,2,value-tight-chunk,II = IX - II,II=IV-II,['II=IV-II'],227742,True,"[{'answer': 'V=IX-II', 'is_correct': False, 'timestamp': {'$numberLong': '1759185057754'}, 'time_from_start': 42328}, {'answer': 'II=IX-IIV', 'is_correct': False, 'timestamp': {'$numberLong': '1759185114691'}, 'time_from_start': 99265}, {'answer': 'II=IV-II', 'is_correct': True, 'timestamp': {'$numberLong': '1759185240150'}, 'time_from_start': 224724}]",3,Different Types (Group 2),227.742
sub_c481b0864ebf,4,2,operator,VI = IV - II,,['VI-IV=II'],240116,False,"[{'answer': 'IV=IV+II', 'is_correct': False, 'timestamp': {'$numberLong': '1759185312347'}, 'time_from_start': 63598}, {'answer': 'VI=VII-I', 'is_correct': False, 'timestamp': {'$numberLong': '1759185473635'}, 'time_from_start': 224886}]",2,Different Types (Group 2),240.116
sub_c481b0864ebf,5,2,value-loose-chunk,II = XI - VII,II=IX-VII,"['III=X-VII', 'II=IX-VII', 'II=X-VIII']",37570,True,"[{'answer': 'II=IX-VII', 'is_correct': True, 'timestamp': {'$numberLong': '1759185529868'}, 'time_from_start': 34554}]",1,Different Types (Group 2),37.57
sub_a99f3e5979de,1,2,value-loose-chunk,II = XI - VII,II=X-VIII,"['III=X-VII', 'II=IX-VII', 'II=X-VIII']",165435,True,"[{'answer': 'II=X-VIII', 'is_correct': True, 'timestamp': {'$numberLong': '1759185537218'}, 'time_from_start': 162398}]",1,Different Types (Group 2),165.435
sub_a99f3e5979de,2,2,hybrid,VI = VI + I,VI=VI-II,['VI=VII-I'],240123,False,[],0,Different Types (Group 2),240.123
sub_a99f3e5979de,3,2,operator,VI = IV - II,V=V-+,['VI-IV=II'],240111,False,"[{'answer': 'II=IV-II', 'is_correct': False, 'timestamp': {'$numberLong': '1759185912964'}, 'time_from_start': 120131}, {'answer': 'VI=IV+I', 'is_correct': False, 'timestamp': {'$numberLong': '1759185939636'}, 'time_from_start': 146803}, {'answer': 'II=IV-II', 'is_correct': False, 'timestamp': {'$numberLong': '1759186007524'}, 'time_from_start': 214691}]",3,Different Types (Group 2),240.111
sub_a99f3e5979de,4,2,value-tight-chunk,III = XI - III,III=VI-III,['III=VI-III'],73223,True,"[{'answer': 'III=VI-III', 'is_correct': True, 'timestamp': {'$numberLong': '1759186106295'}, 'time_from_start': 70196}]",1,Different Types (Group 2),73.223
sub_a99f3e5979de,5,2,tautological,III = III + III,III=III=III,['III=III=III'],120829,True,"[{'answer': 'VI=III+III', 'is_correct': False, 'timestamp': {'$numberLong': '1759186153644'}, 'time_from_start': 42792}, {'answer': 'VI=III+III', 'is_correct': False, 'timestamp': {'$numberLong': '1759186180638'}, 'time_from_start': 69786}, {'answer': 'III=III=III', 'is_correct': True, 'timestamp': {'$numberLong': '1759186228663'}, 'time_from_start': 117811}]",3,Different Types (Group 2),120.829
sub_fb51b65a2596,1,2,value-tight-chunk,XI = IV + II,VI=IV+II,"['VI=IV+II', 'XI=IX+II']",56169,True,"[{'answer': 'VI=IV+II', 'is_correct': True, 'timestamp': {'$numberLong': '1759185246446'}, 'time_from_start': 53152}]",1,Different Types (Group 2),56.169
sub_fb51b65a2596,2,2,value-loose-chunk,IX = VII + IV,XI=VII+IV,['XI=VII+IV'],40124,True,"[{'answer': 'XI=VII+IV', 'is_correct': True, 'timestamp': {'$numberLong': '1759185294268'}, 'time_from_start': 37114}]",1,Different Types (Group 2),40.124
sub_fb51b65a2596,3,2,tautological,VIII = VIII + VIII,,['VIII=VIII=VIII'],240125,False,"[{'answer': 'XIII=VII+VIII', 'is_correct': False, 'timestamp': {'$numberLong': '1759185434990'}, 'time_from_start': 135621}, {'answer': 'XVI=VIII+VIII', 'is_correct': False, 'timestamp': {'$numberLong': '1759185484106'}, 'time_from_start': 184737}, {'answer': 'XVI=VIII+VIII', 'is_correct': False, 'timestamp': {'$numberLong': '1759185535446'}, 'time_from_start': 236077}]",3,Different Types (Group 2),240.125
sub_fb51b65a2596,4,2,hybrid,IV = VII + IV,IV=VIII-IV,['IV=VIII-IV'],124103,True,"[{'answer': 'IX=VII+II', 'is_correct': False, 'timestamp': {'$numberLong': '1759185627586'}, 'time_from_start': 85056}, {'answer': 'IV=VIII-IV', 'is_correct': True, 'timestamp': {'$numberLong': '1759185663589'}, 'time_from_start': 121059}]",2,Different Types (Group 2),124.103
sub_fb51b65a2596,5,2,operator,VII = III - IV,VII-III=IV,['VII-III=IV'],85009,True,"[{'answer': 'VII-III=IV', 'is_correct': True, 'timestamp': {'$numberLong': '1759185759413'}, 'time_from_start': 81982}]",1,Different Types (Group 2),85.009
sub_5b68cea8b576,1,2,hybrid,III = XI + IX,,['III=XII-IX'],240191,False,"[{'answer': 'III=X-IIX', 'is_correct': False, 'timestamp': {'$numberLong': '1759186064051'}, 'time_from_start': 127395}, {'answer': 'II=XI-IX', 'is_correct': False, 'timestamp': {'$numberLong': '1759186099878'}, 'time_from_start': 163222}]",2,Different Types (Group 2),240.191
sub_5b68cea8b576,2,2,value-loose-chunk,VIII = II + IV,VII=III+IV,"['VIII=II+VI', 'VIII=III+V', 'VII=III+IV']",57038,True,"[{'answer': 'VII=III+IV', 'is_correct': True, 'timestamp': {'$numberLong': '1759186239164'}, 'time_from_start': 54006}]",1,Different Types (Group 2),57.038
sub_5b68cea8b576,3,2,operator,VII = III - IV,VI=III-,['VII-III=IV'],240170,False,"[{'answer': 'VII=III+IV', 'is_correct': False, 'timestamp': {'$numberLong': '1759186272752'}, 'time_from_start': 27543}]",1,Different Types (Group 2),240.17
sub_5b68cea8b576,4,2,value-tight-chunk,II = IX - II,II=IX+I,['II=IV-II'],240164,False,"[{'answer': 'II=X-III', 'is_correct': False, 'timestamp': {'$numberLong': '1759186562816'}, 'time_from_start': 74818}, {'answer': 'II+IX-II', 'is_correct': False, 'timestamp': {'$numberLong': '1759186690358'}, 'time_from_start': 202360}]",2,Different Types (Group 2),240.164
sub_5b68cea8b576,5,2,tautological,VIII = VIII + VIII,,['VIII=VIII=VIII'],240173,False,[],0,Different Types (Group 2),240.173
sub_9064e70ac7ce,1,2,tautological,VIII = VIII + VIII,,['VIII=VIII=VIII'],240165,False,[],0,Different Types (Group 2),240.165
sub_9064e70ac7ce,2,2,value-tight-chunk,II = IX - II,II=IV-II,['II=IV-II'],171572,True,"[{'answer': 'II=IV-II', 'is_correct': True, 'timestamp': {'$numberLong': '1759187179465'}, 'time_from_start': 168518}]",1,Different Types (Group 2),171.572
sub_9064e70ac7ce,3,2,hybrid,IV = VII + IV,IV=VIII-IV,['IV=VIII-IV'],198207,True,"[{'answer': 'IIV=VII-IV', 'is_correct': False, 'timestamp': {'$numberLong': '1759187375053'}, 'time_from_start': 75572}, {'answer': 'IV=VIII-IV', 'is_correct': True, 'timestamp': {'$numberLong': '1759187494637'}, 'time_from_start': 195156}]",2,Different Types (Group 2),198.207
sub_9064e70ac7ce,4,2,value-loose-chunk,IX = VII + IV,XI=VII+IV,['XI=VII+IV'],162929,True,"[{'answer': 'XI=VII+IV', 'is_correct': True, 'timestamp': {'$numberLong': '1759187659130'}, 'time_from_start': 159883}]",1,Different Types (Group 2),162.929
sub_9064e70ac7ce,5,2,operator,VII = III - IV,,['VII-III=IV'],240156,False,"[{'answer': 'VI=III+IV', 'is_correct': False, 'timestamp': {'$numberLong': '1759187889288'}, 'time_from_start': 225895}]",1,Different Types (Group 2),240.156
sub_4a3776b17704,1,2,operator,VII = III - IV,VII-III=IV,['VII-III=IV'],223938,True,"[{'answer': 'VII=III+IV', 'is_correct': False, 'timestamp': {'$numberLong': '1759187231108'}, 'time_from_start': 82273}, {'answer': 'VII-III=IV', 'is_correct': True, 'timestamp': {'$numberLong': '1759187369737'}, 'time_from_start': 220902}]",2,Different Types (Group 2),223.938
sub_4a3776b17704,2,2,value-tight-chunk,VII = IX + III,,"['XII=IX+III', 'VII=IV+III']",240127,False,[],0,Different Types (Group 2),240.127
sub_4a3776b17704,3,2,tautological,III = III + III,III,['III=III=III'],240120,False,[],0,Different Types (Group 2),240.12
sub_4a3776b17704,4,2,hybrid,III = XI + IX,III=XII-IX,['III=XII-IX'],85500,True,"[{'answer': 'III=XII-IX', 'is_correct': True, 'timestamp': {'$numberLong': '1759187944378'}, 'time_from_start': 82471}]",1,Different Types (Group 2),85.5
sub_4a3776b17704,5,2,value-loose-chunk,IV = IV - II,,['IV=VI-II'],240121,False,[],0,Different Types (Group 2),240.121
sub_87fc689861cd,1,2,hybrid,III = XI + IX,,['III=XII-IX'],240194,False,"[{'answer': 'X', 'is_correct': False, 'timestamp': {'$numberLong': '1759187474603'}, 'time_from_start': 158683}, {'answer': 'V', 'is_correct': False, 'timestamp': {'$numberLong': '1759187488221'}, 'time_from_start': 172301}, {'answer': 'I', 'is_correct': False, 'timestamp': {'$numberLong': '1759187498740'}, 'time_from_start': 182820}, {'answer': '-', 'is_correct': False, 'timestamp': {'$numberLong': '1759187506438'}, 'time_from_start': 190518}, {'answer': '+', 'is_correct': False, 'timestamp': {'$numberLong': '1759187515688'}, 'time_from_start': 199768}, {'answer': '=', 'is_correct': False, 'timestamp': {'$numberLong': '1759187520982'}, 'time_from_start': 205062}, {'answer': 'XV', 'is_correct': False, 'timestamp': {'$numberLong': '1759187529996'}, 'time_from_start': 214076}, {'answer': 'VX', 'is_correct': False, 'timestamp': {'$numberLong': '1759187536774'}, 'time_from_start': 220854}, {'answer': 'VI', 'is_correct': False, 'timestamp': {'$numberLong': '1759187546039'}, 'time_from_start': 230119}]",9,Different Types (Group 2),240.194
sub_87fc689861cd,2,2,value-tight-chunk,XI = IV + II,VI=IV+II,"['VI=IV+II', 'XI=IX+II']",120975,True,"[{'answer': 'X+I=XI', 'is_correct': False, 'timestamp': {'$numberLong': '1759187609942'}, 'time_from_start': 45492}, {'answer': 'XI=X+I', 'is_correct': False, 'timestamp': {'$numberLong': '1759187633906'}, 'time_from_start': 69456}, {'answer': 'VI=IV+II', 'is_correct': True, 'timestamp': {'$numberLong': '1759187682349'}, 'time_from_start': 117899}]",3,Different Types (Group 2),120.975
sub_87fc689861cd,3,2,operator,VII = III - IV,,['VII-III=IV'],241348,False,"[{'answer': 'VII=X-III', 'is_correct': False, 'timestamp': {'$numberLong': '1759187727331'}, 'time_from_start': 37425}, {'answer': 'IV=IV-III', 'is_correct': False, 'timestamp': {'$numberLong': '1759187758016'}, 'time_from_start': 68110}, {'answer': 'VII=III+IV', 'is_correct': False, 'timestamp': {'$numberLong': '1759187782872'}, 'time_from_start': 92966}, {'answer': 'VII=III+IV', 'is_correct': False, 'timestamp': {'$numberLong': '1759187815361'}, 'time_from_start': 125455}, {'answer': 'I=III-IV', 'is_correct': False, 'timestamp': {'$numberLong': '1759187849139'}, 'time_from_start': 159233}, {'answer': 'I=IV-III', 'is_correct': False, 'timestamp': {'$numberLong': '1759187868928'}, 'time_from_start': 179022}, {'answer': 'VII=III+IV', 'is_correct': False, 'timestamp': {'$numberLong': '1759187905036'}, 'time_from_start': 215130}, {'answer': 'VII=III+IV', 'is_correct': False, 'timestamp': {'$numberLong': '1759187924883'}, 'time_from_start': 234977}]",8,Different Types (Group 2),241.348
sub_87fc689861cd,4,2,value-loose-chunk,II = XI - VII,II=IX-VII,"['III=X-VII', 'II=IX-VII', 'II=X-VIII']",219699,True,"[{'answer': 'IIII=XI-VII', 'is_correct': False, 'timestamp': {'$numberLong': '1759187980107'}, 'time_from_start': 45752}, {'answer': 'II=XI-VIIII', 'is_correct': False, 'timestamp': {'$numberLong': '1759188087667'}, 'time_from_start': 153312}, {'answer': 'IIII=XI-VII', 'is_correct': False, 'timestamp': {'$numberLong': '1759188123298'}, 'time_from_start': 188943}, {'answer': 'II=IX-VII', 'is_correct': True, 'timestamp': {'$numberLong': '1759188150936'}, 'time_from_start': 216581}]",4,Different Types (Group 2),219.699
sub_87fc689861cd,5,2,tautological,III = III + III,III=I,['III=III=III'],240195,False,"[{'answer': 'III=II+I', 'is_correct': False, 'timestamp': {'$numberLong': '1759188331480'}, 'time_from_start': 174541}, {'answer': 'VI=III+III', 'is_correct': False, 'timestamp': {'$numberLong': '1759188357934'}, 'time_from_start': 200995}, {'answer': 'III=V-II', 'is_correct': False, 'timestamp': {'$numberLong': '1759188379896'}, 'time_from_start': 222957}]",3,Different Types (Group 2),240.195
sub_14a77ad08e5b,1,2,tautological,IX = IX + IX,IX=IX=IX,['IX=IX=IX'],183396,True,"[{'answer': 'IX=IX=IX', 'is_correct': True, 'timestamp': {'$numberLong': '1759187721925'}, 'time_from_start': 180346}]",1,Different Types (Group 2),183.396
sub_14a77ad08e5b,2,2,hybrid,IV = VII + IV,XI=,['IV=VIII-IV'],240149,False,"[{'answer': 'XI=VII+IV', 'is_correct': False, 'timestamp': {'$numberLong': '1759187946286'}, 'time_from_start': 205722}]",1,Different Types (Group 2),240.149
sub_14a77ad08e5b,3,2,value-tight-chunk,II = IX - II,II=IV-II,['II=IV-II'],225974,True,"[{'answer': 'XII=IX-II', 'is_correct': False, 'timestamp': {'$numberLong': '1759188055238'}, 'time_from_start': 67768}, {'answer': 'II=IX-VII', 'is_correct': False, 'timestamp': {'$numberLong': '1759188164360'}, 'time_from_start': 176890}, {'answer': 'II=IV-II', 'is_correct': True, 'timestamp': {'$numberLong': '1759188210340'}, 'time_from_start': 222870}]",3,Different Types (Group 2),225.974
sub_14a77ad08e5b,4,2,operator,X = VII - III,,['X-VII=III'],240138,False,"[{'answer': 'X=VII+III', 'is_correct': False, 'timestamp': {'$numberLong': '1759188298755'}, 'time_from_start': 73485}, {'answer': 'X=VII+III', 'is_correct': False, 'timestamp': {'$numberLong': '1759188334915'}, 'time_from_start': 109645}]",2,Different Types (Group 2),240.138
sub_14a77ad08e5b,5,2,value-loose-chunk,IV = IV - II,IV=VI-II,['IV=VI-II'],87963,True,"[{'answer': 'IV=VI-II', 'is_correct': True, 'timestamp': {'$numberLong': '1759188552898'}, 'time_from_start': 84926}]",1,Different Types (Group 2),87.963
sub_d4272455c318,1,2,value-tight-chunk,XI = IV + II,XI=,"['VI=IV+II', 'XI=IX+II']",240177,False,"[{'answer': 'XI=IV+VII', 'is_correct': False, 'timestamp': {'$numberLong': '1759189598936'}, 'time_from_start': 188249}]",1,Different Types (Group 2),240.177
sub_d4272455c318,2,2,hybrid,III = XI + IX,III=XII-IX,['III=XII-IX'],203190,True,"[{'answer': 'III=XI-IX', 'is_correct': False, 'timestamp': {'$numberLong': '1759189719368'}, 'time_from_start': 64159}, {'answer': 'III=X-XI', 'is_correct': False, 'timestamp': {'$numberLong': '1759189837240'}, 'time_from_start': 182031}, {'answer': 'III=XII-IX', 'is_correct': True, 'timestamp': {'$numberLong': '1759189855358'}, 'time_from_start': 200149}]",3,Different Types (Group 2),203.19
sub_d4272455c318,3,2,operator,VII = III - IV,VII=,['VII-III=IV'],240120,False,"[{'answer': 'VII=III+IV', 'is_correct': False, 'timestamp': {'$numberLong': '1759189900260'}, 'time_from_start': 38480}, {'answer': 'VII=III+IV', 'is_correct': False, 'timestamp': {'$numberLong': '1759189917808'}, 'time_from_start': 56028}, {'answer': 'VII=III-IX', 'is_correct': False, 'timestamp': {'$numberLong': '1759190001523'}, 'time_from_start': 139743}]",3,Different Types (Group 2),240.12
sub_d4272455c318,4,2,tautological,III = III + III,III=III=III,['III=III=III'],80360,True,"[{'answer': 'III=III=III', 'is_correct': True, 'timestamp': {'$numberLong': '1759190181770'}, 'time_from_start': 77341}]",1,Different Types (Group 2),80.36
sub_d4272455c318,5,2,value-loose-chunk,VIII = II + IV,VIII=,"['VIII=II+VI', 'VIII=III+V', 'VII=III+IV']",240153,False,"[{'answer': 'VIII=VII+I', 'is_correct': False, 'timestamp': {'$numberLong': '1759190288767'}, 'time_from_start': 101808}, {'answer': 'VIII=I-IX', 'is_correct': False, 'timestamp': {'$numberLong': '1759190348118'}, 'time_from_start': 161159}]",2,Different Types (Group 2),240.153
sub_21b87d0c027d,1,2,operator,VII = III - IV,VII=III,['VII-III=IV'],240199,False,"[{'answer': '+', 'is_correct': False, 'timestamp': {'$numberLong': '1759189896080'}, 'time_from_start': 97404}, {'answer': '+I', 'is_correct': False, 'timestamp': {'$numberLong': '1759189915215'}, 'time_from_start': 116539}, {'answer': '-', 'is_correct': False, 'timestamp': {'$numberLong': '1759189928027'}, 'time_from_start': 129351}, {'answer': 'V', 'is_correct': False, 'timestamp': {'$numberLong': '1759189940475'}, 'time_from_start': 141799}, {'answer': '=', 'is_correct': False, 'timestamp': {'$numberLong': '1759189942250'}, 'time_from_start': 143574}, {'answer': 'X', 'is_correct': False, 'timestamp': {'$numberLong': '1759189944202'}, 'time_from_start': 145526}, {'answer': 'I', 'is_correct': False, 'timestamp': {'$numberLong': '1759189946845'}, 'time_from_start': 148169}, {'answer': 'V', 'is_correct': False, 'timestamp': {'$numberLong': '1759189949311'}, 'time_from_start': 150635}, {'answer': 'X', 'is_correct': False, 'timestamp': {'$numberLong': '1759189950835'}, 'time_from_start': 152159}, {'answer': '-', 'is_correct': False, 'timestamp': {'$numberLong': '1759189953106'}, 'time_from_start': 154430}, {'answer': '+', 'is_correct': False, 'timestamp': {'$numberLong': '1759189954815'}, 'time_from_start': 156139}, {'answer': '=', 'is_correct': False, 'timestamp': {'$numberLong': '1759189956042'}, 'time_from_start': 157366}]",12,Different Types (Group 2),240.199
sub_21b87d0c027d,2,2,value-tight-chunk,III = XI - III,,['III=VI-III'],240208,False,"[{'answer': 'III=I-XIII', 'is_correct': False, 'timestamp': {'$numberLong': '1759190080958'}, 'time_from_start': 40087}, {'answer': 'XIII=I-III', 'is_correct': False, 'timestamp': {'$numberLong': '1759190156609'}, 'time_from_start': 115738}, {'answer': 'II=XII-III', 'is_correct': False, 'timestamp': {'$numberLong': '1759190192108'}, 'time_from_start': 151237}, {'answer': 'VIII=XI-III', 'is_correct': False, 'timestamp': {'$numberLong': '1759190245583'}, 'time_from_start': 204712}]",4,Different Types (Group 2),240.208
sub_21b87d0c027d,3,2,value-loose-chunk,II = XI - VII,,"['III=X-VII', 'II=IX-VII', 'II=X-VIII']",240188,False,"[{'answer': 'VI=XI-II', 'is_correct': False, 'timestamp': {'$numberLong': '1759190378768'}, 'time_from_start': 95441}, {'answer': 'IX=I-VII', 'is_correct': False, 'timestamp': {'$numberLong': '1759190408647'}, 'time_from_start': 125320}, {'answer': 'II=XVI-II', 'is_correct': False, 'timestamp': {'$numberLong': '1759190435447'}, 'time_from_start': 152120}, {'answer': 'II=I-XVII', 'is_correct': False, 'timestamp': {'$numberLong': '1759190464022'}, 'time_from_start': 180695}, {'answer': 'II=X+VII', 'is_correct': False, 'timestamp': {'$numberLong': '1759190502829'}, 'time_from_start': 219502}, {'answer': 'IIX=I-VII', 'is_correct': False, 'timestamp': {'$numberLong': '1759190523302'}, 'time_from_start': 239975}]",6,Different Types (Group 2),240.188
sub_21b87d0c027d,4,2,tautological,IV = IV + IV,X,['IV=IV=IV'],240195,False,"[{'answer': 'IV=IIV-V', 'is_correct': False, 'timestamp': {'$numberLong': '1759190589779'}, 'time_from_start': 62832}, {'answer': 'VI=IV+IV', 'is_correct': False, 'timestamp': {'$numberLong': '1759190648550'}, 'time_from_start': 121603}, {'answer': 'IV=IIV+V', 'is_correct': False, 'timestamp': {'$numberLong': '1759190705378'}, 'time_from_start': 178431}, {'answer': 'X=V+V', 'is_correct': False, 'timestamp': {'$numberLong': '1759190739215'}, 'time_from_start': 212268}]",4,Different Types (Group 2),240.195
sub_21b87d0c027d,5,2,hybrid,III = XI + IX,III=XII-IX,['III=XII-IX'],62343,True,"[{'answer': 'III=XII-IX', 'is_correct': True, 'timestamp': {'$numberLong': '1759190827939'}, 'time_from_start': 59302}]",1,Different Types (Group 2),62.343
sub_83b0d98a611e,1,2,tautological,III = III + III,III=III=III,['III=III=III'],100310,True,"[{'answer': 'III=III=III', 'is_correct': True, 'timestamp': {'$numberLong': '1759190288974'}, 'time_from_start': 97253}]",1,Different Types (Group 2),100.31
sub_83b0d98a611e,2,2,value-tight-chunk,XI = IV + II,,"['VI=IV+II', 'XI=IX+II']",240134,False,"[{'answer': 'XI=IV+VII', 'is_correct': False, 'timestamp': {'$numberLong': '1759190371613'}, 'time_from_start': 47271}, {'answer': 'XI=IV+VII', 'is_correct': False, 'timestamp': {'$numberLong': '1759190416000'}, 'time_from_start': 91658}, {'answer': 'XI=IV+IIV', 'is_correct': False, 'timestamp': {'$numberLong': '1759190558627'}, 'time_from_start': 234285}]",3,Different Types (Group 2),240.134
sub_83b0d98a611e,3,2,operator,XIII = VII - VI,XII,['XIII-VII=VI'],240136,False,"[{'answer': 'XIII=VII+VI', 'is_correct': False, 'timestamp': {'$numberLong': '1759190629432'}, 'time_from_start': 25992}, {'answer': 'XII=VII+V', 'is_correct': False, 'timestamp': {'$numberLong': '1759190709177'}, 'time_from_start': 105737}, {'answer': 'XII=VI+VI', 'is_correct': False, 'timestamp': {'$numberLong': '1759190729076'}, 'time_from_start': 125636}]",3,Different Types (Group 2),240.136
sub_83b0d98a611e,4,2,hybrid,III = XI + IX,,['III=XII-IX'],240124,False,[],0,Different Types (Group 2),240.124
sub_83b0d98a611e,5,2,value-loose-chunk,VIII = II + IV,VII=III+IV,"['VIII=II+VI', 'VIII=III+V', 'VII=III+IV']",31988,True,"[{'answer': 'VII=III+IV', 'is_correct': True, 'timestamp': {'$numberLong': '1759191134354'}, 'time_from_start': 28923}]",1,Different Types (Group 2),31.988
sub_51a2c9fe8317,1,2,value-loose-chunk,IX = VII + IV,,['XI=VII+IV'],240166,False,[],0,Different Types (Group 2),240.166
sub_51a2c9fe8317,2,2,operator,XIII = IX - IV,X+,['XIII-IX=IV'],240160,False,"[{'answer': '=XIII', 'is_correct': False, 'timestamp': {'$numberLong': '1759248428201'}, 'time_from_start': 125992}, {'answer': 'X+IV=XIIII', 'is_correct': False, 'timestamp': {'$numberLong': '1759248501872'}, 'time_from_start': 199663}]",2,Different Types (Group 2),240.16
sub_51a2c9fe8317,3,2,hybrid,VII = XII + VI,,['VII=XIII-VI'],240179,False,"[{'answer': 'XIIIIIIII-VII=XI', 'is_correct': False, 'timestamp': {'$numberLong': '1759248671168'}, 'time_from_start': 127135}]",1,Different Types (Group 2),240.179
sub_51a2c9fe8317,4,2,tautological,XII = XII + XII,,['XII=XII=XII'],240182,False,"[{'answer': 'VI+VI=VII', 'is_correct': False, 'timestamp': {'$numberLong': '1759248858672'}, 'time_from_start': 69368}, {'answer': 'XII=XI+XII', 'is_correct': False, 'timestamp': {'$numberLong': '1759248897400'}, 'time_from_start': 108096}, {'answer': 'XII=XI+XI', 'is_correct': False, 'timestamp': {'$numberLong': '1759248920632'}, 'time_from_start': 131328}, {'answer': 'VI+VI=XII', 'is_correct': False, 'timestamp': {'$numberLong': '1759249004392'}, 'time_from_start': 215088}]",4,Different Types (Group 2),240.182
sub_51a2c9fe8317,5,2,value-tight-chunk,IV = XI - II,,"['IX=XI-II', 'IV=VI-II']",240181,False,"[{'answer': 'V', 'is_correct': False, 'timestamp': {'$numberLong': '1759249205641'}, 'time_from_start': 171151}, {'answer': 'IX', 'is_correct': False, 'timestamp': {'$numberLong': '1759249225672'}, 'time_from_start': 191182}, {'answer': 'VIII', 'is_correct': False, 'timestamp': {'$numberLong': '1759249246712'}, 'time_from_start': 212222}]",3,Different Types (Group 2),240.181
sub_745f9f8c7efd,1,2,operator,VI = IV - II,,['VI-IV=II'],240128,False,"[{'answer': 'IV-X', 'is_correct': False, 'timestamp': {'$numberLong': '1759248123295'}, 'time_from_start': 84393}, {'answer': 'VI=VI-II', 'is_correct': False, 'timestamp': {'$numberLong': '1759248225321'}, 'time_from_start': 186419}]",2,Different Types (Group 2),240.128
sub_745f9f8c7efd,2,2,tautological,XII = XII + XII,,['XII=XII=XII'],240133,False,"[{'answer': 'XII=IX+XII', 'is_correct': False, 'timestamp': {'$numberLong': '1759248404824'}, 'time_from_start': 117357}, {'answer': 'IIX=XII+XII', 'is_correct': False, 'timestamp': {'$numberLong': '1759248447956'}, 'time_from_start': 160489}, {'answer': 'XII=XII+XII', 'is_correct': False, 'timestamp': {'$numberLong': '1759248488388'}, 'time_from_start': 200921}, {'answer': 'XV-IX+=X', 'is_correct': False, 'timestamp': {'$numberLong': '1759248505524'}, 'time_from_start': 218057}]",4,Different Types (Group 2),240.133
sub_745f9f8c7efd,3,2,hybrid,VII = XII + VI,,['VII=XIII-VI'],240129,False,"[{'answer': 'IIV=XII+VI', 'is_correct': False, 'timestamp': {'$numberLong': '1759248564397'}, 'time_from_start': 34427}, {'answer': 'VII=IIX+VI', 'is_correct': False, 'timestamp': {'$numberLong': '1759248619653'}, 'time_from_start': 89683}, {'answer': 'IIV=XII+VI', 'is_correct': False, 'timestamp': {'$numberLong': '1759248692788'}, 'time_from_start': 162818}, {'answer': 'V+X=I', 'is_correct': False, 'timestamp': {'$numberLong': '1759248754529'}, 'time_from_start': 224559}]",4,Different Types (Group 2),240.129
sub_745f9f8c7efd,4,2,value-loose-chunk,IV = IV - II,IV=VI-II,['IV=VI-II'],50366,True,"[{'answer': 'IV=VI-II', 'is_correct': True, 'timestamp': {'$numberLong': '1759248826369'}, 'time_from_start': 47347}]",1,Different Types (Group 2),50.366
sub_745f9f8c7efd,5,2,value-tight-chunk,II = IX - II,+,['II=IV-II'],240126,False,"[{'answer': 'II=XI-II', 'is_correct': False, 'timestamp': {'$numberLong': '1759248915125'}, 'time_from_start': 80644}, {'answer': 'II=IX-II', 'is_correct': False, 'timestamp': {'$numberLong': '1759248956403'}, 'time_from_start': 121922}, {'answer': 'II=XI-II', 'is_correct': False, 'timestamp': {'$numberLong': '1759248980286'}, 'time_from_start': 145805}, {'answer': 'II=I-II', 'is_correct': False, 'timestamp': {'$numberLong': '1759248997297'}, 'time_from_start': 162816}, {'answer': 'XIV-V+X=', 'is_correct': False, 'timestamp': {'$numberLong': '1759249022755'}, 'time_from_start': 188274}, {'answer': 'IVX-+=', 'is_correct': False, 'timestamp': {'$numberLong': '1759249032689'}, 'time_from_start': 198208}, {'answer': 'XV-XI=I', 'is_correct': False, 'timestamp': {'$numberLong': '1759249042117'}, 'time_from_start': 207636}, {'answer': 'XV=IVX', 'is_correct': False, 'timestamp': {'$numberLong': '1759249058205'}, 'time_from_start': 223724}]",8,Different Types (Group 2),240.126
sub_a6cd1ca68776,1,2,tautological,III = III + III,,['III=III=III'],240129,False,[],0,Different Types (Group 2),240.129
sub_a6cd1ca68776,2,2,value-tight-chunk,XI = IV + II,X=VIII+II,"['VI=IV+II', 'XI=IX+II']",240122,False,"[{'answer': 'III+VIII', 'is_correct': False, 'timestamp': {'$numberLong': '1759249194715'}, 'time_from_start': 66737}, {'answer': 'XI=VI+II', 'is_correct': False, 'timestamp': {'$numberLong': '1759249219998'}, 'time_from_start': 92020}, {'answer': 'XI=VIII+III', 'is_correct': False, 'timestamp': {'$numberLong': '1759249254401'}, 'time_from_start': 126423}, {'answer': 'X=VII+III', 'is_correct': False, 'timestamp': {'$numberLong': '1759249274287'}, 'time_from_start': 146309}, {'answer': 'IV=XI-VII', 'is_correct': False, 'timestamp': {'$numberLong': '1759249334952'}, 'time_from_start': 206974}]",5,Different Types (Group 2),240.122
sub_a6cd1ca68776,3,2,operator,XIII = IX - IV,,['XIII-IX=IV'],240130,False,"[{'answer': 'XIII=IX+IV', 'is_correct': False, 'timestamp': {'$numberLong': '1759249395305'}, 'time_from_start': 25280}, {'answer': 'X=IX+I', 'is_correct': False, 'timestamp': {'$numberLong': '1759249432497'}, 'time_from_start': 62472}, {'answer': 'IX=XII-III', 'is_correct': False, 'timestamp': {'$numberLong': '1759249468948'}, 'time_from_start': 98923}, {'answer': 'IX=XIII-IV', 'is_correct': False, 'timestamp': {'$numberLong': '1759249554818'}, 'time_from_start': 184793}]",4,Different Types (Group 2),240.13
sub_a6cd1ca68776,4,2,value-loose-chunk,IX = VII + IV,IX=VI+III,['XI=VII+IV'],240118,False,"[{'answer': 'IX=V+IV', 'is_correct': False, 'timestamp': {'$numberLong': '1759249691002'}, 'time_from_start': 75789}, {'answer': 'XII=VIII+IV', 'is_correct': False, 'timestamp': {'$numberLong': '1759249766127'}, 'time_from_start': 150914}, {'answer': 'X=V+V', 'is_correct': False, 'timestamp': {'$numberLong': '1759249785219'}, 'time_from_start': 170006}]",3,Different Types (Group 2),240.118
sub_a6cd1ca68776,5,2,hybrid,IX = XII + IV,IX=III,['IX=XIII-IV'],240135,False,"[{'answer': 'XII=VIII+IV', 'is_correct': False, 'timestamp': {'$numberLong': '1759249947867'}, 'time_from_start': 86627}, {'answer': 'X=IX+I', 'is_correct': False, 'timestamp': {'$numberLong': '1759249997897'}, 'time_from_start': 136657}, {'answer': 'XIII=IX+IV', 'is_correct': False, 'timestamp': {'$numberLong': '1759250031357'}, 'time_from_start': 170117}, {'answer': 'IX=II', 'is_correct': False, 'timestamp': {'$numberLong': '1759250062986'}, 'time_from_start': 201746}]",4,Different Types (Group 2),240.135
sub_e4181714e3b3,1,2,value-tight-chunk,II = IX - II,II=IV-II,['II=IV-II'],119835,True,"[{'answer': 'II=IV-II', 'is_correct': True, 'timestamp': {'$numberLong': '1759248640308'}, 'time_from_start': 116758}]",1,Different Types (Group 2),119.835
sub_e4181714e3b3,2,2,operator,XIII = VII - VI,XIII-VII=VI,['XIII-VII=VI'],119760,True,"[{'answer': 'XIII-VII=VI', 'is_correct': True, 'timestamp': {'$numberLong': '1759248762757'}, 'time_from_start': 116688}]",1,Different Types (Group 2),119.76
sub_e4181714e3b3,3,2,tautological,IX = IX + IX,,['IX=IX=IX'],240241,False,[],0,Different Types (Group 2),240.241
sub_e4181714e3b3,4,2,hybrid,VII = XII + VI,,['VII=XIII-VI'],240233,False,[],0,Different Types (Group 2),240.233
sub_e4181714e3b3,5,2,value-loose-chunk,II = XI - VII,III=X-VII,"['III=X-VII', 'II=IX-VII', 'II=X-VIII']",56918,True,"[{'answer': 'III=X-VII', 'is_correct': True, 'timestamp': {'$numberLong': '1759249311033'}, 'time_from_start': 53860}]",1,Different Types (Group 2),56.918
sub_f82a6e2f77bd,1,2,hybrid,IV = VII + IV,,['IV=VIII-IV'],242240,False,[],0,Different Types (Group 2),242.24
sub_f82a6e2f77bd,2,2,value-tight-chunk,IV = XI - II,,"['IX=XI-II', 'IV=VI-II']",245311,False,"[{'answer': 'IV=XI-VII', 'is_correct': False, 'timestamp': {'$numberLong': '1759249823399'}, 'time_from_start': 115868}, {'answer': 'IV=XI-VII', 'is_correct': False, 'timestamp': {'$numberLong': '1759249936197'}, 'time_from_start': 228666}]",2,Different Types (Group 2),245.311
sub_f82a6e2f77bd,3,2,value-loose-chunk,II = XI - VII,II=IX-VII,"['III=X-VII', 'II=IX-VII', 'II=X-VIII']",54820,True,"[{'answer': 'II=IX-VII', 'is_correct': True, 'timestamp': {'$numberLong': '1759250006516'}, 'time_from_start': 51746}]",1,Different Types (Group 2),54.82
sub_f82a6e2f77bd,4,2,tautological,VIII = VIII + VIII,,['VIII=VIII=VIII'],242386,False,[],0,Different Types (Group 2),242.386
sub_f82a6e2f77bd,5,2,operator,VII = III - IV,VII-III=IV,['VII-III=IV'],180261,True,"[{'answer': 'VII=III+IV', 'is_correct': False, 'timestamp': {'$numberLong': '1759250321668'}, 'time_from_start': 64870}, {'answer': 'VII=III+IV', 'is_correct': False, 'timestamp': {'$numberLong': '1759250341807'}, 'time_from_start': 85009}, {'answer': 'VII=III+IV', 'is_correct': False, 'timestamp': {'$numberLong': '1759250394131'}, 'time_from_start': 137333}, {'answer': 'VII=IV+III', 'is_correct': False, 'timestamp': {'$numberLong': '1759250410292'}, 'time_from_start': 153494}, {'answer': 'VII-III=IV', 'is_correct': True, 'timestamp': {'$numberLong': '1759250433935'}, 'time_from_start': 177137}]",5,Different Types (Group 2),180.261
sub_84dc13f9f35a,1,2,operator,XIII = VII - VI,XIII-VII=VI,['XIII-VII=VI'],240222,True,"[{'answer': 'XII-VI=VII', 'is_correct': False, 'timestamp': {'$numberLong': '1759250303152'}, 'time_from_start': 131941}, {'answer': 'XII-VI=VII', 'is_correct': False, 'timestamp': {'$numberLong': '1759250331491'}, 'time_from_start': 160280}, {'answer': 'VII=XIII-VI', 'is_correct': False, 'timestamp': {'$numberLong': '1759250361973'}, 'time_from_start': 190762}, {'answer': 'XII-VI=VII', 'is_correct': False, 'timestamp': {'$numberLong': '1759250392033'}, 'time_from_start': 220822}]",4,Different Types (Group 2),240.222
sub_84dc13f9f35a,2,2,value-loose-chunk,VIII = II + IV,VIII=III+V,"['VIII=II+VI', 'VIII=III+V', 'VII=III+IV']",44591,True,"[{'answer': 'VIII=III+V', 'is_correct': True, 'timestamp': {'$numberLong': '1759250462772'}, 'time_from_start': 41523}]",1,Different Types (Group 2),44.591
sub_84dc13f9f35a,3,2,tautological,III = III + III,,['III=III=III'],240198,False,"[{'answer': 'III=VI-III', 'is_correct': False, 'timestamp': {'$numberLong': '1759250589668'}, 'time_from_start': 121200}, {'answer': 'III=III-III', 'is_correct': False, 'timestamp': {'$numberLong': '1759250650954'}, 'time_from_start': 182486}, {'answer': 'VI=III+III', 'is_correct': False, 'timestamp': {'$numberLong': '1759250701652'}, 'time_from_start': 233184}]",3,Different Types (Group 2),240.198
sub_84dc13f9f35a,4,2,hybrid,VI = VI + I,I=VI-IV,['VI=VII-I'],240171,False,"[{'answer': 'VI=V+I', 'is_correct': False, 'timestamp': {'$numberLong': '1759250736099'}, 'time_from_start': 24015}, {'answer': 'VI=X-I', 'is_correct': False, 'timestamp': {'$numberLong': '1759250769560'}, 'time_from_start': 57476}, {'answer': 'IV=VI-I', 'is_correct': False, 'timestamp': {'$numberLong': '1759250826069'}, 'time_from_start': 113985}, {'answer': 'I=VI-IV', 'is_correct': False, 'timestamp': {'$numberLong': '1759250882767'}, 'time_from_start': 170683}, {'answer': 'V=VI-I', 'is_correct': False, 'timestamp': {'$numberLong': '1759250921670'}, 'time_from_start': 209586}]",5,Different Types (Group 2),240.171
sub_84dc13f9f35a,5,2,value-tight-chunk,XI = IV + II,,"['VI=IV+II', 'XI=IX+II']",240217,False,[],0,Different Types (Group 2),240.217
sub_fe44baa2fff1,1,2,tautological,IV = IV + IV,VI=V,['IV=IV=IV'],240138,False,"[{'answer': 'X-V=V', 'is_correct': False, 'timestamp': {'$numberLong': '1759250234956'}, 'time_from_start': 88423}, {'answer': 'V-IV=IV', 'is_correct': False, 'timestamp': {'$numberLong': '1759250368135'}, 'time_from_start': 221602}]",2,Different Types (Group 2),240.138
sub_fe44baa2fff1,2,2,value-tight-chunk,II = IX - II,II=,['II=IV-II'],240143,False,"[{'answer': 'II=XI-II', 'is_correct': False, 'timestamp': {'$numberLong': '1759250421355'}, 'time_from_start': 32369}, {'answer': 'I=IIX-II', 'is_correct': False, 'timestamp': {'$numberLong': '1759250495149'}, 'time_from_start': 106163}, {'answer': 'III=IX-II', 'is_correct': False, 'timestamp': {'$numberLong': '1759250535566'}, 'time_from_start': 146580}, {'answer': 'II=XI-II', 'is_correct': False, 'timestamp': {'$numberLong': '1759250545808'}, 'time_from_start': 156822}, {'answer': 'II=X-III', 'is_correct': False, 'timestamp': {'$numberLong': '1759250556756'}, 'time_from_start': 167770}, {'answer': 'III=X-II', 'is_correct': False, 'timestamp': {'$numberLong': '1759250567025'}, 'time_from_start': 178039}, {'answer': 'III=XI-II', 'is_correct': False, 'timestamp': {'$numberLong': '1759250587618'}, 'time_from_start': 198632}, {'answer': 'III=X-II', 'is_correct': False, 'timestamp': {'$numberLong': '1759250605379'}, 'time_from_start': 216393}, {'answer': 'I=IX-III', 'is_correct': False, 'timestamp': {'$numberLong': '1759250619848'}, 'time_from_start': 230862}]",9,Different Types (Group 2),240.143
sub_fe44baa2fff1,3,2,value-loose-chunk,IX = VII + IV,XI=VII+IV,['XI=VII+IV'],165023,True,"[{'answer': 'IIX=VII-IV', 'is_correct': False, 'timestamp': {'$numberLong': '1759250660544'}, 'time_from_start': 28424}, {'answer': 'X=VIII+IV', 'is_correct': False, 'timestamp': {'$numberLong': '1759250745417'}, 'time_from_start': 113297}, {'answer': 'IIX=VII+V', 'is_correct': False, 'timestamp': {'$numberLong': '1759250764808'}, 'time_from_start': 132688}, {'answer': 'XI=VII+IV', 'is_correct': True, 'timestamp': {'$numberLong': '1759250794090'}, 'time_from_start': 161970}]",4,Different Types (Group 2),165.023
sub_fe44baa2fff1,4,2,operator,X = VII - III,,['X-VII=III'],240139,False,"[{'answer': 'III=X-VII', 'is_correct': False, 'timestamp': {'$numberLong': '1759250845328'}, 'time_from_start': 45800}, {'answer': 'IX=VI+III', 'is_correct': False, 'timestamp': {'$numberLong': '1759250884211'}, 'time_from_start': 84683}, {'answer': 'IX=VI+II', 'is_correct': False, 'timestamp': {'$numberLong': '1759250901736'}, 'time_from_start': 102208}, {'answer': 'X=VI+III', 'is_correct': False, 'timestamp': {'$numberLong': '1759250925706'}, 'time_from_start': 126178}, {'answer': 'XI=VII-III', 'is_correct': False, 'timestamp': {'$numberLong': '1759250941553'}, 'time_from_start': 142025}]",5,Different Types (Group 2),240.139
sub_fe44baa2fff1,5,2,hybrid,IX = XII + IV,IIX=XII-IV,['IX=XIII-IV'],240146,False,"[{'answer': 'IIX=XII-IV', 'is_correct': False, 'timestamp': {'$numberLong': '1759251111597'}, 'time_from_start': 70453}, {'answer': 'IX=XII-IIV', 'is_correct': False, 'timestamp': {'$numberLong': '1759251163646'}, 'time_from_start': 122502}, {'answer': 'IIX=XII-IV', 'is_correct': False, 'timestamp': {'$numberLong': '1759251222958'}, 'time_from_start': 181814}, {'answer': 'IIX=XII-IV', 'is_correct': False, 'timestamp': {'$numberLong': '1759251252640'}, 'time_from_start': 211496}]",4,Different Types (Group 2),240.146
sub_172dafee3797,1,2,value-loose-chunk,IV = IV - II,IV=VI-II,['IV=VI-II'],75397,True,"[{'answer': 'IV=VI-II', 'is_correct': True, 'timestamp': {'$numberLong': '1759250863278'}, 'time_from_start': 72372}]",1,Different Types (Group 2),75.397
sub_172dafee3797,2,2,hybrid,VI = VI + I,VI=VI+,['VI=VII-I'],243963,False,"[{'answer': 'VII=VI+I', 'is_correct': False, 'timestamp': {'$numberLong': '1759250943460'}, 'time_from_start': 71458}, {'answer': 'VI=IV+II', 'is_correct': False, 'timestamp': {'$numberLong': '1759250990113'}, 'time_from_start': 118111}, {'answer': 'VI=V+I', 'is_correct': False, 'timestamp': {'$numberLong': '1759251055592'}, 'time_from_start': 183590}, {'answer': 'VII=VI+I', 'is_correct': False, 'timestamp': {'$numberLong': '1759251080391'}, 'time_from_start': 208389}, {'answer': 'VI=V+II', 'is_correct': False, 'timestamp': {'$numberLong': '1759251106627'}, 'time_from_start': 234625}]",5,Different Types (Group 2),243.963
sub_172dafee3797,3,2,operator,VII = III - IV,,['VII-III=IV'],243599,False,"[{'answer': 'VII=VIII-I', 'is_correct': False, 'timestamp': {'$numberLong': '1759251150220'}, 'time_from_start': 30586}, {'answer': 'VII=VIII-I', 'is_correct': False, 'timestamp': {'$numberLong': '1759251175964'}, 'time_from_start': 56330}, {'answer': 'VIII-I=VII', 'is_correct': False, 'timestamp': {'$numberLong': '1759251188277'}, 'time_from_start': 68643}, {'answer': 'VII=III+IV', 'is_correct': False, 'timestamp': {'$numberLong': '1759251208819'}, 'time_from_start': 89185}, {'answer': 'VIII=III-V', 'is_correct': False, 'timestamp': {'$numberLong': '1759251267944'}, 'time_from_start': 148310}, {'answer': 'VIII=V-III', 'is_correct': False, 'timestamp': {'$numberLong': '1759251281687'}, 'time_from_start': 162053}, {'answer': 'VIII=III-V', 'is_correct': False, 'timestamp': {'$numberLong': '1759251299162'}, 'time_from_start': 179528}, {'answer': 'II=VIII-IV', 'is_correct': False, 'timestamp': {'$numberLong': '1759251345673'}, 'time_from_start': 226039}]",8,Different Types (Group 2),243.599
sub_172dafee3797,4,2,tautological,III = III + III,III,['III=III=III'],243592,False,"[{'answer': 'IV=III+II', 'is_correct': False, 'timestamp': {'$numberLong': '1759251442936'}, 'time_from_start': 59122}, {'answer': 'II=IV+III', 'is_correct': False, 'timestamp': {'$numberLong': '1759251469268'}, 'time_from_start': 85454}, {'answer': 'III=IV+III', 'is_correct': False, 'timestamp': {'$numberLong': '1759251503295'}, 'time_from_start': 119481}, {'answer': 'III=II+IV', 'is_correct': False, 'timestamp': {'$numberLong': '1759251515859'}, 'time_from_start': 132045}, {'answer': 'III=IV+II', 'is_correct': False, 'timestamp': {'$numberLong': '1759251527267'}, 'time_from_start': 143453}, {'answer': 'III=III-III', 'is_correct': False, 'timestamp': {'$numberLong': '1759251570419'}, 'time_from_start': 186605}, {'answer': 'VI=III+III', 'is_correct': False, 'timestamp': {'$numberLong': '1759251609530'}, 'time_from_start': 225716}]",7,Different Types (Group 2),243.592
sub_172dafee3797,5,2,value-tight-chunk,VII = IX + III,,"['XII=IX+III', 'VII=IV+III']",243588,False,"[{'answer': 'VI=IX-III', 'is_correct': False, 'timestamp': {'$numberLong': '1759251715607'}, 'time_from_start': 84966}, {'answer': 'VI=IX-IV', 'is_correct': False, 'timestamp': {'$numberLong': '1759251784003'}, 'time_from_start': 153362}, {'answer': 'VIII=IX-II', 'is_correct': False, 'timestamp': {'$numberLong': '1759251806324'}, 'time_from_start': 175683}, {'answer': 'VIII=X+III', 'is_correct': False, 'timestamp': {'$numberLong': '1759251872501'}, 'time_from_start': 241860}]",4,Different Types (Group 2),243.588
sub_2da66fc4fcdb,1,2,operator,X = VII - III,,['X-VII=III'],240149,False,"[{'answer': 'X=VII+III', 'is_correct': False, 'timestamp': {'$numberLong': '1759251421994'}, 'time_from_start': 32779}, {'answer': 'IX=VII+II', 'is_correct': False, 'timestamp': {'$numberLong': '1759251508454'}, 'time_from_start': 119239}, {'answer': 'IX=VII-III', 'is_correct': False, 'timestamp': {'$numberLong': '1759251617143'}, 'time_from_start': 227928}]",3,Different Types (Group 2),240.149
sub_2da66fc4fcdb,2,2,hybrid,VII = XII + VI,,['VII=XIII-VI'],240159,False,"[{'answer': 'VII=XII-V', 'is_correct': False, 'timestamp': {'$numberLong': '1759251830377'}, 'time_from_start': 195889}, {'answer': 'VII=XII-IV', 'is_correct': False, 'timestamp': {'$numberLong': '1759251866210'}, 'time_from_start': 231722}]",2,Different Types (Group 2),240.159
sub_2da66fc4fcdb,3,2,value-loose-chunk,VIII = II + IV,VIII=III+V,"['VIII=II+VI', 'VIII=III+V', 'VII=III+IV']",33942,True,"[{'answer': 'VIII=III+V', 'is_correct': True, 'timestamp': {'$numberLong': '1759251908736'}, 'time_from_start': 30901}]",1,Different Types (Group 2),33.942
sub_2da66fc4fcdb,4,2,tautological,XII = XII + XII,XII=IX,['XII=XII=XII'],240166,False,"[{'answer': 'XXII=XII+XII', 'is_correct': False, 'timestamp': {'$numberLong': '1759252018468'}, 'time_from_start': 104726}, {'answer': 'XII=VI+VI', 'is_correct': False, 'timestamp': {'$numberLong': '1759252080669'}, 'time_from_start': 166927}]",2,Different Types (Group 2),240.166
sub_2da66fc4fcdb,5,2,value-tight-chunk,VII = IX + III,XII=IX+III,"['XII=IX+III', 'VII=IV+III']",68982,True,"[{'answer': 'XII=IX+III', 'is_correct': True, 'timestamp': {'$numberLong': '1759252222175'}, 'time_from_start': 65924}]",1,Different Types (Group 2),68.982
sub_5411cf457e21,1,2,value-loose-chunk,III = IX - IV,,['III=IX-VI'],240297,False,[],0,Different Types (Group 2),240.297
sub_5411cf457e21,2,2,operator,XIII = IX - IV,XIII=,['XIII-IX=IV'],240255,False,"[{'answer': 'XIII=IX+IV', 'is_correct': False, 'timestamp': {'$numberLong': '1759253759673'}, 'time_from_start': 225334}]",1,Different Types (Group 2),240.255
sub_5411cf457e21,3,2,value-tight-chunk,XI = IV + II,VI=IV+II,"['VI=IV+II', 'XI=IX+II']",94248,True,"[{'answer': 'VI=IV+II', 'is_correct': True, 'timestamp': {'$numberLong': '1759253868307'}, 'time_from_start': 91233}]",1,Different Types (Group 2),94.248
sub_5411cf457e21,4,2,hybrid,VI = VI + I,VI=VII-I,['VI=VII-I'],56912,True,"[{'answer': 'VI=VII-I', 'is_correct': True, 'timestamp': {'$numberLong': '1759253927540'}, 'time_from_start': 53900}]",1,Different Types (Group 2),56.912
sub_5411cf457e21,5,2,tautological,IX = IX + IX,IX=IX=IX,['IX=IX=IX'],144172,True,"[{'answer': 'X=XII-II', 'is_correct': False, 'timestamp': {'$numberLong': '1759254026024'}, 'time_from_start': 92848}, {'answer': 'IX=IX=IX', 'is_correct': True, 'timestamp': {'$numberLong': '1759254074325'}, 'time_from_start': 141149}]",2,Different Types (Group 2),144.172
sub_3e34f5df0625,1,2,value-tight-chunk,XI = IV + II,,"['VI=IV+II', 'XI=IX+II']",240186,False,[],0,Different Types (Group 2),240.186
sub_3e34f5df0625,2,2,hybrid,IX = XII + IV,,['IX=XIII-IV'],240162,False,[],0,Different Types (Group 2),240.162
sub_3e34f5df0625,3,2,tautological,IV = IV + IV,X,['IV=IV=IV'],240184,False,[],0,Different Types (Group 2),240.184
sub_3e34f5df0625,4,2,value-loose-chunk,III = IX - IV,,['III=IX-VI'],240167,False,"[{'answer': 'VIII=IX-I', 'is_correct': False, 'timestamp': {'$numberLong': '1759254288470'}, 'time_from_start': 137808}, {'answer': 'VIII=IX-I', 'is_correct': False, 'timestamp': {'$numberLong': '1759254338919'}, 'time_from_start': 188257}, {'answer': 'VIII=IX-I', 'is_correct': False, 'timestamp': {'$numberLong': '1759254387290'}, 'time_from_start': 236628}]",3,Different Types (Group 2),240.167
sub_3e34f5df0625,5,2,operator,VII = III - IV,VII=VIII-I,['VII-III=IV'],240179,False,"[{'answer': 'VII=III+IV', 'is_correct': False, 'timestamp': {'$numberLong': '1759254449059'}, 'time_from_start': 55289}]",1,Different Types (Group 2),240.179
sub_480a2534f342,1,2,hybrid,VI = VI + I,,['VI=VII-I'],240141,False,[],0,Different Types (Group 2),240.141
sub_480a2534f342,2,2,operator,VII = III - IV,VII-III=IV,['VII-III=IV'],84713,True,"[{'answer': 'VII-III=IV', 'is_correct': True, 'timestamp': {'$numberLong': '1759254755755'}, 'time_from_start': 81690}]",1,Different Types (Group 2),84.713
sub_480a2534f342,3,2,value-loose-chunk,II = XI - VII,II=X-VIII,"['III=X-VII', 'II=IX-VII', 'II=X-VIII']",38409,True,"[{'answer': 'II=X-VIII', 'is_correct': True, 'timestamp': {'$numberLong': '1759254795502'}, 'time_from_start': 35383}]",1,Different Types (Group 2),38.409
sub_480a2534f342,4,2,value-tight-chunk,III = XI - III,III=VI-III,['III=VI-III'],169953,True,"[{'answer': 'III=VI-III', 'is_correct': True, 'timestamp': {'$numberLong': '1759254966532'}, 'time_from_start': 166929}]",1,Different Types (Group 2),169.953
sub_480a2534f342,5,2,tautological,VIII = VIII + VIII,,['VIII=VIII=VIII'],240143,False,[],0,Different Types (Group 2),240.143
sub_1cd849d418d1,1,2,tautological,VIII = VIII + VIII,,['VIII=VIII=VIII'],240122,False,"[{'answer': 'XVI=VIII+VIII', 'is_correct': False, 'timestamp': {'$numberLong': '1759254711149'}, 'time_from_start': 205305}]",1,Different Types (Group 2),240.122
sub_1cd849d418d1,2,2,value-tight-chunk,IV = XI - II,IX=XI-II,"['IX=XI-II', 'IV=VI-II']",27112,True,"[{'answer': 'IX=XI-II', 'is_correct': True, 'timestamp': {'$numberLong': '1759254772723'}, 'time_from_start': 24096}]",1,Different Types (Group 2),27.112
sub_1cd849d418d1,3,2,value-loose-chunk,IX = VII + IV,XI=VII+IV,['XI=VII+IV'],23803,True,"[{'answer': 'XI=VII+IV', 'is_correct': True, 'timestamp': {'$numberLong': '1759254798204'}, 'time_from_start': 20778}]",1,Different Types (Group 2),23.803
sub_1cd849d418d1,4,2,operator,VII = III - IV,VII-III=IV,['VII-III=IV'],151803,True,"[{'answer': 'VII=III+IV', 'is_correct': False, 'timestamp': {'$numberLong': '1759254818924'}, 'time_from_start': 16726}, {'answer': 'VII=III+IV', 'is_correct': False, 'timestamp': {'$numberLong': '1759254835018'}, 'time_from_start': 32820}, {'answer': 'VII=XI-IV', 'is_correct': False, 'timestamp': {'$numberLong': '1759254861743'}, 'time_from_start': 59545}, {'answer': 'VII-III=IV', 'is_correct': True, 'timestamp': {'$numberLong': '1759254950984'}, 'time_from_start': 148786}]",4,Different Types (Group 2),151.803
sub_1cd849d418d1,5,2,hybrid,III = XI + IX,,['III=XII-IX'],240120,False,"[{'answer': 'XI-II=IX', 'is_correct': False, 'timestamp': {'$numberLong': '1759255043554'}, 'time_from_start': 88433}, {'answer': 'II=XI-IX', 'is_correct': False, 'timestamp': {'$numberLong': '1759255130503'}, 'time_from_start': 175382}]",2,Different Types (Group 2),240.12
sub_144aa281af95,1,2,value-loose-chunk,IX = VII + IV,XI=VII+IV,['XI=VII+IV'],240150,True,[],0,Different Types (Group 2),240.15
sub_144aa281af95,2,2,operator,VI = IV - II,,['VI-IV=II'],240162,False,"[{'answer': 'VI=+IV+II', 'is_correct': False, 'timestamp': {'$numberLong': '1759255728319'}, 'time_from_start': 67721}, {'answer': 'VI=IV+II', 'is_correct': False, 'timestamp': {'$numberLong': '1759255766363'}, 'time_from_start': 105765}, {'answer': 'VI=IV-X', 'is_correct': False, 'timestamp': {'$numberLong': '1759255866346'}, 'time_from_start': 205748}]",3,Different Types (Group 2),240.162
sub_144aa281af95,3,2,tautological,VIII = VIII + VIII,,['VIII=VIII=VIII'],240168,False,"[{'answer': 'VXI=VII+VII', 'is_correct': False, 'timestamp': {'$numberLong': '1759256087198'}, 'time_from_start': 181745}, {'answer': 'VII=VII=VII', 'is_correct': False, 'timestamp': {'$numberLong': '1759256111011'}, 'time_from_start': 205558}, {'answer': 'VII-VII=VII', 'is_correct': False, 'timestamp': {'$numberLong': '1759256138591'}, 'time_from_start': 233138}]",3,Different Types (Group 2),240.168
sub_144aa281af95,4,2,hybrid,VII = XII + VI,,['VII=XIII-VI'],240147,False,"[{'answer': 'VX=XII+VI', 'is_correct': False, 'timestamp': {'$numberLong': '1759256258850'}, 'time_from_start': 108507}, {'answer': 'XII=XII-VI', 'is_correct': False, 'timestamp': {'$numberLong': '1759256388552'}, 'time_from_start': 238209}]",2,Different Types (Group 2),240.147
sub_144aa281af95,5,2,value-tight-chunk,VII = IX + III,VII=IV+III,"['XII=IX+III', 'VII=IV+III']",75293,True,"[{'answer': 'VII=IV+III', 'is_correct': True, 'timestamp': {'$numberLong': '1759256481330'}, 'time_from_start': 72256}]",1,Different Types (Group 2),75.293
sub_cfcaf40a0e5d,1,2,value-tight-chunk,III = XI - III,,['III=VI-III'],240180,False,"[{'answer': 'III=IX-III', 'is_correct': False, 'timestamp': {'$numberLong': '1759255878494'}, 'time_from_start': 175015}]",1,Different Types (Group 2),240.18
sub_cfcaf40a0e5d,2,2,hybrid,IV = VII + IV,IV=VIII-IV,['IV=VIII-IV'],77782,True,"[{'answer': 'IV=VIII-IV', 'is_correct': True, 'timestamp': {'$numberLong': '1759256023415'}, 'time_from_start': 74663}]",1,Different Types (Group 2),77.782
sub_cfcaf40a0e5d,3,2,operator,VII = III - IV,VII-III=IV,['VII-III=IV'],163598,True,"[{'answer': 'VII-III=IV', 'is_correct': True, 'timestamp': {'$numberLong': '1759256188908'}, 'time_from_start': 160459}]",1,Different Types (Group 2),163.598
sub_cfcaf40a0e5d,4,2,tautological,III = III + III,,['III=III=III'],240236,False,[],0,Different Types (Group 2),240.236
sub_cfcaf40a0e5d,5,2,value-loose-chunk,III = IX - IV,III=IX-VI,['III=IX-VI'],54441,True,"[{'answer': 'III=IX-VI', 'is_correct': True, 'timestamp': {'$numberLong': '1759256490983'}, 'time_from_start': 51294}]",1,Different Types (Group 2),54.441
sub_ea9c5948c856,1,2,value-loose-chunk,IV = IV - II,IV=VI-II,['IV=VI-II'],57937,True,"[{'answer': 'IV=VI-II', 'is_correct': True, 'timestamp': {'$numberLong': '1759256296994'}, 'time_from_start': 54881}]",1,Different Types (Group 2),57.937
sub_ea9c5948c856,2,2,tautological,IX = IX + IX,,['IX=IX=IX'],240151,False,[],0,Different Types (Group 2),240.151
sub_ea9c5948c856,3,2,hybrid,VII = XII + VI,VII=XIII-VI,['VII=XIII-VI'],46339,True,"[{'answer': 'VII=XIII-VI', 'is_correct': True, 'timestamp': {'$numberLong': '1759256594089'}, 'time_from_start': 43303}]",1,Different Types (Group 2),46.339
sub_ea9c5948c856,4,2,operator,X = VII - III,X-VII=III,['X-VII=III'],207071,True,"[{'answer': 'X=VII+III', 'is_correct': False, 'timestamp': {'$numberLong': '1759256717864'}, 'time_from_start': 111670}, {'answer': 'IX=VII+II', 'is_correct': False, 'timestamp': {'$numberLong': '1759256743848'}, 'time_from_start': 137654}, {'answer': 'X-VII=III', 'is_correct': True, 'timestamp': {'$numberLong': '1759256810224'}, 'time_from_start': 204030}]",3,Different Types (Group 2),207.071
sub_ea9c5948c856,5,2,value-tight-chunk,VII = IX + III,XII=IX+III,"['XII=IX+III', 'VII=IV+III']",20074,True,"[{'answer': 'XII=IX+III', 'is_correct': True, 'timestamp': {'$numberLong': '1759256833096'}, 'time_from_start': 17031}]",1,Different Types (Group 2),20.074
sub_6f0ea503bf10,1,2,hybrid,III = XI + IX,III=XII-IX,['III=XII-IX'],209421,True,"[{'answer': 'III=XII-IX', 'is_correct': True, 'timestamp': {'$numberLong': '1759259040211'}, 'time_from_start': 206397}]",1,Different Types (Group 2),209.421
sub_6f0ea503bf10,2,2,operator,VI = IV - II,VI=V+II,['VI-IV=II'],240146,False,[],0,Different Types (Group 2),240.146
sub_6f0ea503bf10,3,2,value-loose-chunk,II = XI - VII,III=X-VII,"['III=X-VII', 'II=IX-VII', 'II=X-VIII']",115752,True,"[{'answer': 'III=X-VII', 'is_correct': True, 'timestamp': {'$numberLong': '1759259408495'}, 'time_from_start': 112740}]",1,Different Types (Group 2),115.752
sub_6f0ea503bf10,4,2,value-tight-chunk,IV = XI - II,IX=XI-II,"['IX=XI-II', 'IV=VI-II']",39157,True,"[{'answer': 'IX=XI-II', 'is_correct': True, 'timestamp': {'$numberLong': '1759259449328'}, 'time_from_start': 36148}]",1,Different Types (Group 2),39.157
sub_6f0ea503bf10,5,2,tautological,IX = IX + IX,,['IX=IX=IX'],240121,False,[],0,Different Types (Group 2),240.121
sub_0713e3620426,1,2,operator,XIII = VII - VI,,['XIII-VII=VI'],242113,False,"[{'answer': 'XII=VII+VI', 'is_correct': False, 'timestamp': {'$numberLong': '1759260073310'}, 'time_from_start': 184748}]",1,Different Types (Group 2),242.113
sub_0713e3620426,2,2,tautological,XII = XII + XII,XII=XII-XII,['XII=XII=XII'],240142,False,"[{'answer': 'XII=XIII-XII', 'is_correct': False, 'timestamp': {'$numberLong': '1759260346302'}, 'time_from_start': 211626}]",1,Different Types (Group 2),240.142
sub_0713e3620426,3,2,value-loose-chunk,VIII = II + IV,VII=III+IV,"['VIII=II+VI', 'VIII=III+V', 'VII=III+IV']",37310,True,"[{'answer': 'VII=III+IV', 'is_correct': True, 'timestamp': {'$numberLong': '1759260410886'}, 'time_from_start': 34298}]",1,Different Types (Group 2),37.31
sub_0713e3620426,4,2,value-tight-chunk,II = IX - II,,['II=IV-II'],240114,False,"[{'answer': 'II=XI-IX', 'is_correct': False, 'timestamp': {'$numberLong': '1759260615686'}, 'time_from_start': 199867}]",1,Different Types (Group 2),240.114
sub_0713e3620426,5,2,hybrid,III = XI + IX,III=XII-IX,['III=XII-IX'],76430,True,"[{'answer': 'III=XII-IX', 'is_correct': True, 'timestamp': {'$numberLong': '1759260731685'}, 'time_from_start': 73415}]",1,Different Types (Group 2),76.43
sub_30c67a672db1,1,2,tautological,III = III + III,,['III=III=III'],240143,False,"[{'answer': 'VI=III+III', 'is_correct': False, 'timestamp': {'$numberLong': '1759259387455'}, 'time_from_start': 166303}]",1,Different Types (Group 2),240.143
sub_30c67a672db1,2,2,operator,X = VII - III,IX=VI-III,['X-VII=III'],240147,False,[],0,Different Types (Group 2),240.147
sub_30c67a672db1,3,2,value-tight-chunk,IV = XI - II,IV=,"['IX=XI-II', 'IV=VI-II']",241165,False,"[{'answer': 'IV=IX-II', 'is_correct': False, 'timestamp': {'$numberLong': '1759259786428'}, 'time_from_start': 79102}, {'answer': 'VI=XI-II', 'is_correct': False, 'timestamp': {'$numberLong': '1759259840557'}, 'time_from_start': 133231}, {'answer': 'IV=IX-II', 'is_correct': False, 'timestamp': {'$numberLong': '1759259862040'}, 'time_from_start': 154714}, {'answer': 'VI=IX-II', 'is_correct': False, 'timestamp': {'$numberLong': '1759259920188'}, 'time_from_start': 212862}]",4,Different Types (Group 2),241.165
sub_30c67a672db1,4,2,hybrid,III = XI + IX,,['III=XII-IX'],240144,False,"[{'answer': 'XII=I+IX', 'is_correct': False, 'timestamp': {'$numberLong': '1759260025658'}, 'time_from_start': 75062}, {'answer': 'XII=I+IX', 'is_correct': False, 'timestamp': {'$numberLong': '1759260070533'}, 'time_from_start': 119937}, {'answer': 'XII=XI+I', 'is_correct': False, 'timestamp': {'$numberLong': '1759260186195'}, 'time_from_start': 235599}]",3,Different Types (Group 2),240.144
sub_30c67a672db1,5,2,value-loose-chunk,III = IX - IV,VII-X-V,['III=IX-VI'],240143,False,"[{'answer': 'IIII=X-IV', 'is_correct': False, 'timestamp': {'$numberLong': '1759260323489'}, 'time_from_start': 129299}, {'answer': 'III=XI-VI', 'is_correct': False, 'timestamp': {'$numberLong': '1759260379551'}, 'time_from_start': 185361}]",2,Different Types (Group 2),240.143
sub_86228aa12863,1,2,hybrid,IX = XII + IV,IX=XIII-IV,['IX=XIII-IV'],130636,True,"[{'answer': 'IX=XIII-IV', 'is_correct': True, 'timestamp': {'$numberLong': '1759259677995'}, 'time_from_start': 127590}]",1,Different Types (Group 2),130.636
sub_86228aa12863,2,2,value-tight-chunk,XI = IV + II,,"['VI=IV+II', 'XI=IX+II']",240146,False,"[{'answer': 'XI=IV+VI', 'is_correct': False, 'timestamp': {'$numberLong': '1759259926682'}, 'time_from_start': 237200}]",1,Different Types (Group 2),240.146
sub_86228aa12863,3,2,value-loose-chunk,VIII = II + IV,VIII=II+VI,"['VIII=II+VI', 'VIII=III+V', 'VII=III+IV']",40530,True,"[{'answer': 'VIII=II+VI', 'is_correct': True, 'timestamp': {'$numberLong': '1759259969335'}, 'time_from_start': 37501}]",1,Different Types (Group 2),40.53
sub_86228aa12863,4,2,operator,XIII = IX - IV,XIII-IX=IV,['XIII-IX=IV'],114534,True,"[{'answer': 'XIII-IX=IV', 'is_correct': True, 'timestamp': {'$numberLong': '1759260086045'}, 'time_from_start': 111490}]",1,Different Types (Group 2),114.534
sub_86228aa12863,5,2,tautological,III = III + III,,['III=III=III'],240142,False,"[{'answer': 'IIII-III=I', 'is_correct': False, 'timestamp': {'$numberLong': '1759260112981'}, 'time_from_start': 21650}, {'answer': 'III=IV-I', 'is_correct': False, 'timestamp': {'$numberLong': '1759260203902'}, 'time_from_start': 112571}, {'answer': 'II=IIII-II', 'is_correct': False, 'timestamp': {'$numberLong': '1759260290143'}, 'time_from_start': 198812}]",3,Different Types (Group 2),240.142
sub_5b4669f64394,1,2,hybrid,IX = XII + IV,IX=XIII-IV,['IX=XIII-IV'],92533,True,"[{'answer': 'IX=XIII-IV', 'is_correct': True, 'timestamp': {'$numberLong': '1759260901515'}, 'time_from_start': 89493}]",1,Different Types (Group 2),92.533
sub_5b4669f64394,2,2,value-tight-chunk,XI = IV + II,XI=VII+IV,"['VI=IV+II', 'XI=IX+II']",240148,False,[],0,Different Types (Group 2),240.148
sub_5b4669f64394,3,2,value-loose-chunk,IV = IV - II,IV=VI-II,['IV=VI-II'],35793,True,"[{'answer': 'IV=VI-II', 'is_correct': True, 'timestamp': {'$numberLong': '1759261184672'}, 'time_from_start': 32751}]",1,Different Types (Group 2),35.793
sub_5b4669f64394,4,2,tautological,VIII = VIII + VIII,VIII=VI,['VIII=VIII=VIII'],240150,False,"[{'answer': 'VIII=V+III', 'is_correct': False, 'timestamp': {'$numberLong': '1759261412573'}, 'time_from_start': 223071}]",1,Different Types (Group 2),240.15
sub_5b4669f64394,5,2,operator,XIII = IX - IV,XIII-IX=IV,['XIII-IX=IV'],70971,True,"[{'answer': 'XIII-IX=IV', 'is_correct': True, 'timestamp': {'$numberLong': '1759261499827'}, 'time_from_start': 67914}]",1,Different Types (Group 2),70.971
sub_1931b225acb4,1,2,tautological,XII = XII + XII,XII=,['XII=XII=XII'],248192,False,[],0,Different Types (Group 2),248.192
sub_1931b225acb4,2,2,hybrid,IX = XII + IV,IX=XI-V,['IX=XIII-IV'],248188,False,[],0,Different Types (Group 2),248.188
sub_1931b225acb4,3,2,value-tight-chunk,IV = XI - II,X=XI-I,"['IX=XI-II', 'IV=VI-II']",247209,False,[],0,Different Types (Group 2),247.209
sub_1931b225acb4,4,2,operator,VI = IV - II,VI=VI,['VI-IV=II'],247200,False,"[{'answer': 'I=IV-III', 'is_correct': False, 'timestamp': {'$numberLong': '1759261777928'}, 'time_from_start': 207283}, {'answer': 'I=IV-III', 'is_correct': False, 'timestamp': {'$numberLong': '1759261797032'}, 'time_from_start': 226387}]",2,Different Types (Group 2),247.2
sub_1931b225acb4,5,2,value-loose-chunk,IV = IV - II,,['IV=VI-II'],247172,False,"[{'answer': 'II=IV-II', 'is_correct': False, 'timestamp': {'$numberLong': '1759261907657'}, 'time_from_start': 85484}, {'answer': 'II=IV-II', 'is_correct': False, 'timestamp': {'$numberLong': '1759261937768'}, 'time_from_start': 115595}, {'answer': 'IV=V-I', 'is_correct': False, 'timestamp': {'$numberLong': '1759262023552'}, 'time_from_start': 201379}, {'answer': 'III=IV-I', 'is_correct': False, 'timestamp': {'$numberLong': '1759262039828'}, 'time_from_start': 217655}, {'answer': 'V=VII-II', 'is_correct': False, 'timestamp': {'$numberLong': '1759262063400'}, 'time_from_start': 241227}]",5,Different Types (Group 2),247.172
sub_cbfb258080e1,1,2,operator,XIII = IX - IV,XIII-IX=IV,['XIII-IX=IV'],205582,True,"[{'answer': 'XIII=IX+IV', 'is_correct': False, 'timestamp': {'$numberLong': '1759261248477'}, 'time_from_start': 41017}, {'answer': 'XIII-IX=IV', 'is_correct': True, 'timestamp': {'$numberLong': '1759261410014'}, 'time_from_start': 202554}]",2,Different Types (Group 2),205.582
sub_cbfb258080e1,2,2,tautological,IV = IV + IV,,['IV=IV=IV'],240135,False,[],0,Different Types (Group 2),240.135
sub_cbfb258080e1,3,2,hybrid,VII = XII + VI,VII=XIII-VI,['VII=XIII-VI'],100061,True,"[{'answer': 'VII=XIII-VI', 'is_correct': True, 'timestamp': {'$numberLong': '1759261790305'}, 'time_from_start': 97034}]",1,Different Types (Group 2),100.061
sub_cbfb258080e1,4,2,value-loose-chunk,IX = VII + IV,XI=VII+IV,['XI=VII+IV'],45402,True,"[{'answer': 'XI=VII+IV', 'is_correct': True, 'timestamp': {'$numberLong': '1759261838002'}, 'time_from_start': 42382}]",1,Different Types (Group 2),45.402
sub_cbfb258080e1,5,2,value-tight-chunk,II = IX - II,,['II=IV-II'],240128,False,[],0,Different Types (Group 2),240.128
sub_d31b4ef3d2ae,1,2,hybrid,IV = VII + IV,,['IV=VIII-IV'],240158,False,"[{'answer': 'IV+VII=IV', 'is_correct': False, 'timestamp': {'$numberLong': '1759261466421'}, 'time_from_start': 78085}, {'answer': 'IV=VII-IV', 'is_correct': False, 'timestamp': {'$numberLong': '1759261541568'}, 'time_from_start': 153232}, {'answer': 'V=VII+IV', 'is_correct': False, 'timestamp': {'$numberLong': '1759261589824'}, 'time_from_start': 201488}, {'answer': 'IV=VII+V', 'is_correct': False, 'timestamp': {'$numberLong': '1759261598736'}, 'time_from_start': 210400}, {'answer': 'IV=VI+IV', 'is_correct': False, 'timestamp': {'$numberLong': '1759261608650'}, 'time_from_start': 220314}, {'answer': 'IV=VI+IIV', 'is_correct': False, 'timestamp': {'$numberLong': '1759261617356'}, 'time_from_start': 229020}, {'answer': 'IV=IVI+IV', 'is_correct': False, 'timestamp': {'$numberLong': '1759261626480'}, 'time_from_start': 238144}]",7,Different Types (Group 2),240.158
sub_d31b4ef3d2ae,2,2,tautological,III = III + III,,['III=III=III'],240157,False,"[{'answer': 'IIII=III-III', 'is_correct': False, 'timestamp': {'$numberLong': '1759261674069'}, 'time_from_start': 41077}, {'answer': 'II=IIII+III', 'is_correct': False, 'timestamp': {'$numberLong': '1759261685180'}, 'time_from_start': 52188}, {'answer': 'IIII=II+III', 'is_correct': False, 'timestamp': {'$numberLong': '1759261697815'}, 'time_from_start': 64823}, {'answer': 'III=III-IIII', 'is_correct': False, 'timestamp': {'$numberLong': '1759261727731'}, 'time_from_start': 94739}, {'answer': 'IIII=III-II', 'is_correct': False, 'timestamp': {'$numberLong': '1759261741656'}, 'time_from_start': 108664}, {'answer': 'IIII=IIII-III', 'is_correct': False, 'timestamp': {'$numberLong': '1759261758763'}, 'time_from_start': 125771}, {'answer': 'IIII=III+II', 'is_correct': False, 'timestamp': {'$numberLong': '1759261770246'}, 'time_from_start': 137254}, {'answer': 'IIII-III+III', 'is_correct': False, 'timestamp': {'$numberLong': '1759261787757'}, 'time_from_start': 154765}, {'answer': 'III-IIII+III', 'is_correct': False, 'timestamp': {'$numberLong': '1759261809793'}, 'time_from_start': 176801}, {'answer': 'III-III-IIII', 'is_correct': False, 'timestamp': {'$numberLong': '1759261824497'}, 'time_from_start': 191505}, {'answer': 'III-IIII+III', 'is_correct': False, 'timestamp': {'$numberLong': '1759261868294'}, 'time_from_start': 235302}]",11,Different Types (Group 2),240.157
sub_d31b4ef3d2ae,3,2,value-loose-chunk,IV = IV - II,IV=VI-II,['IV=VI-II'],59898,True,"[{'answer': 'IV+IV-II', 'is_correct': False, 'timestamp': {'$numberLong': '1759261894440'}, 'time_from_start': 19654}, {'answer': 'IIV-IV-II', 'is_correct': False, 'timestamp': {'$numberLong': '1759261907046'}, 'time_from_start': 32260}, {'answer': 'IV-IIV-II', 'is_correct': False, 'timestamp': {'$numberLong': '1759261919544'}, 'time_from_start': 44758}, {'answer': 'IV=VI-II', 'is_correct': True, 'timestamp': {'$numberLong': '1759261931660'}, 'time_from_start': 56874}]",4,Different Types (Group 2),59.898
sub_d31b4ef3d2ae,4,2,value-tight-chunk,III = XI - III,III+XI-,['III=VI-III'],240128,False,"[{'answer': 'III=IX-III', 'is_correct': False, 'timestamp': {'$numberLong': '1759261948333'}, 'time_from_start': 12100}, {'answer': 'II=IXI-III', 'is_correct': False, 'timestamp': {'$numberLong': '1759261959108'}, 'time_from_start': 22875}, {'answer': 'III=IXI-II', 'is_correct': False, 'timestamp': {'$numberLong': '1759261968846'}, 'time_from_start': 32613}, {'answer': 'III-XI=III', 'is_correct': False, 'timestamp': {'$numberLong': '1759261984905'}, 'time_from_start': 48672}, {'answer': 'III=IXI-II', 'is_correct': False, 'timestamp': {'$numberLong': '1759261997829'}, 'time_from_start': 61596}, {'answer': 'II=XI-IIII', 'is_correct': False, 'timestamp': {'$numberLong': '1759262012007'}, 'time_from_start': 75774}, {'answer': 'III=X-IIII', 'is_correct': False, 'timestamp': {'$numberLong': '1759262022809'}, 'time_from_start': 86576}, {'answer': 'III-XI=III', 'is_correct': False, 'timestamp': {'$numberLong': '1759262038115'}, 'time_from_start': 101882}, {'answer': 'IIII=XI-II', 'is_correct': False, 'timestamp': {'$numberLong': '1759262051072'}, 'time_from_start': 114839}, {'answer': 'II=XI+III', 'is_correct': False, 'timestamp': {'$numberLong': '1759262059774'}, 'time_from_start': 123541}, {'answer': 'III=XII-II', 'is_correct': False, 'timestamp': {'$numberLong': '1759262074515'}, 'time_from_start': 138282}, {'answer': 'III=IXI-II', 'is_correct': False, 'timestamp': {'$numberLong': '1759262095125'}, 'time_from_start': 158892}, {'answer': 'II=IXI-III', 'is_correct': False, 'timestamp': {'$numberLong': '1759262104500'}, 'time_from_start': 168267}, {'answer': 'III+XI=III', 'is_correct': False, 'timestamp': {'$numberLong': '1759262122072'}, 'time_from_start': 185839}, {'answer': 'III-XI=IIII', 'is_correct': False, 'timestamp': {'$numberLong': '1759262138181'}, 'time_from_start': 201948}, {'answer': 'III-IXI-III', 'is_correct': False, 'timestamp': {'$numberLong': '1759262153874'}, 'time_from_start': 217641}]",16,Different Types (Group 2),240.128
sub_d31b4ef3d2ae,5,2,operator,VI = IV - II,VI,['VI-IV=II'],240135,False,"[{'answer': 'VI-IV+II', 'is_correct': False, 'timestamp': {'$numberLong': '1759262189117'}, 'time_from_start': 11117}, {'answer': 'IV=IV-II', 'is_correct': False, 'timestamp': {'$numberLong': '1759262197390'}, 'time_from_start': 19390}, {'answer': 'VI=VI-II', 'is_correct': False, 'timestamp': {'$numberLong': '1759262205472'}, 'time_from_start': 27472}, {'answer': 'V=IIV-II', 'is_correct': False, 'timestamp': {'$numberLong': '1759262214135'}, 'time_from_start': 36135}, {'answer': 'V=IVI-II', 'is_correct': False, 'timestamp': {'$numberLong': '1759262230215'}, 'time_from_start': 52215}, {'answer': 'V=IV-III', 'is_correct': False, 'timestamp': {'$numberLong': '1759262241650'}, 'time_from_start': 63650}, {'answer': 'VI=V-III', 'is_correct': False, 'timestamp': {'$numberLong': '1759262249433'}, 'time_from_start': 71433}, {'answer': 'VI=VI-II', 'is_correct': False, 'timestamp': {'$numberLong': '1759262259777'}, 'time_from_start': 81777}, {'answer': 'V-IV=II', 'is_correct': False, 'timestamp': {'$numberLong': '1759262268037'}, 'time_from_start': 90037}, {'answer': 'VII=V-II', 'is_correct': False, 'timestamp': {'$numberLong': '1759262305263'}, 'time_from_start': 127263}, {'answer': 'IVI=V-II', 'is_correct': False, 'timestamp': {'$numberLong': '1759262320086'}, 'time_from_start': 142086}, {'answer': 'VI=V-III', 'is_correct': False, 'timestamp': {'$numberLong': '1759262354601'}, 'time_from_start': 176601}, {'answer': 'VI=IVI-I', 'is_correct': False, 'timestamp': {'$numberLong': '1759262365683'}, 'time_from_start': 187683}, {'answer': 'IVI=IV-I', 'is_correct': False, 'timestamp': {'$numberLong': '1759262372734'}, 'time_from_start': 194734}, {'answer': 'VII=IV-I', 'is_correct': False, 'timestamp': {'$numberLong': '1759262379808'}, 'time_from_start': 201808}, {'answer': 'VI=IIV-I', 'is_correct': False, 'timestamp': {'$numberLong': '1759262388865'}, 'time_from_start': 210865}, {'answer': 'VI=V-III', 'is_correct': False, 'timestamp': {'$numberLong': '1759262405742'}, 'time_from_start': 227742}]",17,Different Types (Group 2),240.135
sub_dd6c62471e84,1,2,operator,XIII = VII - VI,,['XIII-VII=VI'],240130,False,"[{'answer': 'VI+VII=XIII', 'is_correct': False, 'timestamp': {'$numberLong': '1759261650962'}, 'time_from_start': 53250}, {'answer': 'XIII=VII+VI', 'is_correct': False, 'timestamp': {'$numberLong': '1759261672511'}, 'time_from_start': 74799}, {'answer': 'I', 'is_correct': False, 'timestamp': {'$numberLong': '1759261700381'}, 'time_from_start': 102669}, {'answer': 'XIII=VII+VI', 'is_correct': False, 'timestamp': {'$numberLong': '1759261736745'}, 'time_from_start': 139033}]",4,Different Types (Group 2),240.13
sub_dd6c62471e84,2,2,value-loose-chunk,IX = VII + IV,XI=VII+IV,['XI=VII+IV'],90832,True,"[{'answer': 'XI=VII+IV', 'is_correct': True, 'timestamp': {'$numberLong': '1759262101645'}, 'time_from_start': 87806}]",1,Different Types (Group 2),90.832
sub_dd6c62471e84,3,2,tautological,IX = IX + IX,,['IX=IX=IX'],240127,False,[],0,Different Types (Group 2),240.127
sub_dd6c62471e84,4,2,value-tight-chunk,II = IX - II,II=IV-II,['II=IV-II'],185877,True,"[{'answer': 'II=IV-II', 'is_correct': True, 'timestamp': {'$numberLong': '1759262661280'}, 'time_from_start': 182846}]",1,Different Types (Group 2),185.877
sub_dd6c62471e84,5,2,hybrid,IV = VII + IV,IV,['IV=VIII-IV'],240124,False,[],0,Different Types (Group 2),240.124
sub_598b8785c9a4,1,1,hybrid,IX = XII + IV,IX,['IX=XIII-IV'],240184,False,[],0,Same Type (Group 1),240.184
sub_598b8785c9a4,2,1,hybrid,III = XI + IX,,['III=XII-IX'],240182,False,"[{'answer': 'II=XI-IX', 'is_correct': False, 'timestamp': {'$numberLong': '1759264498162'}, 'time_from_start': 112175}, {'answer': 'XIII=XI+IX', 'is_correct': False, 'timestamp': {'$numberLong': '1759264519786'}, 'time_from_start': 133799}, {'answer': 'XX=XI+IX', 'is_correct': False, 'timestamp': {'$numberLong': '1759264585506'}, 'time_from_start': 199519}]",3,Same Type (Group 1),240.182
sub_598b8785c9a4,3,1,hybrid,VI = VI + I,VI=VII-I,['VI=VII-I'],72779,True,"[{'answer': 'VI=VII-I', 'is_correct': True, 'timestamp': {'$numberLong': '1759264698289'}, 'time_from_start': 69726}]",1,Same Type (Group 1),72.779
sub_598b8785c9a4,4,1,hybrid,VII = XII + VI,,['VII=XIII-VI'],240252,False,"[{'answer': 'VII=XII-V', 'is_correct': False, 'timestamp': {'$numberLong': '1759264807875'}, 'time_from_start': 102856}, {'answer': 'VII=XI-VII', 'is_correct': False, 'timestamp': {'$numberLong': '1759264869993'}, 'time_from_start': 164974}, {'answer': 'X+VIII', 'is_correct': False, 'timestamp': {'$numberLong': '1759264906725'}, 'time_from_start': 201706}, {'answer': 'VIII=X+VII', 'is_correct': False, 'timestamp': {'$numberLong': '1759264940898'}, 'time_from_start': 235879}]",4,Same Type (Group 1),240.252
sub_598b8785c9a4,5,1,hybrid,IV = VII + IV,IV=X,['IV=VIII-IV'],240152,False,"[{'answer': 'VI=II+IV', 'is_correct': False, 'timestamp': {'$numberLong': '1759265054042'}, 'time_from_start': 105230}, {'answer': 'VI=II+IV', 'is_correct': False, 'timestamp': {'$numberLong': '1759265072698'}, 'time_from_start': 123886}, {'answer': 'VI=II+IV', 'is_correct': False, 'timestamp': {'$numberLong': '1759265084770'}, 'time_from_start': 135958}, {'answer': 'III=VII+VI', 'is_correct': False, 'timestamp': {'$numberLong': '1759265112962'}, 'time_from_start': 164150}, {'answer': 'VI=II+IV', 'is_correct': False, 'timestamp': {'$numberLong': '1759265146186'}, 'time_from_start': 197374}]",5,Same Type (Group 1),240.152
sub_41bde21ec10e,1,1,value-tight-chunk,XI = IV + II,XI=,"['VI=IV+II', 'XI=IX+II']",240222,False,[],0,Same Type (Group 1),240.222
sub_41bde21ec10e,2,1,value-tight-chunk,VII = IX + III,VII=IIX,"['XII=IX+III', 'VII=IV+III']",240175,False,[],0,Same Type (Group 1),240.175
sub_41bde21ec10e,3,1,value-tight-chunk,II = IX - II,II=IV-II,['II=IV-II'],157749,True,"[{'answer': 'II=IV-II', 'is_correct': True, 'timestamp': {'$numberLong': '1759265058479'}, 'time_from_start': 154671}]",1,Same Type (Group 1),157.749
sub_41bde21ec10e,4,1,value-tight-chunk,III = XI - III,III=VI-III,['III=VI-III'],38094,True,"[{'answer': 'III=VI-III', 'is_correct': True, 'timestamp': {'$numberLong': '1759265098635'}, 'time_from_start': 35052}]",1,Same Type (Group 1),38.094
sub_41bde21ec10e,5,1,value-tight-chunk,IV = XI - II,IV=VI-II,"['IX=XI-II', 'IV=VI-II']",37315,True,"[{'answer': 'IV=VI-II', 'is_correct': True, 'timestamp': {'$numberLong': '1759265137326'}, 'time_from_start': 34279}]",1,Same Type (Group 1),37.315
sub_91054a8a7eed,1,1,value-loose-chunk,IX = VII + IV,XI=VII+IV,['XI=VII+IV'],84037,True,"[{'answer': 'XI=VII+IV', 'is_correct': True, 'timestamp': {'$numberLong': '1759265189021'}, 'time_from_start': 80995}]",1,Same Type (Group 1),84.037
sub_91054a8a7eed,2,1,value-loose-chunk,II = XI - VII,II=X-VIII,"['III=X-VII', 'II=IX-VII', 'II=X-VIII']",47836,True,"[{'answer': 'II=X-VIII', 'is_correct': True, 'timestamp': {'$numberLong': '1759265242799'}, 'time_from_start': 44819}]",1,Same Type (Group 1),47.836
sub_91054a8a7eed,3,1,value-loose-chunk,III = IX - IV,III=IX-VI,['III=IX-VI'],48598,True,"[{'answer': 'III=IX-VI', 'is_correct': True, 'timestamp': {'$numberLong': '1759265293905'}, 'time_from_start': 45570}]",1,Same Type (Group 1),48.598
sub_91054a8a7eed,4,1,value-loose-chunk,IV = IV - II,IV=VI-II,['IV=VI-II'],36519,True,"[{'answer': 'IV=VI-II', 'is_correct': True, 'timestamp': {'$numberLong': '1759265333754'}, 'time_from_start': 33497}]",1,Same Type (Group 1),36.519
sub_91054a8a7eed,5,1,value-loose-chunk,VIII = II + IV,VII=III+IV,"['VIII=II+VI', 'VIII=III+V', 'VII=III+IV']",37213,True,"[{'answer': 'VII=III+IV', 'is_correct': True, 'timestamp': {'$numberLong': '1759265372359'}, 'time_from_start': 34186}]",1,Same Type (Group 1),37.213
sub_9889ea88dba9,1,1,tautological,VIII = VIII + VIII,XIII,['VIII=VIII=VIII'],240157,False,"[{'answer': 'VII=VIII-VII', 'is_correct': False, 'timestamp': {'$numberLong': '1759265034925'}, 'time_from_start': 112081}, {'answer': 'VII=VIII-VII', 'is_correct': False, 'timestamp': {'$numberLong': '1759265051139'}, 'time_from_start': 128295}, {'answer': 'VIII=VIII+VII', 'is_correct': False, 'timestamp': {'$numberLong': '1759265093983'}, 'time_from_start': 171139}, {'answer': 'XIII=VIII+V', 'is_correct': False, 'timestamp': {'$numberLong': '1759265141375'}, 'time_from_start': 218531}]",4,Same Type (Group 1),240.157
sub_9889ea88dba9,2,1,tautological,IV = IV + IV,IV=IV=IV,['IV=IV=IV'],164777,True,"[{'answer': 'VI=IV+II', 'is_correct': False, 'timestamp': {'$numberLong': '1759265236079'}, 'time_from_start': 68570}, {'answer': 'VI=IV+II', 'is_correct': False, 'timestamp': {'$numberLong': '1759265297281'}, 'time_from_start': 129772}, {'answer': 'IV=IV=IV', 'is_correct': True, 'timestamp': {'$numberLong': '1759265329204'}, 'time_from_start': 161695}]",3,Same Type (Group 1),164.777
sub_9889ea88dba9,3,1,tautological,XII = XII + XII,XII=XII=XII,['XII=XII=XII'],57858,True,"[{'answer': 'XII=XII=XII', 'is_correct': True, 'timestamp': {'$numberLong': '1759265392720'}, 'time_from_start': 54824}]",1,Same Type (Group 1),57.858
sub_9889ea88dba9,4,1,tautological,IX = IX + IX,IX=IX=IX,['IX=IX=IX'],55718,True,"[{'answer': 'IX=IX=IX', 'is_correct': True, 'timestamp': {'$numberLong': '1759265449621'}, 'time_from_start': 52662}]",1,Same Type (Group 1),55.718
sub_9889ea88dba9,5,1,tautological,III = III + III,III=III=III,['III=III=III'],16430,True,"[{'answer': 'III=III=III', 'is_correct': True, 'timestamp': {'$numberLong': '1759265467205'}, 'time_from_start': 13378}]",1,Same Type (Group 1),16.43
sub_22e46408b7d2,1,1,operator,VI = IV - II,,['VI-IV=II'],240142,False,"[{'answer': 'VI=IV+I', 'is_correct': False, 'timestamp': {'$numberLong': '1759265206732'}, 'time_from_start': 207177}]",1,Same Type (Group 1),240.142
sub_22e46408b7d2,2,1,operator,VII = III - IV,,['VII-III=IV'],240156,False,"[{'answer': 'VII=III+III', 'is_correct': False, 'timestamp': {'$numberLong': '1759265305525'}, 'time_from_start': 61810}, {'answer': 'VII=III+V', 'is_correct': False, 'timestamp': {'$numberLong': '1759265426915'}, 'time_from_start': 183200}, {'answer': 'VII=III+IV', 'is_correct': False, 'timestamp': {'$numberLong': '1759265452054'}, 'time_from_start': 208339}]",3,Same Type (Group 1),240.156
sub_22e46408b7d2,3,1,operator,XIII = IX - IV,XIII-IX=IV,['XIII-IX=IV'],67251,True,"[{'answer': 'XIII-IX=IV', 'is_correct': True, 'timestamp': {'$numberLong': '1759265556334'}, 'time_from_start': 64205}]",1,Same Type (Group 1),67.251
sub_22e46408b7d2,4,1,operator,XIII = VII - VI,,['XIII-VII=VI'],240136,False,"[{'answer': 'XIII=VIIII-V', 'is_correct': False, 'timestamp': {'$numberLong': '1759265699785'}, 'time_from_start': 134492}]",1,Same Type (Group 1),240.136
sub_22e46408b7d2,5,1,operator,X = VII - III,,['X-VII=III'],240143,False,"[{'answer': 'X=VII-II', 'is_correct': False, 'timestamp': {'$numberLong': '1759265915526'}, 'time_from_start': 105225}, {'answer': 'V=VIII-III', 'is_correct': False, 'timestamp': {'$numberLong': '1759265974298'}, 'time_from_start': 163997}]",2,Same Type (Group 1),240.143
sub_8b6bc95cabb0,1,1,value-tight-chunk,II = IX - II,II=IV-II,['II=IV-II'],117778,True,"[{'answer': 'II=IX-II', 'is_correct': False, 'timestamp': {'$numberLong': '1759266435823'}, 'time_from_start': 50162}, {'answer': 'II=IV-II', 'is_correct': True, 'timestamp': {'$numberLong': '1759266500403'}, 'time_from_start': 114742}]",2,Same Type (Group 1),117.778
sub_8b6bc95cabb0,2,1,value-tight-chunk,XI = IV + II,XI=IX+II,"['VI=IV+II', 'XI=IX+II']",65230,True,"[{'answer': 'XI=IX+II', 'is_correct': True, 'timestamp': {'$numberLong': '1759266568750'}, 'time_from_start': 62189}]",1,Same Type (Group 1),65.23
sub_8b6bc95cabb0,3,1,value-tight-chunk,IV = XI - II,IV=VI-II,"['IX=XI-II', 'IV=VI-II']",56646,True,"[{'answer': 'IV=VI-II', 'is_correct': True, 'timestamp': {'$numberLong': '1759266626692'}, 'time_from_start': 53613}]",1,Same Type (Group 1),56.646
sub_8b6bc95cabb0,4,1,value-tight-chunk,III = XI - III,III=VI-III,['III=VI-III'],48430,True,"[{'answer': 'III=VI-III', 'is_correct': True, 'timestamp': {'$numberLong': '1759266676329'}, 'time_from_start': 45386}]",1,Same Type (Group 1),48.43
sub_8b6bc95cabb0,5,1,value-tight-chunk,VII = IX + III,VII=IV+III,"['XII=IX+III', 'VII=IV+III']",76316,True,"[{'answer': 'VII=IV+III', 'is_correct': True, 'timestamp': {'$numberLong': '1759266753672'}, 'time_from_start': 73286}]",1,Same Type (Group 1),76.316
sub_9146808bb050,1,1,hybrid,VII = XII + VI,VII=,['VII=XIII-VI'],240115,False,[],0,Same Type (Group 1),240.115
sub_9146808bb050,2,1,hybrid,III = XI + IX,,['III=XII-IX'],240116,False,"[{'answer': 'IV=XII-IX', 'is_correct': False, 'timestamp': {'$numberLong': '1759266465557'}, 'time_from_start': 52124}, {'answer': 'IV', 'is_correct': False, 'timestamp': {'$numberLong': '1759266476033'}, 'time_from_start': 62600}, {'answer': 'IV=XI-IX', 'is_correct': False, 'timestamp': {'$numberLong': '1759266492223'}, 'time_from_start': 78790}, {'answer': 'IV=XI-IX', 'is_correct': False, 'timestamp': {'$numberLong': '1759266542763'}, 'time_from_start': 129330}, {'answer': 'III=V+IX', 'is_correct': False, 'timestamp': {'$numberLong': '1759266567504'}, 'time_from_start': 154071}, {'answer': 'III-XI=IIX', 'is_correct': False, 'timestamp': {'$numberLong': '1759266632672'}, 'time_from_start': 219239}, {'answer': 'III=IX+XI', 'is_correct': False, 'timestamp': {'$numberLong': '1759266646264'}, 'time_from_start': 232831}]",7,Same Type (Group 1),240.116
sub_9146808bb050,3,1,hybrid,IV = VII + IV,IV=VIII-IV,['IV=VIII-IV'],51834,True,"[{'answer': 'IV=VIII-IV', 'is_correct': True, 'timestamp': {'$numberLong': '1759266707460'}, 'time_from_start': 48817}]",1,Same Type (Group 1),51.834
sub_9146808bb050,4,1,hybrid,VI = VI + I,VI,['VI=VII-I'],240111,False,"[{'answer': 'VII=VI+I', 'is_correct': False, 'timestamp': {'$numberLong': '1759266768583'}, 'time_from_start': 56585}, {'answer': 'VI=IV+I', 'is_correct': False, 'timestamp': {'$numberLong': '1759266854494'}, 'time_from_start': 142496}, {'answer': 'VI=VI-X', 'is_correct': False, 'timestamp': {'$numberLong': '1759266882536'}, 'time_from_start': 170538}, {'answer': 'XI=VI+I', 'is_correct': False, 'timestamp': {'$numberLong': '1759266898154'}, 'time_from_start': 186156}, {'answer': 'IX=VI+I', 'is_correct': False, 'timestamp': {'$numberLong': '1759266906772'}, 'time_from_start': 194774}]",5,Same Type (Group 1),240.111
sub_9146808bb050,5,1,hybrid,IX = XII + IV,IX=XIII-IV,['IX=XIII-IV'],87265,True,"[{'answer': 'IIX=XI+IV', 'is_correct': False, 'timestamp': {'$numberLong': '1759267013894'}, 'time_from_start': 60480}, {'answer': 'IX=XIII-IV', 'is_correct': True, 'timestamp': {'$numberLong': '1759267037650'}, 'time_from_start': 84236}]",2,Same Type (Group 1),87.265
sub_adeef36ba680,1,1,tautological,VIII = VIII + VIII,,['VIII=VIII=VIII'],240127,False,"[{'answer': 'XVII=VIII+VIII', 'is_correct': False, 'timestamp': {'$numberLong': '1759269803991'}, 'time_from_start': 237096}]",1,Same Type (Group 1),240.127
sub_adeef36ba680,2,1,tautological,XII = XII + XII,,['XII=XII=XII'],240123,False,"[{'answer': 'XIII=', 'is_correct': False, 'timestamp': {'$numberLong': '1759270058304'}, 'time_from_start': 239942}]",1,Same Type (Group 1),240.123
sub_adeef36ba680,3,1,tautological,III = III + III,,['III=III=III'],242121,False,"[{'answer': 'IV=II+II', 'is_correct': False, 'timestamp': {'$numberLong': '1759270293375'}, 'time_from_start': 228653}]",1,Same Type (Group 1),242.121
sub_adeef36ba680,4,1,tautological,IV = IV + IV,,['IV=IV=IV'],240127,False,"[{'answer': 'IX=IV+IV', 'is_correct': False, 'timestamp': {'$numberLong': '1759270363198'}, 'time_from_start': 53826}, {'answer': 'IX=IV+IV', 'is_correct': False, 'timestamp': {'$numberLong': '1759270455880'}, 'time_from_start': 146508}]",2,Same Type (Group 1),240.127
sub_adeef36ba680,5,1,tautological,IX = IX + IX,,['IX=IX=IX'],240130,False,"[{'answer': 'IX=X-I', 'is_correct': False, 'timestamp': {'$numberLong': '1759270672859'}, 'time_from_start': 114172}, {'answer': 'IX=XX-XI', 'is_correct': False, 'timestamp': {'$numberLong': '1759270710088'}, 'time_from_start': 151401}, {'answer': 'XI=IX-II', 'is_correct': False, 'timestamp': {'$numberLong': '1759270747156'}, 'time_from_start': 188469}, {'answer': 'XIX=X-IX', 'is_correct': False, 'timestamp': {'$numberLong': '1759270769794'}, 'time_from_start': 211107}]",4,Same Type (Group 1),240.13
sub_5b52e7e48fb7,1,1,hybrid,VI = VI + I,VII,['VI=VII-I'],240120,False,"[{'answer': 'V=IV+I', 'is_correct': False, 'timestamp': {'$numberLong': '1759270111929'}, 'time_from_start': 199240}]",1,Same Type (Group 1),240.12
sub_5b52e7e48fb7,2,1,hybrid,III = XI + IX,,['III=XII-IX'],240118,False,"[{'answer': 'II=XI-IX', 'is_correct': False, 'timestamp': {'$numberLong': '1759270246577'}, 'time_from_start': 90231}, {'answer': 'III=XII-X', 'is_correct': False, 'timestamp': {'$numberLong': '1759270276721'}, 'time_from_start': 120375}, {'answer': 'IIII=XI-X', 'is_correct': False, 'timestamp': {'$numberLong': '1759270322041'}, 'time_from_start': 165695}, {'answer': 'II=XI-IX', 'is_correct': False, 'timestamp': {'$numberLong': '1759270348177'}, 'time_from_start': 191831}, {'answer': 'II=XI-IIX', 'is_correct': False, 'timestamp': {'$numberLong': '1759270390009'}, 'time_from_start': 233663}]",5,Same Type (Group 1),240.118
sub_5b52e7e48fb7,3,1,hybrid,IV = VII + IV,,['IV=VIII-IV'],240123,False,"[{'answer': 'IV=IVI-IV', 'is_correct': False, 'timestamp': {'$numberLong': '1759270481185'}, 'time_from_start': 78935}, {'answer': 'IV=IVII-V', 'is_correct': False, 'timestamp': {'$numberLong': '1759270509473'}, 'time_from_start': 107223}, {'answer': 'V=IVII-IV', 'is_correct': False, 'timestamp': {'$numberLong': '1759270546201'}, 'time_from_start': 143951}, {'answer': 'V=VII-IVI', 'is_correct': False, 'timestamp': {'$numberLong': '1759270577289'}, 'time_from_start': 175039}, {'answer': 'V=IVII+V', 'is_correct': False, 'timestamp': {'$numberLong': '1759270601017'}, 'time_from_start': 198767}, {'answer': 'V=VII-IV', 'is_correct': False, 'timestamp': {'$numberLong': '1759270638121'}, 'time_from_start': 235871}]",6,Same Type (Group 1),240.123
sub_5b52e7e48fb7,4,1,hybrid,VII = XII + VI,,['VII=XIII-VI'],240116,False,"[{'answer': 'VI=XIII-VI', 'is_correct': False, 'timestamp': {'$numberLong': '1759270716025'}, 'time_from_start': 72111}, {'answer': 'VII=XIII-V', 'is_correct': False, 'timestamp': {'$numberLong': '1759270781801'}, 'time_from_start': 137887}, {'answer': 'VII=XII-VI', 'is_correct': False, 'timestamp': {'$numberLong': '1759270836474'}, 'time_from_start': 192560}, {'answer': 'VI=XII-VI', 'is_correct': False, 'timestamp': {'$numberLong': '1759270875354'}, 'time_from_start': 231440}]",4,Same Type (Group 1),240.116
sub_5b52e7e48fb7,5,1,hybrid,IX = XII + IV,IX=XIII-IV,['IX=XIII-IV'],131752,True,"[{'answer': 'IX=XIII-IV', 'is_correct': True, 'timestamp': {'$numberLong': '1759271017010'}, 'time_from_start': 128728}]",1,Same Type (Group 1),131.752
sub_1050042e659b,1,1,operator,VI = IV - II,VI-IV=II,['VI-IV=II'],97246,True,"[{'answer': 'VI=IV+II', 'is_correct': False, 'timestamp': {'$numberLong': '1759270635423'}, 'time_from_start': 60914}, {'answer': 'VI=IV+II', 'is_correct': False, 'timestamp': {'$numberLong': '1759270649265'}, 'time_from_start': 74756}, {'answer': 'VI-IV=II', 'is_correct': True, 'timestamp': {'$numberLong': '1759270668707'}, 'time_from_start': 94198}]",3,Same Type (Group 1),97.246
sub_1050042e659b,2,1,operator,X = VII - III,X-VII=III,['X-VII=III'],31610,True,"[{'answer': 'X=VII-III', 'is_correct': False, 'timestamp': {'$numberLong': '1759270689586'}, 'time_from_start': 15097}, {'answer': 'X-VII=III', 'is_correct': True, 'timestamp': {'$numberLong': '1759270703080'}, 'time_from_start': 28591}]",2,Same Type (Group 1),31.61
sub_1050042e659b,3,1,operator,XIII = IX - IV,XIII-IX=IV,['XIII-IX=IV'],78537,True,"[{'answer': 'XIII-IX=IV', 'is_correct': True, 'timestamp': {'$numberLong': '1759270782765'}, 'time_from_start': 75500}]",1,Same Type (Group 1),78.537
sub_1050042e659b,4,1,operator,XIII = VII - VI,XIII-VII=VI,['XIII-VII=VI'],26372,True,"[{'answer': 'XIII-VII=VI', 'is_correct': True, 'timestamp': {'$numberLong': '1759270810523'}, 'time_from_start': 23347}]",1,Same Type (Group 1),26.372
sub_1050042e659b,5,1,operator,VII = III - IV,VII-III=IV,['VII-III=IV'],32624,True,"[{'answer': 'VII-III=IV', 'is_correct': True, 'timestamp': {'$numberLong': '1759270843844'}, 'time_from_start': 29590}]",1,Same Type (Group 1),32.624
sub_eb19178b58f7,1,1,value-loose-chunk,II = XI - VII,III=X-VII,"['III=X-VII', 'II=IX-VII', 'II=X-VIII']",223960,True,"[{'answer': 'II=XI-VII', 'is_correct': False, 'timestamp': {'$numberLong': '1759271156052'}, 'time_from_start': 87742}, {'answer': 'III=XI-VII', 'is_correct': False, 'timestamp': {'$numberLong': '1759271241784'}, 'time_from_start': 173474}, {'answer': 'II=X-VII', 'is_correct': False, 'timestamp': {'$numberLong': '1759271283140'}, 'time_from_start': 214830}, {'answer': 'III=X-VII', 'is_correct': True, 'timestamp': {'$numberLong': '1759271289229'}, 'time_from_start': 220919}]",4,Same Type (Group 1),223.96
sub_eb19178b58f7,2,1,value-loose-chunk,IX = VII + IV,,['XI=VII+IV'],240135,False,"[{'answer': 'IX=IIV+IV', 'is_correct': False, 'timestamp': {'$numberLong': '1759271464981'}, 'time_from_start': 171437}]",1,Same Type (Group 1),240.135
sub_eb19178b58f7,3,1,value-loose-chunk,VIII = II + IV,VIII=II+VI,"['VIII=II+VI', 'VIII=III+V', 'VII=III+IV']",48676,True,"[{'answer': 'VIII=II+VI', 'is_correct': True, 'timestamp': {'$numberLong': '1759271581033'}, 'time_from_start': 45647}]",1,Same Type (Group 1),48.676
sub_eb19178b58f7,4,1,value-loose-chunk,IV = IV - II,IV=VI-II,['IV=VI-II'],232308,True,"[{'answer': 'I=IV-IIV', 'is_correct': False, 'timestamp': {'$numberLong': '1759271639301'}, 'time_from_start': 54469}, {'answer': 'IIV=IV-I', 'is_correct': False, 'timestamp': {'$numberLong': '1759271717911'}, 'time_from_start': 133079}, {'answer': 'IV=VI-II', 'is_correct': True, 'timestamp': {'$numberLong': '1759271814099'}, 'time_from_start': 229267}]",3,Same Type (Group 1),232.308
sub_eb19178b58f7,5,1,value-loose-chunk,III = IX - IV,III=IX-VI,['III=IX-VI'],233821,True,"[{'answer': 'II=IX-VII', 'is_correct': False, 'timestamp': {'$numberLong': '1759271864233'}, 'time_from_start': 45926}, {'answer': 'III=IIX-V', 'is_correct': False, 'timestamp': {'$numberLong': '1759271997217'}, 'time_from_start': 178910}, {'answer': 'III=IIX-V', 'is_correct': False, 'timestamp': {'$numberLong': '1759272012510'}, 'time_from_start': 194203}, {'answer': 'III=IX-VI', 'is_correct': True, 'timestamp': {'$numberLong': '1759272049082'}, 'time_from_start': 230775}]",4,Same Type (Group 1),233.821
sub_805570755bc1,1,1,operator,XIII = VII - VI,,['XIII-VII=VI'],240125,False,"[{'answer': '+', 'is_correct': False, 'timestamp': {'$numberLong': '1759271656814'}, 'time_from_start': 82421}]",1,Same Type (Group 1),240.125
sub_805570755bc1,2,1,operator,X = VII - III,X-VII=III,['X-VII=III'],223670,True,"[{'answer': 'X-VII=III', 'is_correct': True, 'timestamp': {'$numberLong': '1759272041088'}, 'time_from_start': 220630}]",1,Same Type (Group 1),223.67
sub_805570755bc1,3,1,operator,VI = IV - II,VI-IV=II,['VI-IV=II'],73142,True,"[{'answer': 'VI-IV=II', 'is_correct': True, 'timestamp': {'$numberLong': '1759272115890'}, 'time_from_start': 70109}]",1,Same Type (Group 1),73.142
sub_805570755bc1,4,1,operator,VII = III - IV,VII-III=IV,['VII-III=IV'],59023,True,"[{'answer': 'VII-III=IV', 'is_correct': True, 'timestamp': {'$numberLong': '1759272176054'}, 'time_from_start': 55993}]",1,Same Type (Group 1),59.023
sub_805570755bc1,5,1,operator,XIII = IX - IV,XIII-IX=IV,['XIII-IX=IV'],26652,True,"[{'answer': 'XIII-IX=IV', 'is_correct': True, 'timestamp': {'$numberLong': '1759272203700'}, 'time_from_start': 23635}]",1,Same Type (Group 1),26.652
sub_5854b75f83c8,1,1,tautological,III = III + III,III=III=III,['III=III=III'],83374,True,"[{'answer': 'III=III=III', 'is_correct': True, 'timestamp': {'$numberLong': '1759274048314'}, 'time_from_start': 80266}]",1,Same Type (Group 1),83.374
sub_5854b75f83c8,2,1,tautological,XII = XII + XII,XII=XII=XII,['XII=XII=XII'],38256,True,"[{'answer': 'XII=XII=XII', 'is_correct': True, 'timestamp': {'$numberLong': '1759274100870'}, 'time_from_start': 35022}]",1,Same Type (Group 1),38.256
sub_5854b75f83c8,3,1,tautological,VIII = VIII + VIII,VIII=VIII=VIII,['VIII=VIII=VIII'],44111,True,"[{'answer': 'VIII=VIII=VIII', 'is_correct': True, 'timestamp': {'$numberLong': '1759274153310'}, 'time_from_start': 41072}]",1,Same Type (Group 1),44.111
sub_5854b75f83c8,4,1,tautological,IX = IX + IX,IX=IX=IX,['IX=IX=IX'],37665,True,"[{'answer': 'IX=IX=IX', 'is_correct': True, 'timestamp': {'$numberLong': '1759274198104'}, 'time_from_start': 34626}]",1,Same Type (Group 1),37.665
sub_5854b75f83c8,5,1,tautological,IV = IV + IV,IV=IV=IV,['IV=IV=IV'],24091,True,"[{'answer': 'IV=IV=IV', 'is_correct': True, 'timestamp': {'$numberLong': '1759274224932'}, 'time_from_start': 21064}]",1,Same Type (Group 1),24.091
sub_921234e118bc,1,1,operator,VI = IV - II,,['VI-IV=II'],240139,False,"[{'answer': 'VI=V-II', 'is_correct': False, 'timestamp': {'$numberLong': '1759272664227'}, 'time_from_start': 102480}, {'answer': 'VI=V-II', 'is_correct': False, 'timestamp': {'$numberLong': '1759272728387'}, 'time_from_start': 166640}, {'answer': 'VI=V-II', 'is_correct': False, 'timestamp': {'$numberLong': '1759272794754'}, 'time_from_start': 233007}]",3,Same Type (Group 1),240.139
sub_921234e118bc,2,1,operator,VII = III - IV,V,['VII-III=IV'],240120,False,"[{'answer': 'VII=II+IV', 'is_correct': False, 'timestamp': {'$numberLong': '1759272951882'}, 'time_from_start': 145711}, {'answer': 'VII=X-IV', 'is_correct': False, 'timestamp': {'$numberLong': '1759272988226'}, 'time_from_start': 182055}, {'answer': 'VII=III+IV', 'is_correct': False, 'timestamp': {'$numberLong': '1759273030026'}, 'time_from_start': 223855}, {'answer': 'VII=III-V', 'is_correct': False, 'timestamp': {'$numberLong': '1759273043826'}, 'time_from_start': 237655}]",4,Same Type (Group 1),240.12
sub_921234e118bc,3,1,operator,XIII = VII - VI,XIII=,['XIII-VII=VI'],240145,False,"[{'answer': 'XIII=VII+VI', 'is_correct': False, 'timestamp': {'$numberLong': '1759273107770'}, 'time_from_start': 37176}, {'answer': 'VII-V=XIII', 'is_correct': False, 'timestamp': {'$numberLong': '1759273120649'}, 'time_from_start': 50055}, {'answer': 'I=VII-VI', 'is_correct': False, 'timestamp': {'$numberLong': '1759273198170'}, 'time_from_start': 127576}, {'answer': 'XIII+VII+VI', 'is_correct': False, 'timestamp': {'$numberLong': '1759273221290'}, 'time_from_start': 150696}, {'answer': 'XIII=XII-VI', 'is_correct': False, 'timestamp': {'$numberLong': '1759273269681'}, 'time_from_start': 199087}]",5,Same Type (Group 1),240.145
sub_921234e118bc,4,1,operator,XIII = IX - IV,,['XIII-IX=IV'],240133,False,"[{'answer': 'XIII=IX-IV', 'is_correct': False, 'timestamp': {'$numberLong': '1759273362994'}, 'time_from_start': 49488}, {'answer': 'XII=XI-IV', 'is_correct': False, 'timestamp': {'$numberLong': '1759273381811'}, 'time_from_start': 68305}, {'answer': 'XIII=XI+II', 'is_correct': False, 'timestamp': {'$numberLong': '1759273483762'}, 'time_from_start': 170256}, {'answer': 'XIII=IX-VI', 'is_correct': False, 'timestamp': {'$numberLong': '1759273494573'}, 'time_from_start': 181067}, {'answer': 'XIII-XI-V', 'is_correct': False, 'timestamp': {'$numberLong': '1759273506570'}, 'time_from_start': 193064}, {'answer': 'XIII=IX-VI', 'is_correct': False, 'timestamp': {'$numberLong': '1759273518019'}, 'time_from_start': 204513}, {'answer': 'XIII=IX+IV', 'is_correct': False, 'timestamp': {'$numberLong': '1759273539210'}, 'time_from_start': 225704}]",7,Same Type (Group 1),240.133
sub_921234e118bc,5,1,operator,X = VII - III,X=,['X-VII=III'],240135,False,"[{'answer': 'VII+III=X', 'is_correct': False, 'timestamp': {'$numberLong': '1759273619034'}, 'time_from_start': 40479}, {'answer': 'X=VII+III', 'is_correct': False, 'timestamp': {'$numberLong': '1759273655434'}, 'time_from_start': 76879}, {'answer': 'X=VII-IX', 'is_correct': False, 'timestamp': {'$numberLong': '1759273734506'}, 'time_from_start': 155951}, {'answer': 'IX=VII-III', 'is_correct': False, 'timestamp': {'$numberLong': '1759273778057'}, 'time_from_start': 199502}, {'answer': 'X=I-III', 'is_correct': False, 'timestamp': {'$numberLong': '1759273800713'}, 'time_from_start': 222158}]",5,Same Type (Group 1),240.135
sub_17d1878c3e44,1,1,operator,VI = IV - II,V,['VI-IV=II'],240161,False,[],0,Same Type (Group 1),240.161
sub_17d1878c3e44,2,1,operator,X = VII - III,,['X-VII=III'],240219,False,[],0,Same Type (Group 1),240.219
sub_17d1878c3e44,3,1,operator,VII = III - IV,,['VII-III=IV'],240189,False,[],0,Same Type (Group 1),240.189
sub_17d1878c3e44,4,1,operator,XIII = IX - IV,,['XIII-IX=IV'],240147,False,[],0,Same Type (Group 1),240.147
sub_17d1878c3e44,5,1,operator,XIII = VII - VI,XIII-VII=VI,['XIII-VII=VI'],102187,True,"[{'answer': 'XIII-VII=VI', 'is_correct': True, 'timestamp': {'$numberLong': '1759336354408'}, 'time_from_start': 99078}]",1,Same Type (Group 1),102.187
sub_43e17045a109,1,1,value-tight-chunk,VII = IX + III,V,"['XII=IX+III', 'VII=IV+III']",240107,False,"[{'answer': 'VIII=X+IIII', 'is_correct': False, 'timestamp': {'$numberLong': '1759334992629'}, 'time_from_start': 68642}, {'answer': 'VII=IX-III', 'is_correct': False, 'timestamp': {'$numberLong': '1759335041607'}, 'time_from_start': 117620}, {'answer': 'VII=IX-II', 'is_correct': False, 'timestamp': {'$numberLong': '1759335058949'}, 'time_from_start': 134962}, {'answer': 'VIII=X+III', 'is_correct': False, 'timestamp': {'$numberLong': '1759335084180'}, 'time_from_start': 160193}, {'answer': 'VIII=X-III', 'is_correct': False, 'timestamp': {'$numberLong': '1759335119349'}, 'time_from_start': 195362}, {'answer': 'VII=IIX+II', 'is_correct': False, 'timestamp': {'$numberLong': '1759335149714'}, 'time_from_start': 225727}]",6,Same Type (Group 1),240.107
sub_43e17045a109,2,1,value-tight-chunk,II = IX - II,,['II=IV-II'],240116,False,"[{'answer': 'II=X-III', 'is_correct': False, 'timestamp': {'$numberLong': '1759335220616'}, 'time_from_start': 52422}, {'answer': 'II=X-III', 'is_correct': False, 'timestamp': {'$numberLong': '1759335249565'}, 'time_from_start': 81371}, {'answer': 'IIX=I-II', 'is_correct': False, 'timestamp': {'$numberLong': '1759335294680'}, 'time_from_start': 126486}, {'answer': 'V=IX-IV', 'is_correct': False, 'timestamp': {'$numberLong': '1759335337401'}, 'time_from_start': 169207}, {'answer': 'XII=I-II', 'is_correct': False, 'timestamp': {'$numberLong': '1759335395285'}, 'time_from_start': 227091}, {'answer': 'IIX=I-II', 'is_correct': False, 'timestamp': {'$numberLong': '1759335408062'}, 'time_from_start': 239868}]",6,Same Type (Group 1),240.116
sub_43e17045a109,3,1,value-tight-chunk,III = XI - III,,['III=VI-III'],240115,False,"[{'answer': 'III=IX-III', 'is_correct': False, 'timestamp': {'$numberLong': '1759335445909'}, 'time_from_start': 34247}, {'answer': 'IIIII=X-III', 'is_correct': False, 'timestamp': {'$numberLong': '1759335472851'}, 'time_from_start': 61189}, {'answer': 'IIIX=I+III', 'is_correct': False, 'timestamp': {'$numberLong': '1759335509074'}, 'time_from_start': 97412}, {'answer': 'IIIX=IIII', 'is_correct': False, 'timestamp': {'$numberLong': '1759335524636'}, 'time_from_start': 112974}, {'answer': 'III=IX-III', 'is_correct': False, 'timestamp': {'$numberLong': '1759335557901'}, 'time_from_start': 146239}, {'answer': 'IIII=X-III', 'is_correct': False, 'timestamp': {'$numberLong': '1759335576306'}, 'time_from_start': 164644}, {'answer': 'III-XI=III', 'is_correct': False, 'timestamp': {'$numberLong': '1759335595438'}, 'time_from_start': 183776}, {'answer': 'IIIX=I+III', 'is_correct': False, 'timestamp': {'$numberLong': '1759335638518'}, 'time_from_start': 226856}]",8,Same Type (Group 1),240.115
sub_43e17045a109,4,1,value-tight-chunk,IV = XI - II,,"['IX=XI-II', 'IV=VI-II']",240118,False,"[{'answer': 'IV=IX-II', 'is_correct': False, 'timestamp': {'$numberLong': '1759335685371'}, 'time_from_start': 31095}, {'answer': 'VI=XI-II', 'is_correct': False, 'timestamp': {'$numberLong': '1759335709073'}, 'time_from_start': 54797}, {'answer': 'IV-XI=II', 'is_correct': False, 'timestamp': {'$numberLong': '1759335775148'}, 'time_from_start': 120872}, {'answer': 'IVI=XI-I', 'is_correct': False, 'timestamp': {'$numberLong': '1759335822720'}, 'time_from_start': 168444}, {'answer': 'XIV=I-II', 'is_correct': False, 'timestamp': {'$numberLong': '1759335875847'}, 'time_from_start': 221571}]",5,Same Type (Group 1),240.118
sub_43e17045a109,5,1,value-tight-chunk,XI = IV + II,VI=IV+II,"['VI=IV+II', 'XI=IX+II']",232282,True,"[{'answer': 'X=IV+III', 'is_correct': False, 'timestamp': {'$numberLong': '1759335918679'}, 'time_from_start': 20784}, {'answer': 'XI=VI+II', 'is_correct': False, 'timestamp': {'$numberLong': '1759335959824'}, 'time_from_start': 61929}, {'answer': 'IX=IV+II', 'is_correct': False, 'timestamp': {'$numberLong': '1759335970890'}, 'time_from_start': 72995}, {'answer': 'V=V', 'is_correct': False, 'timestamp': {'$numberLong': '1759336080533'}, 'time_from_start': 182638}, {'answer': 'VI=IV+II', 'is_correct': True, 'timestamp': {'$numberLong': '1759336127146'}, 'time_from_start': 229251}]",5,Same Type (Group 1),232.282
sub_e90b1271db78,1,1,value-tight-chunk,IV = XI - II,IX=XI-II,"['IX=XI-II', 'IV=VI-II']",64892,True,"[{'answer': 'IX=XI-II', 'is_correct': True, 'timestamp': {'$numberLong': '1759335066873'}, 'time_from_start': 61848}]",1,Same Type (Group 1),64.892
sub_e90b1271db78,2,1,value-tight-chunk,VII = IX + III,XII=IX+III,"['XII=IX+III', 'VII=IV+III']",38840,True,"[{'answer': 'XII=IX+III', 'is_correct': True, 'timestamp': {'$numberLong': '1759335109961'}, 'time_from_start': 35800}]",1,Same Type (Group 1),38.84
sub_e90b1271db78,3,1,value-tight-chunk,XI = IV + II,VI=IV+II,"['VI=IV+II', 'XI=IX+II']",34826,True,"[{'answer': 'VI=IV+II', 'is_correct': True, 'timestamp': {'$numberLong': '1759335147314'}, 'time_from_start': 31791}]",1,Same Type (Group 1),34.826
sub_e90b1271db78,4,1,value-tight-chunk,III = XI - III,,['III=VI-III'],240140,False,[],0,Same Type (Group 1),240.14
sub_e90b1271db78,5,1,value-tight-chunk,II = IX - II,II=IV-II,['II=IV-II'],32208,True,"[{'answer': 'II=IV-II', 'is_correct': True, 'timestamp': {'$numberLong': '1759335424011'}, 'time_from_start': 29169}]",1,Same Type (Group 1),32.208
sub_cc38e1eafa3b,1,1,value-loose-chunk,IX = VII + IV,XI=VII+IV,['XI=VII+IV'],78034,True,"[{'answer': 'XI=VII+IV', 'is_correct': True, 'timestamp': {'$numberLong': '1759335883539'}, 'time_from_start': 75017}]",1,Same Type (Group 1),78.034
sub_cc38e1eafa3b,2,1,value-loose-chunk,IV = IV - II,IV=VI-II,['IV=VI-II'],149240,True,"[{'answer': 'II=IV-II', 'is_correct': False, 'timestamp': {'$numberLong': '1759335973337'}, 'time_from_start': 83216}, {'answer': 'IV=VI-II', 'is_correct': True, 'timestamp': {'$numberLong': '1759336036339'}, 'time_from_start': 146218}]",2,Same Type (Group 1),149.24
sub_cc38e1eafa3b,3,1,value-loose-chunk,II = XI - VII,II=X-VIII,"['III=X-VII', 'II=IX-VII', 'II=X-VIII']",51552,True,"[{'answer': 'II=X-VIII', 'is_correct': True, 'timestamp': {'$numberLong': '1759336090870'}, 'time_from_start': 48531}]",1,Same Type (Group 1),51.552
sub_cc38e1eafa3b,4,1,value-loose-chunk,III = IX - IV,II=IX,['III=IX-VI'],240121,False,"[{'answer': 'III=X-VII', 'is_correct': False, 'timestamp': {'$numberLong': '1759336223306'}, 'time_from_start': 123800}]",1,Same Type (Group 1),240.121
sub_cc38e1eafa3b,5,1,value-loose-chunk,VIII = II + IV,VIII=III+V,"['VIII=II+VI', 'VIII=III+V', 'VII=III+IV']",43592,True,"[{'answer': 'VIII=III+V', 'is_correct': True, 'timestamp': {'$numberLong': '1759336383895'}, 'time_from_start': 40570}]",1,Same Type (Group 1),43.592
sub_b6f175b744b4,1,1,operator,X = VII - III,X-VII=III,['X-VII=III'],144141,True,"[{'answer': 'X-VII=III', 'is_correct': True, 'timestamp': {'$numberLong': '1759336277786'}, 'time_from_start': 141080}]",1,Same Type (Group 1),144.141
sub_b6f175b744b4,2,1,operator,XIII = VII - VI,XIII-VII=VI,['XIII-VII=VI'],71604,True,"[{'answer': 'XIII-VII=VI', 'is_correct': True, 'timestamp': {'$numberLong': '1759336356749'}, 'time_from_start': 68491}]",1,Same Type (Group 1),71.604
sub_b6f175b744b4,3,1,operator,XIII = IX - IV,XIII-IX=IV,['XIII-IX=IV'],64008,True,"[{'answer': 'XIII-IX=IV', 'is_correct': True, 'timestamp': {'$numberLong': '1759336421824'}, 'time_from_start': 60957}]",1,Same Type (Group 1),64.008
sub_b6f175b744b4,4,1,operator,VII = III - IV,VII-III=IV,['VII-III=IV'],238913,True,"[{'answer': 'VI=III+IV', 'is_correct': False, 'timestamp': {'$numberLong': '1759336617155'}, 'time_from_start': 190893}, {'answer': 'VI=III+VI', 'is_correct': False, 'timestamp': {'$numberLong': '1759336632868'}, 'time_from_start': 206606}, {'answer': 'VII-III=IV', 'is_correct': True, 'timestamp': {'$numberLong': '1759336662059'}, 'time_from_start': 235797}]",3,Same Type (Group 1),238.913
sub_b6f175b744b4,5,1,operator,VI = IV - II,VI-IV=II,['VI-IV=II'],36794,True,"[{'answer': 'VI-IV=II', 'is_correct': True, 'timestamp': {'$numberLong': '1759336700387'}, 'time_from_start': 33727}]",1,Same Type (Group 1),36.794
sub_4e9959f85e5f,1,1,tautological,III = III + III,II=III-I,['III=III=III'],240255,False,[],0,Same Type (Group 1),240.255
sub_4e9959f85e5f,2,1,tautological,IV = IV + IV,,['IV=IV=IV'],240187,False,"[{'answer': 'VI=IV+IV', 'is_correct': False, 'timestamp': {'$numberLong': '1759337187438'}, 'time_from_start': 143018}, {'answer': 'IV=VI-IV', 'is_correct': False, 'timestamp': {'$numberLong': '1759337277946'}, 'time_from_start': 233526}]",2,Same Type (Group 1),240.187
sub_4e9959f85e5f,3,1,tautological,IX = IX + IX,,['IX=IX=IX'],240201,False,"[{'answer': 'IX=XI+IX', 'is_correct': False, 'timestamp': {'$numberLong': '1759337416838'}, 'time_from_start': 130733}, {'answer': 'IX=IIX+X', 'is_correct': False, 'timestamp': {'$numberLong': '1759337506744'}, 'time_from_start': 220639}]",2,Same Type (Group 1),240.201
sub_4e9959f85e5f,4,1,tautological,VIII = VIII + VIII,,['VIII=VIII=VIII'],240260,False,"[{'answer': 'XIII=VIII+VIII', 'is_correct': False, 'timestamp': {'$numberLong': '1759337616456'}, 'time_from_start': 88870}, {'answer': 'VII=VII=VII', 'is_correct': False, 'timestamp': {'$numberLong': '1759337682834'}, 'time_from_start': 155248}, {'answer': 'VIII=XIII-VIII', 'is_correct': False, 'timestamp': {'$numberLong': '1759337761224'}, 'time_from_start': 233638}]",3,Same Type (Group 1),240.26
sub_4e9959f85e5f,5,1,tautological,XII = XII + XII,XII=,['XII=XII=XII'],240240,False,"[{'answer': 'XII=XIII-XI', 'is_correct': False, 'timestamp': {'$numberLong': '1759337835046'}, 'time_from_start': 65242}, {'answer': 'XIII=XII+I', 'is_correct': False, 'timestamp': {'$numberLong': '1759337870033'}, 'time_from_start': 100229}, {'answer': 'XIII=XII+I', 'is_correct': False, 'timestamp': {'$numberLong': '1759337937012'}, 'time_from_start': 167208}, {'answer': 'XII=VI+VI', 'is_correct': False, 'timestamp': {'$numberLong': '1759337989109'}, 'time_from_start': 219305}]",4,Same Type (Group 1),240.24
sub_707745ba20a5,1,1,hybrid,IX = XII + IV,IX=XIII-IV,['IX=XIII-IV'],78314,True,"[{'answer': 'IX=XIII-IV', 'is_correct': True, 'timestamp': {'$numberLong': '1759337031324'}, 'time_from_start': 75243}]",1,Same Type (Group 1),78.314
sub_707745ba20a5,2,1,hybrid,IV = VII + IV,IV=VIII-IV,['IV=VIII-IV'],47019,True,"[{'answer': 'IV=VIII-IV', 'is_correct': True, 'timestamp': {'$numberLong': '1759337081754'}, 'time_from_start': 43952}]",1,Same Type (Group 1),47.019
sub_707745ba20a5,3,1,hybrid,III = XI + IX,III=XII-IX,['III=XII-IX'],38570,True,"[{'answer': 'III=XII-IX', 'is_correct': True, 'timestamp': {'$numberLong': '1759337122895'}, 'time_from_start': 35514}]",1,Same Type (Group 1),38.57
sub_707745ba20a5,4,1,hybrid,VI = VI + I,VI=VII-I,['VI=VII-I'],26167,True,"[{'answer': 'VI=VII-I', 'is_correct': True, 'timestamp': {'$numberLong': '1759337151090'}, 'time_from_start': 23119}]",1,Same Type (Group 1),26.167
sub_707745ba20a5,5,1,hybrid,VII = XII + VI,VII=XIII-VI,['VII=XIII-VI'],26599,True,"[{'answer': 'VII=XIII-VI', 'is_correct': True, 'timestamp': {'$numberLong': '1759337180123'}, 'time_from_start': 23554}]",1,Same Type (Group 1),26.599
sub_58cc02507119,1,1,tautological,IX = IX + IX,,['IX=IX=IX'],240179,False,[],0,Same Type (Group 1),240.179
sub_58cc02507119,2,1,tautological,VIII = VIII + VIII,VIII=,['VIII=VIII=VIII'],240168,False,[],0,Same Type (Group 1),240.168
sub_58cc02507119,3,1,tautological,IV = IV + IV,IV=I,['IV=IV=IV'],240135,False,[],0,Same Type (Group 1),240.135
sub_58cc02507119,4,1,tautological,III = III + III,III=,['III=III=III'],240172,False,[],0,Same Type (Group 1),240.172
sub_58cc02507119,5,1,tautological,XII = XII + XII,,['XII=XII=XII'],240157,False,"[{'answer': 'XII=XI+XIII', 'is_correct': False, 'timestamp': {'$numberLong': '1759341132529'}, 'time_from_start': 107324}, {'answer': 'XII=XIII+XI', 'is_correct': False, 'timestamp': {'$numberLong': '1759341258395'}, 'time_from_start': 233190}]",2,Same Type (Group 1),240.157
sub_c4d43f0d5396,1,1,value-loose-chunk,II = XI - VII,II=IX-VII,"['III=X-VII', 'II=IX-VII', 'II=X-VIII']",141786,True,"[{'answer': 'II=IX-VII', 'is_correct': True, 'timestamp': {'$numberLong': '1759339219781'}, 'time_from_start': 138728}]",1,Same Type (Group 1),141.786
sub_c4d43f0d5396,2,1,value-loose-chunk,IX = VII + IV,,['XI=VII+IV'],240167,False,[],0,Same Type (Group 1),240.167
sub_c4d43f0d5396,3,1,value-loose-chunk,VIII = II + IV,VIII=II+VI,"['VIII=II+VI', 'VIII=III+V', 'VII=III+IV']",45816,True,"[{'answer': 'VIII=II+VI', 'is_correct': True, 'timestamp': {'$numberLong': '1759339518534'}, 'time_from_start': 42791}]",1,Same Type (Group 1),45.816
sub_c4d43f0d5396,4,1,value-loose-chunk,III = IX - IV,III=IX-VI,['III=IX-VI'],37890,True,"[{'answer': 'III=IX-VI', 'is_correct': True, 'timestamp': {'$numberLong': '1759339559416'}, 'time_from_start': 34866}]",1,Same Type (Group 1),37.89
sub_c4d43f0d5396,5,1,value-loose-chunk,IV = IV - II,IV=VI-II,['IV=VI-II'],122676,True,"[{'answer': 'IV=VI-II', 'is_correct': True, 'timestamp': {'$numberLong': '1759339685299'}, 'time_from_start': 119623}]",1,Same Type (Group 1),122.676
sub_0c29698397c7,1,1,value-tight-chunk,II = IX - II,II=IV-II,['II=IV-II'],108314,True,"[{'answer': 'II=IV-II', 'is_correct': True, 'timestamp': {'$numberLong': '1759339271471'}, 'time_from_start': 105177}]",1,Same Type (Group 1),108.314
sub_0c29698397c7,2,1,value-tight-chunk,III = XI - III,III=VI-III,['III=VI-III'],53513,True,"[{'answer': 'III=VI-III', 'is_correct': True, 'timestamp': {'$numberLong': '1759339330788'}, 'time_from_start': 50456}]",1,Same Type (Group 1),53.513
sub_0c29698397c7,3,1,value-tight-chunk,VII = IX + III,XII=IX+III,"['XII=IX+III', 'VII=IV+III']",56123,True,"[{'answer': 'XII=IX+III', 'is_correct': True, 'timestamp': {'$numberLong': '1759339389661'}, 'time_from_start': 53073}]",1,Same Type (Group 1),56.123
sub_0c29698397c7,4,1,value-tight-chunk,XI = IV + II,XI=IX+II,"['VI=IV+II', 'XI=IX+II']",30769,True,"[{'answer': 'XI=IX+II', 'is_correct': True, 'timestamp': {'$numberLong': '1759339428918'}, 'time_from_start': 27730}]",1,Same Type (Group 1),30.769
sub_0c29698397c7,5,1,value-tight-chunk,IV = XI - II,IV=VI-II,"['IX=XI-II', 'IV=VI-II']",26496,True,"[{'answer': 'IV=VI-II', 'is_correct': True, 'timestamp': {'$numberLong': '1759339460739'}, 'time_from_start': 23445}]",1,Same Type (Group 1),26.496
sub_d517dc5c5248,1,1,hybrid,IV = VII + IV,,['IV=VIII-IV'],240161,False,[],0,Same Type (Group 1),240.161
sub_d517dc5c5248,2,1,hybrid,III = XI + IX,III=XII-IX,['III=XII-IX'],113641,True,"[{'answer': 'III=XII-IX', 'is_correct': True, 'timestamp': {'$numberLong': '1759340244592'}, 'time_from_start': 110612}]",1,Same Type (Group 1),113.641
sub_d517dc5c5248,3,1,hybrid,VII = XII + VI,,['VII=XIII-VI'],240161,False,[],0,Same Type (Group 1),240.161
sub_d517dc5c5248,4,1,hybrid,IX = XII + IV,,['IX=XIII-IV'],240152,False,"[{'answer': 'IIX=XII-IV', 'is_correct': False, 'timestamp': {'$numberLong': '1759340633302'}, 'time_from_start': 139561}, {'answer': 'IIX=XII-IV', 'is_correct': False, 'timestamp': {'$numberLong': '1759340728927'}, 'time_from_start': 235186}]",2,Same Type (Group 1),240.152
sub_d517dc5c5248,5,1,hybrid,VI = VI + I,VI=V+II,['VI=VII-I'],240153,False,[],0,Same Type (Group 1),240.153
sub_b7ff146d8536,1,1,value-tight-chunk,IV = XI - II,,"['IX=XI-II', 'IV=VI-II']",240138,False,[],0,Same Type (Group 1),240.138
sub_b7ff146d8536,2,1,value-tight-chunk,XI = IV + II,X=IV+I,"['VI=IV+II', 'XI=IX+II']",240133,False,[],0,Same Type (Group 1),240.133
sub_b7ff146d8536,3,1,value-tight-chunk,II = IX - II,VI=IX-I,['II=IV-II'],240154,False,[],0,Same Type (Group 1),240.154
sub_b7ff146d8536,4,1,value-tight-chunk,VII = IX + III,VII=IV+III,"['XII=IX+III', 'VII=IV+III']",77497,True,"[{'answer': 'VII=IV+III', 'is_correct': True, 'timestamp': {'$numberLong': '1759342435370'}, 'time_from_start': 74469}]",1,Same Type (Group 1),77.497
sub_b7ff146d8536,5,1,value-tight-chunk,III = XI - III,III=VI-III,['III=VI-III'],53919,True,"[{'answer': 'III=VI-III', 'is_correct': True, 'timestamp': {'$numberLong': '1759342494109'}, 'time_from_start': 50903}]",1,Same Type (Group 1),53.919
sub_f66303b0a1c5,1,1,operator,XIII = VII - VI,III=,['XIII-VII=VI'],242142,False,"[{'answer': 'XII=VII+VI', 'is_correct': False, 'timestamp': {'$numberLong': '1759341816081'}, 'time_from_start': 48935}, {'answer': 'XIII=VII+VI', 'is_correct': False, 'timestamp': {'$numberLong': '1759341905761'}, 'time_from_start': 138615}, {'answer': 'III=VII-IV', 'is_correct': False, 'timestamp': {'$numberLong': '1759341994522'}, 'time_from_start': 227376}]",3,Same Type (Group 1),242.142
sub_f66303b0a1c5,2,1,operator,XIII = IX - IV,,['XIII-IX=IV'],242194,False,"[{'answer': 'III=IX-VI', 'is_correct': False, 'timestamp': {'$numberLong': '1759342114762'}, 'time_from_start': 102496}]",1,Same Type (Group 1),242.194
sub_f66303b0a1c5,3,1,operator,X = VII - III,,['X-VII=III'],242102,False,"[{'answer': 'X=VII+III', 'is_correct': False, 'timestamp': {'$numberLong': '1759342410194'}, 'time_from_start': 154080}]",1,Same Type (Group 1),242.102
sub_f66303b0a1c5,4,1,operator,VI = IV - II,,['VI-IV=II'],242428,False,"[{'answer': 'VI=IVXII', 'is_correct': False, 'timestamp': {'$numberLong': '1759342520492'}, 'time_from_start': 20698}, {'answer': 'VI=VI-II', 'is_correct': False, 'timestamp': {'$numberLong': '1759342545434'}, 'time_from_start': 45640}, {'answer': 'IV=VI-II', 'is_correct': False, 'timestamp': {'$numberLong': '1759342584589'}, 'time_from_start': 84795}, {'answer': 'I=V-IIV', 'is_correct': False, 'timestamp': {'$numberLong': '1759342642475'}, 'time_from_start': 142681}, {'answer': 'I=IV-IIV', 'is_correct': False, 'timestamp': {'$numberLong': '1759342690811'}, 'time_from_start': 191017}]",5,Same Type (Group 1),242.428
sub_f66303b0a1c5,5,1,operator,VII = III - IV,,['VII-III=IV'],242377,False,"[{'answer': 'VII=VII-I', 'is_correct': False, 'timestamp': {'$numberLong': '1759342794755'}, 'time_from_start': 51039}, {'answer': 'VII=VIII-I', 'is_correct': False, 'timestamp': {'$numberLong': '1759342807412'}, 'time_from_start': 63696}, {'answer': 'VII=VIII-I', 'is_correct': False, 'timestamp': {'$numberLong': '1759342886387'}, 'time_from_start': 142671}, {'answer': 'VII=III+IV', 'is_correct': False, 'timestamp': {'$numberLong': '1759342983251'}, 'time_from_start': 239535}]",4,Same Type (Group 1),242.377
sub_d83c7688f3f2,1,1,value-tight-chunk,XI = IV + II,XI=I,"['VI=IV+II', 'XI=IX+II']",240134,False,[],0,Same Type (Group 1),240.134
sub_d83c7688f3f2,2,1,value-tight-chunk,III = XI - III,IIII=X-III,['III=VI-III'],240127,False,[],0,Same Type (Group 1),240.127
sub_d83c7688f3f2,3,1,value-tight-chunk,IV = XI - II,I=XI-,"['IX=XI-II', 'IV=VI-II']",240128,False,[],0,Same Type (Group 1),240.128
sub_d83c7688f3f2,4,1,value-tight-chunk,II = IX - II,II=I,['II=IV-II'],240132,False,[],0,Same Type (Group 1),240.132
sub_d83c7688f3f2,5,1,value-tight-chunk,VII = IX + III,,"['XII=IX+III', 'VII=IV+III']",240130,False,"[{'answer': 'VII=I+IIIX', 'is_correct': False, 'timestamp': {'$numberLong': '1759343764595'}, 'time_from_start': 214405}]",1,Same Type (Group 1),240.13
sub_016ef5cb53d0,1,1,tautological,XII = XII + XII,,['XII=XII=XII'],240129,False,[],0,Same Type (Group 1),240.129
sub_016ef5cb53d0,2,1,tautological,IV = IV + IV,V=,['IV=IV=IV'],240125,False,[],0,Same Type (Group 1),240.125
sub_016ef5cb53d0,3,1,tautological,IX = IX + IX,IX=,['IX=IX=IX'],240122,False,"[{'answer': 'IX=X-I', 'is_correct': False, 'timestamp': {'$numberLong': '1759343160384'}, 'time_from_start': 99240}, {'answer': 'IX=VI+III', 'is_correct': False, 'timestamp': {'$numberLong': '1759343210130'}, 'time_from_start': 148986}, {'answer': 'X=V+V', 'is_correct': False, 'timestamp': {'$numberLong': '1759343238346'}, 'time_from_start': 177202}, {'answer': 'IX=VII+II', 'is_correct': False, 'timestamp': {'$numberLong': '1759343279575'}, 'time_from_start': 218431}]",4,Same Type (Group 1),240.122
sub_016ef5cb53d0,4,1,tautological,VIII = VIII + VIII,VI=,['VIII=VIII=VIII'],240121,False,"[{'answer': 'VIII=VI+II', 'is_correct': False, 'timestamp': {'$numberLong': '1759343381642'}, 'time_from_start': 77096}, {'answer': 'VIII=V+III', 'is_correct': False, 'timestamp': {'$numberLong': '1759343395511'}, 'time_from_start': 90965}, {'answer': 'VII=IX-I', 'is_correct': False, 'timestamp': {'$numberLong': '1759343420772'}, 'time_from_start': 116226}, {'answer': 'VIII=VII+I', 'is_correct': False, 'timestamp': {'$numberLong': '1759343441709'}, 'time_from_start': 137163}, {'answer': 'VIII=IV+IV', 'is_correct': False, 'timestamp': {'$numberLong': '1759343464487'}, 'time_from_start': 159941}, {'answer': 'VII=V+II', 'is_correct': False, 'timestamp': {'$numberLong': '1759343484634'}, 'time_from_start': 180088}, {'answer': 'VII=VI+I', 'is_correct': False, 'timestamp': {'$numberLong': '1759343506094'}, 'time_from_start': 201548}, {'answer': 'VII=III+IV', 'is_correct': False, 'timestamp': {'$numberLong': '1759343525295'}, 'time_from_start': 220749}]",8,Same Type (Group 1),240.121
sub_016ef5cb53d0,5,1,tautological,III = III + III,II,['III=III=III'],240121,False,"[{'answer': 'II=IV-II', 'is_correct': False, 'timestamp': {'$numberLong': '1759343612724'}, 'time_from_start': 66220}, {'answer': 'III=II+I', 'is_correct': False, 'timestamp': {'$numberLong': '1759343727738'}, 'time_from_start': 181234}, {'answer': 'III=IV-I', 'is_correct': False, 'timestamp': {'$numberLong': '1759343738882'}, 'time_from_start': 192378}, {'answer': 'IV=III+I', 'is_correct': False, 'timestamp': {'$numberLong': '1759343749959'}, 'time_from_start': 203455}, {'answer': 'IV=V-I', 'is_correct': False, 'timestamp': {'$numberLong': '1759343759633'}, 'time_from_start': 213129}, {'answer': 'II=IV-II', 'is_correct': False, 'timestamp': {'$numberLong': '1759343783860'}, 'time_from_start': 237356}]",6,Same Type (Group 1),240.121
sub_6f135f163500,1,1,tautological,IV = IV + IV,,['IV=IV=IV'],240139,False,[],0,Same Type (Group 1),240.139
sub_6f135f163500,2,1,tautological,XII = XII + XII,XII=XII=XII,['XII=XII=XII'],70506,True,"[{'answer': 'XII=XII=XII', 'is_correct': True, 'timestamp': {'$numberLong': '1759343482309'}, 'time_from_start': 67481}]",1,Same Type (Group 1),70.506
sub_6f135f163500,3,1,tautological,IX = IX + IX,IX=IX=IX,['IX=IX=IX'],24464,True,"[{'answer': 'IX=IX=IX', 'is_correct': True, 'timestamp': {'$numberLong': '1759343511164'}, 'time_from_start': 21418}]",1,Same Type (Group 1),24.464
sub_6f135f163500,4,1,tautological,III = III + III,III=III=III,['III=III=III'],36996,True,"[{'answer': 'III=III=III', 'is_correct': True, 'timestamp': {'$numberLong': '1759343550593'}, 'time_from_start': 33972}]",1,Same Type (Group 1),36.996
sub_6f135f163500,5,1,tautological,VIII = VIII + VIII,VIII=VIII=VIII,['VIII=VIII=VIII'],25977,True,"[{'answer': 'VIII=VIII=VIII', 'is_correct': True, 'timestamp': {'$numberLong': '1759343579110'}, 'time_from_start': 22954}]",1,Same Type (Group 1),25.977
sub_489928f1993d,1,1,hybrid,IV = VII + IV,,['IV=VIII-IV'],240136,False,[],0,Same Type (Group 1),240.136
sub_489928f1993d,2,1,hybrid,VI = VI + I,,['VI=VII-I'],240133,False,"[{'answer': 'VII=V+II', 'is_correct': False, 'timestamp': {'$numberLong': '1759343885988'}, 'time_from_start': 178745}]",1,Same Type (Group 1),240.133
sub_489928f1993d,3,1,hybrid,IX = XII + IV,IV,['IX=XIII-IV'],240145,False,[],0,Same Type (Group 1),240.145
sub_489928f1993d,4,1,hybrid,VII = XII + VI,X,['VII=XIII-VI'],240135,False,[],0,Same Type (Group 1),240.135
sub_489928f1993d,5,1,hybrid,III = XI + IX,XIII,['III=XII-IX'],240133,False,[],0,Same Type (Group 1),240.133
sub_82b681bbefed,1,1,hybrid,VII = XII + VI,VII=,['VII=XIII-VI'],240143,False,[],0,Same Type (Group 1),240.143
sub_82b681bbefed,2,1,hybrid,IV = VII + IV,IIV=VII-IV,['IV=VIII-IV'],240148,False,"[{'answer': 'IIV=VII-IV', 'is_correct': False, 'timestamp': {'$numberLong': '1759345050435'}, 'time_from_start': 117285}]",1,Same Type (Group 1),240.148
sub_82b681bbefed,3,1,hybrid,IX = XII + IV,,['IX=XIII-IV'],240134,False,"[{'answer': 'IIX=XII-IV', 'is_correct': False, 'timestamp': {'$numberLong': '1759345265541'}, 'time_from_start': 89676}, {'answer': 'IIX=XII-IV', 'is_correct': False, 'timestamp': {'$numberLong': '1759345325242'}, 'time_from_start': 149377}]",2,Same Type (Group 1),240.134
sub_82b681bbefed,4,1,hybrid,VI = VI + I,VI=,['VI=VII-I'],240157,False,"[{'answer': 'VX=+-XVIV', 'is_correct': False, 'timestamp': {'$numberLong': '1759345674744'}, 'time_from_start': 207228}]",1,Same Type (Group 1),240.157
sub_82b681bbefed,5,1,hybrid,III = XI + IX,,['III=XII-IX'],240146,False,"[{'answer': 'III=XI+IX', 'is_correct': False, 'timestamp': {'$numberLong': '1759345821570'}, 'time_from_start': 111817}]",1,Same Type (Group 1),240.146
sub_db1a7a0e869f,1,1,hybrid,VI = VI + I,IV,['VI=VII-I'],243123,False,"[{'answer': 'V+I=VI', 'is_correct': False, 'timestamp': {'$numberLong': '1759345513613'}, 'time_from_start': 68037}, {'answer': 'VI+I=VI+I', 'is_correct': False, 'timestamp': {'$numberLong': '1759345609503'}, 'time_from_start': 163927}]",2,Same Type (Group 1),243.123
sub_db1a7a0e869f,2,1,hybrid,IX = XII + IV,,['IX=XIII-IV'],243119,False,"[{'answer': 'IX+IV=XII', 'is_correct': False, 'timestamp': {'$numberLong': '1759345742216'}, 'time_from_start': 51278}, {'answer': 'VI+IX=XII', 'is_correct': False, 'timestamp': {'$numberLong': '1759345918961'}, 'time_from_start': 228023}]",2,Same Type (Group 1),243.119
sub_db1a7a0e869f,3,1,hybrid,III = XI + IX,,['III=XII-IX'],240119,False,"[{'answer': 'XII-IX=II', 'is_correct': False, 'timestamp': {'$numberLong': '1759346166031'}, 'time_from_start': 230290}]",1,Same Type (Group 1),240.119
sub_db1a7a0e869f,4,1,hybrid,VII = XII + VI,,['VII=XIII-VI'],240120,False,"[{'answer': 'VI+VI=XII', 'is_correct': False, 'timestamp': {'$numberLong': '1759346245077'}, 'time_from_start': 65729}, {'answer': 'XIII=VI+VI', 'is_correct': False, 'timestamp': {'$numberLong': '1759346294725'}, 'time_from_start': 115377}, {'answer': 'XII=IV+VII', 'is_correct': False, 'timestamp': {'$numberLong': '1759346389140'}, 'time_from_start': 209792}]",3,Same Type (Group 1),240.12
sub_db1a7a0e869f,5,1,hybrid,IV = VII + IV,,['IV=VIII-IV'],242126,False,"[{'answer': 'IV=VII-V', 'is_correct': False, 'timestamp': {'$numberLong': '1759346656052'}, 'time_from_start': 232186}]",1,Same Type (Group 1),242.126
sub_021ac9fef6d9,1,1,operator,VI = IV - II,VI=,['VI-IV=II'],240124,False,"[{'answer': 'VI=IV+II', 'is_correct': False, 'timestamp': {'$numberLong': '1759346696747'}, 'time_from_start': 110922}, {'answer': 'VI=IV+II', 'is_correct': False, 'timestamp': {'$numberLong': '1759346734903'}, 'time_from_start': 149078}, {'answer': 'VI=I-VII', 'is_correct': False, 'timestamp': {'$numberLong': '1759346800207'}, 'time_from_start': 214382}]",3,Same Type (Group 1),240.124
sub_021ac9fef6d9,2,1,operator,VII = III - IV,,['VII-III=IV'],240119,False,"[{'answer': 'VII=VIII-I', 'is_correct': False, 'timestamp': {'$numberLong': '1759346882171'}, 'time_from_start': 51657}, {'answer': 'VII=VIII-I', 'is_correct': False, 'timestamp': {'$numberLong': '1759346936861'}, 'time_from_start': 106347}, {'answer': 'VIII-I=VII', 'is_correct': False, 'timestamp': {'$numberLong': '1759346997877'}, 'time_from_start': 167363}, {'answer': 'VII=XI-IV', 'is_correct': False, 'timestamp': {'$numberLong': '1759347053430'}, 'time_from_start': 222916}]",4,Same Type (Group 1),240.119
sub_021ac9fef6d9,3,1,operator,XIII = VII - VI,,['XIII-VII=VI'],240120,False,"[{'answer': 'XIII=VII+VI', 'is_correct': False, 'timestamp': {'$numberLong': '1759347220742'}, 'time_from_start': 144378}, {'answer': 'XIII=VII+VI', 'is_correct': False, 'timestamp': {'$numberLong': '1759347267398'}, 'time_from_start': 191034}]",2,Same Type (Group 1),240.12
sub_021ac9fef6d9,4,1,operator,X = VII - III,X,['X-VII=III'],240121,False,"[{'answer': 'X=VII+III', 'is_correct': False, 'timestamp': {'$numberLong': '1759347423995'}, 'time_from_start': 104199}]",1,Same Type (Group 1),240.121
sub_021ac9fef6d9,5,1,operator,XIII = IX - IV,,['XIII-IX=IV'],240118,False,"[{'answer': 'XIII=IX+IV', 'is_correct': False, 'timestamp': {'$numberLong': '1759347794227'}, 'time_from_start': 230660}]",1,Same Type (Group 1),240.118
sub_0bf06d808ee6,1,1,value-loose-chunk,IX = VII + IV,IX=V,['XI=VII+IV'],240934,False,"[{'answer': 'XI=X+I', 'is_correct': False, 'timestamp': {'$numberLong': '1759347965716'}, 'time_from_start': 179093}]",1,Same Type (Group 1),240.934
sub_0bf06d808ee6,2,1,value-loose-chunk,II = XI - VII,II=X-VIII,"['III=X-VII', 'II=IX-VII', 'II=X-VIII']",133963,True,"[{'answer': 'II=X-VIII', 'is_correct': True, 'timestamp': {'$numberLong': '1759348160521'}, 'time_from_start': 130942}]",1,Same Type (Group 1),133.963
sub_0bf06d808ee6,3,1,value-loose-chunk,VIII = II + IV,,"['VIII=II+VI', 'VIII=III+V', 'VII=III+IV']",240998,False,"[{'answer': 'VII=VII+I', 'is_correct': False, 'timestamp': {'$numberLong': '1759348396765'}, 'time_from_start': 231148}]",1,Same Type (Group 1),240.998
sub_0bf06d808ee6,4,1,value-loose-chunk,III = IX - IV,III=I,['III=IX-VI'],240997,False,"[{'answer': 'III=IV-I', 'is_correct': False, 'timestamp': {'$numberLong': '1759348479019'}, 'time_from_start': 66126}, {'answer': 'III=IV-I', 'is_correct': False, 'timestamp': {'$numberLong': '1759348511786'}, 'time_from_start': 98893}, {'answer': 'III=I-IV', 'is_correct': False, 'timestamp': {'$numberLong': '1759348586017'}, 'time_from_start': 173124}, {'answer': 'II=I+I', 'is_correct': False, 'timestamp': {'$numberLong': '1759348619416'}, 'time_from_start': 206523}]",4,Same Type (Group 1),240.997
sub_0bf06d808ee6,5,1,value-loose-chunk,IV = IV - II,IV=VI-II,['IV=VI-II'],79308,True,"[{'answer': 'IV=VI-II', 'is_correct': True, 'timestamp': {'$numberLong': '1759348731614'}, 'time_from_start': 76287}]",1,Same Type (Group 1),79.308
sub_de2c45fc7f1b,1,1,tautological,III = III + III,,['III=III=III'],240151,False,[],0,Same Type (Group 1),240.151
sub_de2c45fc7f1b,2,1,tautological,IX = IX + IX,,['IX=IX=IX'],240141,False,[],0,Same Type (Group 1),240.141
sub_de2c45fc7f1b,3,1,tautological,VIII = VIII + VIII,,['VIII=VIII=VIII'],240168,False,[],0,Same Type (Group 1),240.168
sub_de2c45fc7f1b,4,1,tautological,XII = XII + XII,,['XII=XII=XII'],240152,False,[],0,Same Type (Group 1),240.152
sub_de2c45fc7f1b,5,1,tautological,IV = IV + IV,IV=IV-,['IV=IV=IV'],240134,False,[],0,Same Type (Group 1),240.134
sub_e77dffb7fe67,1,1,value-loose-chunk,VIII = II + IV,VIII=II+VI,"['VIII=II+VI', 'VIII=III+V', 'VII=III+IV']",36825,True,"[{'answer': 'VIII=II+VI', 'is_correct': True, 'timestamp': {'$numberLong': '1759348194535'}, 'time_from_start': 33802}]",1,Same Type (Group 1),36.825
sub_e77dffb7fe67,2,1,value-loose-chunk,IV = IV - II,IV=VI-II,['IV=VI-II'],28552,True,"[{'answer': 'IV=VI-II', 'is_correct': True, 'timestamp': {'$numberLong': '1759348230081'}, 'time_from_start': 25533}]",1,Same Type (Group 1),28.552
sub_e77dffb7fe67,3,1,value-loose-chunk,IX = VII + IV,XI=VII+IV,['XI=VII+IV'],35020,True,"[{'answer': 'XI=VII+IV', 'is_correct': True, 'timestamp': {'$numberLong': '1759348271080'}, 'time_from_start': 32009}]",1,Same Type (Group 1),35.02
sub_e77dffb7fe67,4,1,value-loose-chunk,II = XI - VII,II=IX-VII,"['III=X-VII', 'II=IX-VII', 'II=X-VIII']",33458,True,"[{'answer': 'II=IX-VII', 'is_correct': True, 'timestamp': {'$numberLong': '1759348307214'}, 'time_from_start': 30437}]",1,Same Type (Group 1),33.458
sub_e77dffb7fe67,5,1,value-loose-chunk,III = IX - IV,III=IX-VI,['III=IX-VI'],23484,True,"[{'answer': 'III=IX-VI', 'is_correct': True, 'timestamp': {'$numberLong': '1759348332788'}, 'time_from_start': 20467}]",1,Same Type (Group 1),23.484
sub_e017401724de,1,1,value-tight-chunk,VII = IX + III,XII=IX,"['XII=IX+III', 'VII=IV+III']",242982,False,[],0,Same Type (Group 1),242.982
sub_e017401724de,2,1,value-tight-chunk,III = XI - III,III=VI-III,['III=VI-III'],94066,True,"[{'answer': 'III=VI-III', 'is_correct': True, 'timestamp': {'$numberLong': '1759348433977'}, 'time_from_start': 91032}]",1,Same Type (Group 1),94.066
sub_e017401724de,3,1,value-tight-chunk,IV = XI - II,IV=VI-II,"['IX=XI-II', 'IV=VI-II']",41558,True,"[{'answer': 'IV=VI-II', 'is_correct': True, 'timestamp': {'$numberLong': '1759348477142'}, 'time_from_start': 38399}]",1,Same Type (Group 1),41.558
sub_e017401724de,4,1,value-tight-chunk,XI = IV + II,VI=IV+II,"['VI=IV+II', 'XI=IX+II']",29896,True,"[{'answer': 'VI=IV+II', 'is_correct': True, 'timestamp': {'$numberLong': '1759348508978'}, 'time_from_start': 26853}]",1,Same Type (Group 1),29.896
sub_e017401724de,5,1,value-tight-chunk,II = IX - II,II=IV-II,['II=IV-II'],33966,True,"[{'answer': 'II=IV-II', 'is_correct': True, 'timestamp': {'$numberLong': '1759348544010'}, 'time_from_start': 30784}]",1,Same Type (Group 1),33.966
sub_bafd1392d867,1,1,tautological,IX = IX + IX,IX=V,['IX=IX=IX'],240240,False,[],0,Same Type (Group 1),240.24
sub_bafd1392d867,2,1,tautological,VIII = VIII + VIII,VIII=,['VIII=VIII=VIII'],240186,False,[],0,Same Type (Group 1),240.186
sub_bafd1392d867,3,1,tautological,IV = IV + IV,,['IV=IV=IV'],240165,False,"[{'answer': 'IV=', 'is_correct': False, 'timestamp': {'$numberLong': '1759350196757'}, 'time_from_start': 210298}]",1,Same Type (Group 1),240.165
sub_bafd1392d867,4,1,tautological,III = III + III,,['III=III=III'],240163,False,"[{'answer': 'VI=III+III', 'is_correct': False, 'timestamp': {'$numberLong': '1759350547612'}, 'time_from_start': 70491}, {'answer': 'VI=III+III', 'is_correct': False, 'timestamp': {'$numberLong': '1759350584331'}, 'time_from_start': 107210}, {'answer': 'VI=III+III', 'is_correct': False, 'timestamp': {'$numberLong': '1759350641020'}, 'time_from_start': 163899}]",3,Same Type (Group 1),240.163
sub_bafd1392d867,5,1,tautological,XII = XII + XII,,['XII=XII=XII'],240220,False,[],0,Same Type (Group 1),240.22
sub_637f9b42b2c3,1,1,value-tight-chunk,IV = XI - II,,"['IX=XI-II', 'IV=VI-II']",240151,False,"[{'answer': 'V=X-V', 'is_correct': False, 'timestamp': {'$numberLong': '1759349695131'}, 'time_from_start': 96257}, {'answer': 'V=XI-III', 'is_correct': False, 'timestamp': {'$numberLong': '1759349739886'}, 'time_from_start': 141012}, {'answer': 'I=XI-VII', 'is_correct': False, 'timestamp': {'$numberLong': '1759349780134'}, 'time_from_start': 181260}, {'answer': 'VI=IX-II', 'is_correct': False, 'timestamp': {'$numberLong': '1759349803372'}, 'time_from_start': 204498}]",4,Same Type (Group 1),240.151
sub_637f9b42b2c3,2,1,value-tight-chunk,XI = IV + II,,"['VI=IV+II', 'XI=IX+II']",240133,False,"[{'answer': 'I=IV+XII', 'is_correct': False, 'timestamp': {'$numberLong': '1759349912284'}, 'time_from_start': 66913}, {'answer': 'IX=VI+III', 'is_correct': False, 'timestamp': {'$numberLong': '1759349928174'}, 'time_from_start': 82803}]",2,Same Type (Group 1),240.133
sub_637f9b42b2c3,3,1,value-tight-chunk,VII = IX + III,VII=IV+III,"['XII=IX+III', 'VII=IV+III']",175261,True,"[{'answer': 'VII=IV+III', 'is_correct': True, 'timestamp': {'$numberLong': '1759350403109'}, 'time_from_start': 172224}]",1,Same Type (Group 1),175.261
sub_637f9b42b2c3,4,1,value-tight-chunk,II = IX - II,II=IV-II,['II=IV-II'],51485,True,"[{'answer': 'II=IV-II', 'is_correct': True, 'timestamp': {'$numberLong': '1759350463723'}, 'time_from_start': 48458}]",1,Same Type (Group 1),51.485
sub_637f9b42b2c3,5,1,value-tight-chunk,III = XI - III,III=VI-III,['III=VI-III'],78932,True,"[{'answer': 'III-VI-III', 'is_correct': False, 'timestamp': {'$numberLong': '1759350537315'}, 'time_from_start': 51536}, {'answer': 'III=VI-III', 'is_correct': True, 'timestamp': {'$numberLong': '1759350561679'}, 'time_from_start': 75900}]",2,Same Type (Group 1),78.932
sub_17d3b5b800b6,1,1,value-loose-chunk,VIII = II + IV,VIII=II+VI,"['VIII=II+VI', 'VIII=III+V', 'VII=III+IV']",51842,True,"[{'answer': 'VIII=II+VI', 'is_correct': True, 'timestamp': {'$numberLong': '1759350262620'}, 'time_from_start': 48786}]",1,Same Type (Group 1),51.842
sub_17d3b5b800b6,2,1,value-loose-chunk,III = IX - IV,III=IX-VI,['III=IX-VI'],26894,True,"[{'answer': 'III=IX-VI', 'is_correct': True, 'timestamp': {'$numberLong': '1759350299759'}, 'time_from_start': 23872}]",1,Same Type (Group 1),26.894
sub_17d3b5b800b6,3,1,value-loose-chunk,IX = VII + IV,XI=VII+IV,['XI=VII+IV'],51414,True,"[{'answer': 'XI=VII+IV', 'is_correct': True, 'timestamp': {'$numberLong': '1759350354104'}, 'time_from_start': 48367}]",1,Same Type (Group 1),51.414
sub_17d3b5b800b6,4,1,value-loose-chunk,IV = IV - II,IV=VI-II,['IV=VI-II'],58288,True,"[{'answer': 'IV=VI-II', 'is_correct': True, 'timestamp': {'$numberLong': '1759350414554'}, 'time_from_start': 55242}]",1,Same Type (Group 1),58.288
sub_17d3b5b800b6,5,1,value-loose-chunk,II = XI - VII,II=IX-VII,"['III=X-VII', 'II=IX-VII', 'II=X-VIII']",55373,True,"[{'answer': 'II=IX-VIII', 'is_correct': False, 'timestamp': {'$numberLong': '1759350448042'}, 'time_from_start': 28418}, {'answer': 'II=IX-VII', 'is_correct': True, 'timestamp': {'$numberLong': '1759350471947'}, 'time_from_start': 52323}]",2,Same Type (Group 1),55.373
sub_be52d2e30aa9,1,1,tautological,IX = IX + IX,IX=IX=IX,['IX=IX=IX'],72834,True,"[{'answer': 'IX=IX=IX', 'is_correct': True, 'timestamp': {'$numberLong': '1759350678889'}, 'time_from_start': 69809}]",1,Same Type (Group 1),72.834
sub_be52d2e30aa9,2,1,tautological,IV = IV + IV,IV=IV=IV,['IV=IV=IV'],34297,True,"[{'answer': 'IV=IV=IV', 'is_correct': True, 'timestamp': {'$numberLong': '1759350716052'}, 'time_from_start': 31270}]",1,Same Type (Group 1),34.297
sub_be52d2e30aa9,3,1,tautological,III = III + III,III=III=III,['III=III=III'],16617,True,"[{'answer': 'III=III=III', 'is_correct': True, 'timestamp': {'$numberLong': '1759350734310'}, 'time_from_start': 13593}]",1,Same Type (Group 1),16.617
sub_be52d2e30aa9,4,1,tautological,XII = XII + XII,XII=XII=XII,['XII=XII=XII'],14870,True,"[{'answer': 'XII=XII=XII', 'is_correct': True, 'timestamp': {'$numberLong': '1759350751467'}, 'time_from_start': 11849}]",1,Same Type (Group 1),14.87
sub_be52d2e30aa9,5,1,tautological,VIII = VIII + VIII,VIII=VIII=VIII,['VIII=VIII=VIII'],28898,True,"[{'answer': 'VIII=VIII=VIII', 'is_correct': True, 'timestamp': {'$numberLong': '1759350782326'}, 'time_from_start': 25882}]",1,Same Type (Group 1),28.898
sub_76c0d21dd9cc,1,1,value-loose-chunk,VIII = II + IV,VII=III+IV,"['VIII=II+VI', 'VIII=III+V', 'VII=III+IV']",196811,True,"[{'answer': 'VI=II+IV', 'is_correct': False, 'timestamp': {'$numberLong': '1759351934746'}, 'time_from_start': 43763}, {'answer': 'VIII=IV+IV', 'is_correct': False, 'timestamp': {'$numberLong': '1759351981552'}, 'time_from_start': 90569}, {'answer': 'VIII=IV+IV', 'is_correct': False, 'timestamp': {'$numberLong': '1759352004029'}, 'time_from_start': 113046}, {'answer': 'VII=III+IV', 'is_correct': True, 'timestamp': {'$numberLong': '1759352084777'}, 'time_from_start': 193794}]",4,Same Type (Group 1),196.811
sub_76c0d21dd9cc,2,1,value-loose-chunk,IV = IV - II,IV=VI-II,['IV=VI-II'],52155,True,"[{'answer': 'IV=VI-II', 'is_correct': True, 'timestamp': {'$numberLong': '1759352138258'}, 'time_from_start': 49141}]",1,Same Type (Group 1),52.155
sub_76c0d21dd9cc,3,1,value-loose-chunk,IX = VII + IV,XI=VII+IV,['XI=VII+IV'],45444,True,"[{'answer': 'XI=VII+IV', 'is_correct': True, 'timestamp': {'$numberLong': '1759352184843'}, 'time_from_start': 42427}]",1,Same Type (Group 1),45.444
sub_76c0d21dd9cc,4,1,value-loose-chunk,III = IX - IV,III=IX-VI,['III=IX-VI'],45077,True,"[{'answer': 'III=IX-VI', 'is_correct': True, 'timestamp': {'$numberLong': '1759352241375'}, 'time_from_start': 42072}]",1,Same Type (Group 1),45.077
sub_76c0d21dd9cc,5,1,value-loose-chunk,II = XI - VII,II=IX-VII,"['III=X-VII', 'II=IX-VII', 'II=X-VIII']",35024,True,"[{'answer': 'II=IX-VII', 'is_correct': True, 'timestamp': {'$numberLong': '1759352277381'}, 'time_from_start': 32020}]",1,Same Type (Group 1),35.024
sub_9fe8ce2519b2,1,1,operator,XIII = IX - IV,XIII-IX=IV,['XIII-IX=IV'],209563,True,"[{'answer': '+', 'is_correct': False, 'timestamp': {'$numberLong': '1759356114079'}, 'time_from_start': 79576}, {'answer': '=', 'is_correct': False, 'timestamp': {'$numberLong': '1759356163967'}, 'time_from_start': 129464}, {'answer': '-', 'is_correct': False, 'timestamp': {'$numberLong': '1759356167511'}, 'time_from_start': 133008}, {'answer': '-', 'is_correct': False, 'timestamp': {'$numberLong': '1759356179790'}, 'time_from_start': 145287}, {'answer': 'I', 'is_correct': False, 'timestamp': {'$numberLong': '1759356190514'}, 'time_from_start': 156011}, {'answer': 'V', 'is_correct': False, 'timestamp': {'$numberLong': '1759356193742'}, 'time_from_start': 159239}, {'answer': 'X', 'is_correct': False, 'timestamp': {'$numberLong': '1759356197531'}, 'time_from_start': 163028}, {'answer': '=', 'is_correct': False, 'timestamp': {'$numberLong': '1759356199150'}, 'time_from_start': 164647}, {'answer': '+', 'is_correct': False, 'timestamp': {'$numberLong': '1759356200790'}, 'time_from_start': 166287}, {'answer': '-', 'is_correct': False, 'timestamp': {'$numberLong': '1759356202423'}, 'time_from_start': 167920}, {'answer': 'I', 'is_correct': False, 'timestamp': {'$numberLong': '1759356212327'}, 'time_from_start': 177824}, {'answer': 'V', 'is_correct': False, 'timestamp': {'$numberLong': '1759356214106'}, 'time_from_start': 179603}, {'answer': 'X', 'is_correct': False, 'timestamp': {'$numberLong': '1759356215490'}, 'time_from_start': 180987}, {'answer': '-', 'is_correct': False, 'timestamp': {'$numberLong': '1759356219263'}, 'time_from_start': 184760}, {'answer': 'XIII-IX=IV', 'is_correct': True, 'timestamp': {'$numberLong': '1759356241042'}, 'time_from_start': 206539}]",15,Same Type (Group 1),209.563
sub_9fe8ce2519b2,2,1,operator,VII = III - IV,VII-III=IV,['VII-III=IV'],115116,True,"[{'answer': 'VII=III+IV', 'is_correct': False, 'timestamp': {'$numberLong': '1759356291770'}, 'time_from_start': 46122}, {'answer': 'VII-III=V', 'is_correct': False, 'timestamp': {'$numberLong': '1759356343739'}, 'time_from_start': 98091}, {'answer': 'VII-III=IV', 'is_correct': True, 'timestamp': {'$numberLong': '1759356357731'}, 'time_from_start': 112083}]",3,Same Type (Group 1),115.116
sub_9fe8ce2519b2,3,1,operator,VI = IV - II,VI-IV=II,['VI-IV=II'],225970,True,"[{'answer': 'V=VII-II', 'is_correct': False, 'timestamp': {'$numberLong': '1759356390058'}, 'time_from_start': 28238}, {'answer': 'VI=VII-I', 'is_correct': False, 'timestamp': {'$numberLong': '1759356473050'}, 'time_from_start': 111230}, {'answer': 'I=IV-IIV', 'is_correct': False, 'timestamp': {'$numberLong': '1759356497006'}, 'time_from_start': 135186}, {'answer': 'I=IV-VII', 'is_correct': False, 'timestamp': {'$numberLong': '1759356512490'}, 'time_from_start': 150670}, {'answer': 'VI-IV=II', 'is_correct': True, 'timestamp': {'$numberLong': '1759356584751'}, 'time_from_start': 222931}]",5,Same Type (Group 1),225.97
sub_9fe8ce2519b2,4,1,operator,X = VII - III,X-VII=III,['X-VII=III'],132891,True,"[{'answer': 'X=VIII-II', 'is_correct': False, 'timestamp': {'$numberLong': '1759356607214'}, 'time_from_start': 18303}, {'answer': 'X=II+VII', 'is_correct': False, 'timestamp': {'$numberLong': '1759356627310'}, 'time_from_start': 38399}, {'answer': 'X=VII+II', 'is_correct': False, 'timestamp': {'$numberLong': '1759356640679'}, 'time_from_start': 51768}, {'answer': 'X=VII+III', 'is_correct': False, 'timestamp': {'$numberLong': '1759356701774'}, 'time_from_start': 112863}, {'answer': 'X-VII=III', 'is_correct': True, 'timestamp': {'$numberLong': '1759356718767'}, 'time_from_start': 129856}]",5,Same Type (Group 1),132.891
sub_9fe8ce2519b2,5,1,operator,XIII = VII - VI,XIII-VII=VI,['XIII-VII=VI'],149082,True,"[{'answer': 'XIII-VII=V', 'is_correct': False, 'timestamp': {'$numberLong': '1759356740702'}, 'time_from_start': 17503}, {'answer': 'XIII-VII=I', 'is_correct': False, 'timestamp': {'$numberLong': '1759356801370'}, 'time_from_start': 78171}, {'answer': 'XIII-VII=VI', 'is_correct': True, 'timestamp': {'$numberLong': '1759356869251'}, 'time_from_start': 146052}]",3,Same Type (Group 1),149.082
sub_3156a94353ea,1,1,value-loose-chunk,III = IX - IV,III=IX-VI,['III=IX-VI'],32735,True,"[{'answer': 'III=IX-VI', 'is_correct': True, 'timestamp': {'$numberLong': '1759358397610'}, 'time_from_start': 29651}]",1,Same Type (Group 1),32.735
sub_3156a94353ea,2,1,value-loose-chunk,IV = IV - II,IV=VI-II,['IV=VI-II'],16984,True,"[{'answer': 'IV=VI-II', 'is_correct': True, 'timestamp': {'$numberLong': '1759358416070'}, 'time_from_start': 13939}]",1,Same Type (Group 1),16.984
sub_3156a94353ea,3,1,value-loose-chunk,VIII = II + IV,VIII=II+VI,"['VIII=II+VI', 'VIII=III+V', 'VII=III+IV']",29054,True,"[{'answer': 'VIII=II+VI', 'is_correct': True, 'timestamp': {'$numberLong': '1759358446449'}, 'time_from_start': 25977}]",1,Same Type (Group 1),29.054
sub_3156a94353ea,4,1,value-loose-chunk,II = XI - VII,II=IX-VII,"['III=X-VII', 'II=IX-VII', 'II=X-VIII']",31602,True,"[{'answer': 'II=IX-VII', 'is_correct': True, 'timestamp': {'$numberLong': '1759358480332'}, 'time_from_start': 28522}]",1,Same Type (Group 1),31.602
sub_3156a94353ea,5,1,value-loose-chunk,IX = VII + IV,XI=VII+IV,['XI=VII+IV'],31220,True,"[{'answer': 'XI=VII+IV', 'is_correct': True, 'timestamp': {'$numberLong': '1759358512901'}, 'time_from_start': 28151}]",1,Same Type (Group 1),31.22
sub_96150e178ddb,1,1,hybrid,VII = XII + VI,VII=XIII-VI,['VII=XIII-VI'],173389,True,"[{'answer': 'VIII=XII-VI', 'is_correct': False, 'timestamp': {'$numberLong': '1759422777707'}, 'time_from_start': 39311}, {'answer': 'VII=XIII-VI', 'is_correct': True, 'timestamp': {'$numberLong': '1759422908738'}, 'time_from_start': 170342}]",2,Same Type (Group 1),173.389
sub_96150e178ddb,2,1,hybrid,IV = VII + IV,IV=VIII-IV,['IV=VIII-IV'],55400,True,"[{'answer': 'IV=VIII-IV', 'is_correct': True, 'timestamp': {'$numberLong': '1759422966562'}, 'time_from_start': 52359}]",1,Same Type (Group 1),55.4
sub_96150e178ddb,3,1,hybrid,III = XI + IX,III=XII-IX,['III=XII-IX'],36041,True,"[{'answer': 'III=XII-IX', 'is_correct': True, 'timestamp': {'$numberLong': '1759423003905'}, 'time_from_start': 32998}]",1,Same Type (Group 1),36.041
sub_96150e178ddb,4,1,hybrid,IX = XII + IV,IX=XIII-IV,['IX=XIII-IV'],29877,True,"[{'answer': 'IX=XIII-IV', 'is_correct': True, 'timestamp': {'$numberLong': '1759423036314'}, 'time_from_start': 26839}]",1,Same Type (Group 1),29.877
sub_96150e178ddb,5,1,hybrid,VI = VI + I,VI=VII-I,['VI=VII-I'],40934,True,"[{'answer': 'VI=VII-I', 'is_correct': True, 'timestamp': {'$numberLong': '1759423078610'}, 'time_from_start': 37911}]",1,Same Type (Group 1),40.934
sub_57b8f6ba7e79,1,1,value-tight-chunk,II = IX - II,,['II=IV-II'],240138,False,"[{'answer': 'I+I', 'is_correct': False, 'timestamp': {'$numberLong': '1759422873457'}, 'time_from_start': 54362}, {'answer': 'X-X', 'is_correct': False, 'timestamp': {'$numberLong': '1759422896070'}, 'time_from_start': 76975}, {'answer': 'II=IV-III', 'is_correct': False, 'timestamp': {'$numberLong': '1759423045430'}, 'time_from_start': 226335}]",3,Same Type (Group 1),240.138
sub_57b8f6ba7e79,2,1,value-tight-chunk,IV = XI - II,IV=VI-II,"['IX=XI-II', 'IV=VI-II']",94638,True,"[{'answer': 'IV=II+II', 'is_correct': False, 'timestamp': {'$numberLong': '1759423119359'}, 'time_from_start': 54350}, {'answer': 'IV=VI-II', 'is_correct': True, 'timestamp': {'$numberLong': '1759423156595'}, 'time_from_start': 91586}]",2,Same Type (Group 1),94.638
sub_57b8f6ba7e79,3,1,value-tight-chunk,VII = IX + III,VII=IV+III,"['XII=IX+III', 'VII=IV+III']",81594,True,"[{'answer': 'VII=IV+III', 'is_correct': True, 'timestamp': {'$numberLong': '1759423241776'}, 'time_from_start': 78548}]",1,Same Type (Group 1),81.594
sub_57b8f6ba7e79,4,1,value-tight-chunk,III = XI - III,III=VI-III,['III=VI-III'],85182,True,"[{'answer': 'III=VI+III', 'is_correct': False, 'timestamp': {'$numberLong': '1759423297704'}, 'time_from_start': 51040}, {'answer': 'III=VI-III', 'is_correct': True, 'timestamp': {'$numberLong': '1759423328503'}, 'time_from_start': 81839}]",2,Same Type (Group 1),85.182
sub_57b8f6ba7e79,5,1,value-tight-chunk,XI = IV + II,XI=IX+II,"['VI=IV+II', 'XI=IX+II']",24558,True,"[{'answer': 'XI=IX+II', 'is_correct': True, 'timestamp': {'$numberLong': '1759423356632'}, 'time_from_start': 21513}]",1,Same Type (Group 1),24.558
sub_a2858e1d6e20,1,1,hybrid,III = XI + IX,,['III=XII-IX'],240105,False,[],0,Same Type (Group 1),240.105
sub_a2858e1d6e20,2,1,hybrid,IX = XII + IV,XI=,['IX=XIII-IV'],240097,False,[],0,Same Type (Group 1),240.097
sub_a2858e1d6e20,3,1,hybrid,IV = VII + IV,,['IV=VIII-IV'],240127,False,[],0,Same Type (Group 1),240.127
sub_a2858e1d6e20,4,1,hybrid,VI = VI + I,VI=VII-I,['VI=VII-I'],134603,True,"[{'answer': 'VI=VII-I', 'is_correct': True, 'timestamp': {'$numberLong': '1759424321750'}, 'time_from_start': 131569}]",1,Same Type (Group 1),134.603
sub_a2858e1d6e20,5,1,hybrid,VII = XII + VI,VII=XIII-VI,['VII=XIII-VI'],127404,True,"[{'answer': 'VII=XIII-VI', 'is_correct': True, 'timestamp': {'$numberLong': '1759424450670'}, 'time_from_start': 124378}]",1,Same Type (Group 1),127.404
sub_2dba0fd1be9e,1,1,value-loose-chunk,III = IX - IV,III=IX-VI,['III=IX-VI'],40426,True,"[{'answer': 'III=IX-VI', 'is_correct': True, 'timestamp': {'$numberLong': '1759423705120'}, 'time_from_start': 37385}]",1,Same Type (Group 1),40.426
sub_2dba0fd1be9e,2,1,value-loose-chunk,II = XI - VII,II=IX-VII,"['III=X-VII', 'II=IX-VII', 'II=X-VIII']",30898,True,"[{'answer': 'II=IX-VII', 'is_correct': True, 'timestamp': {'$numberLong': '1759423742598'}, 'time_from_start': 27874}]",1,Same Type (Group 1),30.898
sub_2dba0fd1be9e,3,1,value-loose-chunk,VIII = II + IV,VIII=II+VI,"['VIII=II+VI', 'VIII=III+V', 'VII=III+IV']",129205,True,"[{'answer': 'VII=II+VI', 'is_correct': False, 'timestamp': {'$numberLong': '1759423779281'}, 'time_from_start': 29416}, {'answer': 'VII=III+V', 'is_correct': False, 'timestamp': {'$numberLong': '1759423801905'}, 'time_from_start': 52040}, {'answer': 'VIII=II+VI', 'is_correct': True, 'timestamp': {'$numberLong': '1759423876028'}, 'time_from_start': 126163}]",3,Same Type (Group 1),129.205
sub_2dba0fd1be9e,4,1,value-loose-chunk,IV = IV - II,IV=VI-II,['IV=VI-II'],30534,True,"[{'answer': 'IV=VI-II', 'is_correct': True, 'timestamp': {'$numberLong': '1759423908721'}, 'time_from_start': 27465}]",1,Same Type (Group 1),30.534
sub_2dba0fd1be9e,5,1,value-loose-chunk,IX = VII + IV,XI=VII+IV,['XI=VII+IV'],91790,True,"[{'answer': 'XI=VII+IV', 'is_correct': True, 'timestamp': {'$numberLong': '1759424002476'}, 'time_from_start': 88752}]",1,Same Type (Group 1),91.79
sub_51a5f55b83e7,1,2,value-loose-chunk,IX = VII + IV,XI=VII+IV,['XI=VII+IV'],60200,True,"[{'answer': 'XI=VII+IV', 'is_correct': True, 'timestamp': {'$numberLong': '1759424406961'}, 'time_from_start': 57166}]",1,Different Types (Group 2),60.2
sub_51a5f55b83e7,2,2,hybrid,III = XI + IX,,['III=XII-IX'],240141,False,[],0,Different Types (Group 2),240.141
sub_51a5f55b83e7,3,2,value-tight-chunk,III = XI - III,,['III=VI-III'],240136,False,[],0,Different Types (Group 2),240.136
sub_51a5f55b83e7,4,2,operator,XIII = VII - VI,XIII-VII=VI,['XIII-VII=VI'],157565,True,"[{'answer': 'XIII=VII+VI', 'is_correct': False, 'timestamp': {'$numberLong': '1759424940449'}, 'time_from_start': 35660}, {'answer': 'XIII-VII=VI', 'is_correct': True, 'timestamp': {'$numberLong': '1759425059307'}, 'time_from_start': 154518}]",2,Different Types (Group 2),157.565
sub_51a5f55b83e7,5,2,tautological,IX = IX + IX,V,['IX=IX=IX'],240134,False,[],0,Different Types (Group 2),240.134
sub_5e8f2feeceb3,1,2,hybrid,VII = XII + VI,VII=,['VII=XIII-VI'],240136,False,[],0,Different Types (Group 2),240.136
sub_5e8f2feeceb3,2,2,value-loose-chunk,VIII = II + IV,VIII=II+VI,"['VIII=II+VI', 'VIII=III+V', 'VII=III+IV']",165035,True,"[{'answer': 'VII=II+VI', 'is_correct': False, 'timestamp': {'$numberLong': '1759778470749'}, 'time_from_start': 82315}, {'answer': 'VIII=II+VI', 'is_correct': True, 'timestamp': {'$numberLong': '1759778550425'}, 'time_from_start': 161991}]",2,Different Types (Group 2),165.035
sub_5e8f2feeceb3,3,2,tautological,XII = XII + XII,XII=XII=XII,['XII=XII=XII'],104211,True,"[{'answer': 'XII=XII=XII', 'is_correct': True, 'timestamp': {'$numberLong': '1759778657649'}, 'time_from_start': 101164}]",1,Different Types (Group 2),104.211
sub_5e8f2feeceb3,4,2,value-tight-chunk,III = XI - III,,['III=VI-III'],240147,False,[],0,Different Types (Group 2),240.147
sub_5e8f2feeceb3,5,2,operator,XIII = IX - IV,,['XIII-IX=IV'],240150,False,"[{'answer': 'XIII=IX+IV', 'is_correct': False, 'timestamp': {'$numberLong': '1759778981458'}, 'time_from_start': 75535}, {'answer': 'XIII=IX+IV', 'is_correct': False, 'timestamp': {'$numberLong': '1759779028604'}, 'time_from_start': 122681}]",2,Different Types (Group 2),240.15
sub_655cf71a7946,1,2,value-tight-chunk,III = XI - III,,['III=VI-III'],240143,False,"[{'answer': 'IIIX=II-I', 'is_correct': False, 'timestamp': {'$numberLong': '1759778777031'}, 'time_from_start': 218619}]",1,Different Types (Group 2),240.143
sub_655cf71a7946,2,2,hybrid,III = XI + IX,IIIX,['III=XII-IX'],240131,False,[],0,Different Types (Group 2),240.131
sub_655cf71a7946,3,2,value-loose-chunk,IV = IV - II,,['IV=VI-II'],240134,False,"[{'answer': 'V=VII-II', 'is_correct': False, 'timestamp': {'$numberLong': '1759779360577'}, 'time_from_start': 212666}]",1,Different Types (Group 2),240.134
sub_655cf71a7946,4,2,tautological,XII = XII + XII,,['XII=XII=XII'],240141,False,"[{'answer': 'XII=IIX+XII', 'is_correct': False, 'timestamp': {'$numberLong': '1759779543482'}, 'time_from_start': 150111}, {'answer': 'XII=XII+IIX', 'is_correct': False, 'timestamp': {'$numberLong': '1759779596779'}, 'time_from_start': 203408}, {'answer': 'XIII=XI+XII', 'is_correct': False, 'timestamp': {'$numberLong': '1759779616486'}, 'time_from_start': 223115}]",3,Different Types (Group 2),240.141
sub_655cf71a7946,5,2,operator,XIII = IX - IV,XIIII,['XIII-IX=IV'],240133,False,"[{'answer': 'VIII=IX-I', 'is_correct': False, 'timestamp': {'$numberLong': '1759779742091'}, 'time_from_start': 102193}, {'answer': 'VIII=IX-I', 'is_correct': False, 'timestamp': {'$numberLong': '1759779765668'}, 'time_from_start': 125770}, {'answer': 'XIII=XI-IV', 'is_correct': False, 'timestamp': {'$numberLong': '1759779866233'}, 'time_from_start': 226335}]",3,Different Types (Group 2),240.133
