participant_id,trial_number,phase,group,task_type,is_correct,word_count,rt_seconds,audio_duration_s,wps_rt,wps_audio,wps_used,wps_source
sub_d35aa8f4d33f,1,unlabeled,1,tautological,0,168,240.138,239.8,0.6995977313044999,0.7005838198498748,0.7005838198498748,audio
sub_d35aa8f4d33f,2,unlabeled,1,tautological,0,199,240.146,239.8,0.8286625636071391,0.829858215179316,0.829858215179316,audio
sub_d35aa8f4d33f,3,unlabeled,1,tautological,0,239,240.134,239.8,0.9952776366528688,0.9966638865721434,0.9966638865721434,audio
sub_d35aa8f4d33f,4,unlabeled,1,tautological,0,139,240.132,239.8,0.5788483001016108,0.579649708090075,0.579649708090075,audio
sub_d35aa8f4d33f,5,unlabeled,1,tautological,0,193,240.129,239.8,0.8037346592872998,0.804837364470392,0.804837364470392,audio
sub_9503423c9f70,1,first_correct,1,tautological,1,90,86.065,82.6,1.0457212571893337,1.089588377723971,1.089588377723971,audio
sub_9503423c9f70,2,post_correct,1,tautological,1,36,43.389,40.06,0.8297033810412777,0.8986520219670494,0.8986520219670494,audio
sub_9503423c9f70,3,post_correct,1,tautological,1,26,20.806,17.5,1.249639527059502,1.4857142857142858,1.4857142857142858,audio
sub_9503423c9f70,4,post_correct,1,tautological,1,17,20.733,17.44,0.8199488737761057,0.9747706422018347,0.9747706422018347,audio
sub_9503423c9f70,5,post_correct,1,tautological,1,16,19.425,16.06,0.8236808236808236,0.9962640099626402,0.9962640099626402,audio
sub_8c695f8dca6e,1,pre_incorrect,1,operator,0,256,240.113,239.86,1.0661646807961251,1.0672892520637038,1.0672892520637038,audio
sub_8c695f8dca6e,2,pre_incorrect,1,operator,0,145,240.114,239.86,0.6038798237503852,0.6045193029267072,0.6045193029267072,audio
sub_8c695f8dca6e,3,first_correct,1,operator,1,132,198.892,195.7,0.6636767693019328,0.6745017884517118,0.6745017884517118,audio
sub_8c695f8dca6e,4,post_incorrect,1,operator,0,194,240.11,239.8,0.8079630169505643,0.8090075062552127,0.8090075062552127,audio
sub_8c695f8dca6e,5,post_incorrect,1,operator,0,218,240.111,239.86,0.9079134233750225,0.9088635037104977,0.9088635037104977,audio
sub_3a291c7f542d,1,pre_incorrect,1,hybrid,0,182,240.123,239.86,0.7579448865789616,0.7587759526390394,0.7587759526390394,audio
sub_3a291c7f542d,2,first_correct,1,hybrid,1,111,136.381,133.18,0.8138963638630015,0.8334584772488361,0.8334584772488361,audio
sub_3a291c7f542d,3,post_incorrect,1,hybrid,0,237,240.134,239.86,0.986948953500962,0.9880763778871008,0.9880763778871008,audio
sub_3a291c7f542d,4,post_correct,1,hybrid,1,71,124.201,121.06,0.5716540124475649,0.5864860399801751,0.5864860399801751,audio
sub_3a291c7f542d,5,post_correct,1,hybrid,1,85,130.861,127.66,0.6495441728246002,0.665831113896287,0.665831113896287,audio
sub_057b1c4a47b6,1,first_correct,1,value-loose-chunk,1,40,37.86,34.66,1.0565240359218173,1.154068090017311,1.154068090017311,audio
sub_057b1c4a47b6,2,post_correct,1,value-loose-chunk,1,46,51.804,48.64,0.8879623195120068,0.9457236842105263,0.9457236842105263,audio
sub_057b1c4a47b6,3,post_correct,1,value-loose-chunk,1,155,138.217,134.98,1.1214250056071249,1.1483182693732406,1.1483182693732406,audio
sub_057b1c4a47b6,4,post_correct,1,value-loose-chunk,1,44,32.378,29.2,1.358947433442461,1.5068493150684932,1.5068493150684932,audio
sub_057b1c4a47b6,5,post_correct,1,value-loose-chunk,1,37,34.6,31.42,1.069364161849711,1.1775938892425206,1.1775938892425206,audio
sub_df5377cdddde,1,unlabeled,1,tautological,0,439,240.105,239.2,1.8283667562108246,1.835284280936455,1.835284280936455,audio
sub_df5377cdddde,2,unlabeled,1,tautological,0,457,240.109,239.2,1.9033022502280215,1.9105351170568563,1.9105351170568563,audio
sub_df5377cdddde,3,unlabeled,1,tautological,0,422,241.957,241.24,1.7441115570121963,1.7492953075775162,1.7492953075775162,audio
sub_df5377cdddde,4,unlabeled,1,tautological,0,381,240.112,239.2,1.5867595122276272,1.592809364548495,1.592809364548495,audio
sub_df5377cdddde,5,unlabeled,1,tautological,0,407,240.105,239.14,1.6950917307011517,1.7019319227230911,1.7019319227230911,audio
sub_3b1144cd2068,1,unlabeled,1,value-loose-chunk,0,121,240.131,239.08,0.5038916258209061,0.5061067425129664,0.5061067425129664,audio
sub_3b1144cd2068,2,unlabeled,1,value-loose-chunk,0,117,240.145,239.14,0.4872056465885194,0.48925315714644146,0.48925315714644146,audio
sub_3b1144cd2068,3,unlabeled,1,value-loose-chunk,0,164,240.142,239.14,0.6829292668504469,0.6857907501881744,0.6857907501881744,audio
sub_3b1144cd2068,4,unlabeled,1,value-loose-chunk,0,193,240.146,239.32,0.803677762694361,0.8064516129032259,0.8064516129032259,audio
sub_3b1144cd2068,5,unlabeled,1,value-loose-chunk,0,245,240.129,239.32,1.0202849301833599,1.0237339127527996,1.0237339127527996,audio
sub_14ef9451a39d,1,unlabeled,1,value-tight-chunk,0,273,240.14,239.38,1.1368368451736488,1.140446152560782,1.140446152560782,audio
sub_14ef9451a39d,2,unlabeled,1,value-tight-chunk,0,295,240.134,239.32,1.2284807649062608,1.2326592010696975,1.2326592010696975,audio
sub_14ef9451a39d,3,unlabeled,1,value-tight-chunk,0,350,240.134,239.32,1.4575195515836992,1.4624770182182851,1.4624770182182851,audio
sub_14ef9451a39d,4,unlabeled,1,value-tight-chunk,0,386,240.149,239.38,1.6073354459106637,1.6124989556353915,1.6124989556353915,audio
sub_14ef9451a39d,5,unlabeled,1,value-tight-chunk,0,347,240.134,239.32,1.4450265268558389,1.4499415009192713,1.4499415009192713,audio
sub_187c1aa52c3d,1,unlabeled,1,value-tight-chunk,0,245,240.119,239.74,1.0203274209870938,1.021940435471761,1.021940435471761,audio
sub_187c1aa52c3d,2,unlabeled,1,value-tight-chunk,0,201,240.121,239.74,0.8370779731885174,0.8384082756319345,0.8384082756319345,audio
sub_187c1aa52c3d,3,unlabeled,1,value-tight-chunk,0,251,240.118,239.74,1.0453193846358875,1.0469675481771918,1.0469675481771918,audio
sub_187c1aa52c3d,4,unlabeled,1,value-tight-chunk,0,307,240.126,239.74,1.2784954565519768,1.2805539334278802,1.2805539334278802,audio
sub_187c1aa52c3d,5,unlabeled,1,value-tight-chunk,0,269,240.117,239.68,1.1202871933265868,1.1223297730307076,1.1223297730307076,audio
sub_b756988f57dd,1,pre_incorrect,1,hybrid,0,380,240.12,238.12,1.5825420623021822,1.595834033260541,1.595834033260541,audio
sub_b756988f57dd,2,first_correct,1,hybrid,1,172,106.565,103.36,1.6140383803312532,1.6640866873065017,1.6640866873065017,audio
sub_b756988f57dd,3,post_correct,1,hybrid,1,248,238.941,235.72,1.0379131249973843,1.052095706770745,1.052095706770745,audio
sub_b756988f57dd,4,post_correct,1,hybrid,1,227,126.374,123.16,1.7962555588966085,1.8431308866515104,1.8431308866515104,audio
sub_b756988f57dd,5,post_correct,1,hybrid,1,146,88.429,85.18,1.6510420789559985,1.7140173749706502,1.7140173749706502,audio
sub_af23f97f6c59,1,first_correct,1,value-loose-chunk,1,154,160.812,157.36,0.9576399771161356,0.9786476868327402,0.9786476868327402,audio
sub_af23f97f6c59,2,post_incorrect,1,value-loose-chunk,0,113,240.103,239.68,0.4706313540438895,0.4714619492656876,0.4714619492656876,audio
sub_af23f97f6c59,3,post_correct,1,value-loose-chunk,1,158,172.352,169.0,0.9167285555142963,0.9349112426035503,0.9349112426035503,audio
sub_af23f97f6c59,4,post_incorrect,1,value-loose-chunk,0,302,240.123,239.68,1.2576887678398154,1.2600133511348464,1.2600133511348464,audio
sub_af23f97f6c59,5,post_incorrect,1,value-loose-chunk,0,213,240.127,239.62,0.8870306129673048,0.8889074367748936,0.8889074367748936,audio
sub_dcdeec2e1791,1,first_correct,1,operator,1,187,146.481,140.44,1.2766160799011477,1.3315294787809742,1.3315294787809742,audio
sub_dcdeec2e1791,2,post_correct,1,operator,1,75,64.892,58.96,1.1557665043456822,1.2720488466757123,1.2720488466757123,audio
sub_dcdeec2e1791,3,post_correct,1,operator,1,51,53.925,47.92,0.9457579972183588,1.0642737896494157,1.0642737896494157,audio
sub_dcdeec2e1791,4,post_correct,1,operator,1,25,23.546,17.56,1.0617514652170221,1.4236902050113895,1.4236902050113895,audio
sub_dcdeec2e1791,5,post_correct,1,operator,1,12,16.276,10.42,0.7372818874416318,1.1516314779270633,1.1516314779270633,audio
sub_f5967a6d7c24,1,first_correct,1,operator,1,217,195.58,191.68,1.1095204008589834,1.1320951585976626,1.1320951585976626,audio
sub_f5967a6d7c24,2,post_correct,1,operator,1,54,46.071,42.22,1.172103926548154,1.2790146849834203,1.2790146849834203,audio
sub_f5967a6d7c24,3,post_correct,1,operator,1,41,34.946,31.66,1.1732387111543525,1.2950094756790904,1.2950094756790904,audio
sub_f5967a6d7c24,4,post_incorrect,1,operator,0,289,240.133,239.68,1.203499727234491,1.2057743658210947,1.2057743658210947,audio
sub_f5967a6d7c24,5,post_correct,1,operator,1,57,52.484,48.52,1.086045270939715,1.17477328936521,1.17477328936521,audio
sub_93d81c85849e,1,pre_incorrect,1,hybrid,0,358,240.171,238.84,1.4906046108814137,1.4989114051247696,1.4989114051247696,audio
sub_93d81c85849e,2,first_correct,1,hybrid,1,184,104.217,100.48,1.7655468877438423,1.8312101910828025,1.8312101910828025,audio
sub_93d81c85849e,3,post_correct,1,hybrid,1,294,190.205,186.4,1.5457006913593228,1.5772532188841202,1.5772532188841202,audio
sub_93d81c85849e,4,post_correct,1,hybrid,1,281,162.1,158.26,1.7334978408389883,1.7755592063692658,1.7755592063692658,audio
sub_93d81c85849e,5,post_correct,1,hybrid,1,70,42.664,38.92,1.640727545471592,1.7985611510791366,1.7985611510791366,audio
sub_a3e279103ed5,1,first_correct,1,operator,1,178,156.457,153.04,1.1376927845989633,1.1630946157867226,1.1630946157867226,audio
sub_a3e279103ed5,2,post_correct,1,operator,1,125,115.554,112.12,1.0817453311871505,1.1148769175882982,1.1148769175882982,audio
sub_a3e279103ed5,3,post_correct,1,operator,1,67,40.662,37.3,1.647730067384782,1.7962466487935658,1.7962466487935658,audio
sub_a3e279103ed5,4,post_correct,1,operator,1,32,23.074,19.66,1.3868423333622257,1.6276703967446593,1.6276703967446593,audio
sub_a3e279103ed5,5,post_correct,1,operator,1,31,22.576,19.18,1.3731396172927002,1.616266944734098,1.616266944734098,audio
sub_0e1dca66af8d,1,unlabeled,1,tautological,0,384,240.109,239.14,1.5992736632112914,1.6057539516601156,1.6057539516601156,audio
sub_0e1dca66af8d,2,unlabeled,1,tautological,0,273,240.112,239.68,1.136969414273339,1.139018691588785,1.139018691588785,audio
sub_0e1dca66af8d,3,unlabeled,1,tautological,0,237,240.108,239.68,0.9870558248788045,0.988818424566088,0.988818424566088,audio
sub_0e1dca66af8d,4,unlabeled,1,tautological,0,290,240.108,239.68,1.2077898279107735,1.2099465954606141,1.2099465954606141,audio
sub_0e1dca66af8d,5,unlabeled,1,tautological,0,281,240.109,239.62,1.1703018212561795,1.1726900926466906,1.1726900926466906,audio
sub_2d300a4fe26a,1,unlabeled,1,tautological,0,320,240.14,239.8,1.3325560089947532,1.3344453711426187,1.3344453711426187,audio
sub_2d300a4fe26a,2,unlabeled,1,tautological,0,299,240.124,239.8,1.2451899851743267,1.2468723936613844,1.2468723936613844,audio
sub_2d300a4fe26a,3,unlabeled,1,tautological,0,285,240.125,239.8,1.1868818323789694,1.1884904086738948,1.1884904086738948,audio
sub_2d300a4fe26a,4,unlabeled,1,tautological,0,347,240.131,239.8,1.4450445798335076,1.4470391993327771,1.4470391993327771,audio
sub_2d300a4fe26a,5,unlabeled,1,tautological,0,377,240.133,239.8,1.5699633119979344,1.5721434528773977,1.5721434528773977,audio
sub_f0ad42f4c80f,1,pre_incorrect,1,value-loose-chunk,0,383,240.142,239.68,1.5948896902665923,1.5979639519359146,1.5979639519359146,audio
sub_f0ad42f4c80f,2,first_correct,1,value-loose-chunk,1,237,179.279,175.9,1.3219618583325432,1.3473564525298465,1.3473564525298465,audio
sub_f0ad42f4c80f,3,post_incorrect,1,value-loose-chunk,0,466,240.122,239.62,1.9406801542549204,1.9447458475920207,1.9447458475920207,audio
sub_f0ad42f4c80f,4,post_correct,1,value-loose-chunk,1,127,86.962,83.5,1.4604079942963593,1.5209580838323353,1.5209580838323353,audio
sub_f0ad42f4c80f,5,post_correct,1,value-loose-chunk,1,164,85.762,82.3,1.9122688370140621,1.9927095990279466,1.9927095990279466,audio
sub_97a093227203,1,pre_incorrect,1,hybrid,0,217,241.396,241.293,0.898937844869012,0.8993215716991375,0.8993215716991375,audio
sub_97a093227203,2,pre_incorrect,1,hybrid,0,278,241.541,241.434,1.1509433181116249,1.151453399272679,1.151453399272679,audio
sub_97a093227203,3,first_correct,1,hybrid,1,259,200.753,197.754,1.2901426130618223,1.3097080210766914,1.3097080210766914,audio
sub_97a093227203,4,post_correct,1,hybrid,1,101,61.224,58.214,1.6496798641055797,1.7349778403820386,1.7349778403820386,audio
sub_97a093227203,5,post_correct,1,hybrid,1,179,112.021,109.013,1.5979146767124022,1.6420059992844889,1.6420059992844889,audio
sub_d1b9242fdda8,1,pre_incorrect,1,value-tight-chunk,0,356,245.481,245.374,1.4502140695206553,1.450846462950435,1.450846462950435,audio
sub_d1b9242fdda8,2,first_correct,1,value-tight-chunk,1,448,213.434,210.314,2.0990095298780886,2.130148254514678,2.130148254514678,audio
sub_d1b9242fdda8,3,post_correct,1,value-tight-chunk,1,119,67.041,63.953,1.7750331886457542,1.8607414820258628,1.8607414820258628,audio
sub_d1b9242fdda8,4,post_correct,1,value-tight-chunk,1,81,45.548,42.453,1.7783437253007814,1.9079923680305277,1.9079923680305277,audio
sub_d1b9242fdda8,5,post_correct,1,value-tight-chunk,1,86,45.254,42.233,1.9003844963981085,2.0363223072005305,2.0363223072005305,audio
sub_b87bf837c6ae,1,pre_incorrect,1,operator,0,102,240.116,239.44,0.4247946825700911,0.42599398596725696,0.42599398596725696,audio
sub_b87bf837c6ae,2,pre_incorrect,1,operator,0,164,240.134,239.68,0.6829520184563619,0.6842456608811749,0.6842456608811749,audio
sub_b87bf837c6ae,3,pre_incorrect,1,operator,0,91,240.118,239.62,0.37898033466878783,0.3797679659460813,0.3797679659460813,audio
sub_b87bf837c6ae,4,first_correct,1,operator,1,21,65.743,62.26,0.3194256422737022,0.33729521362030196,0.33729521362030196,audio
sub_b87bf837c6ae,5,post_correct,1,operator,1,5,19.564,16.18,0.25557145777959517,0.30902348578491967,0.30902348578491967,audio
sub_c99e3feff124,1,first_correct,1,operator,1,92,94.716,90.7,0.9713248025676761,1.014332965821389,1.014332965821389,audio
sub_c99e3feff124,2,post_correct,1,operator,1,37,31.757,27.7,1.1650974588279748,1.3357400722021662,1.3357400722021662,audio
sub_c99e3feff124,3,post_correct,1,operator,1,151,120.029,115.96,1.2580293095835173,1.3021731631597102,1.3021731631597102,audio
sub_c99e3feff124,4,post_correct,1,operator,1,154,164.828,161.14,0.9343072778896789,0.9556907037358819,0.9556907037358819,audio
sub_c99e3feff124,5,post_correct,1,operator,1,38,35.304,31.6,1.0763652843870382,1.2025316455696202,1.2025316455696202,audio
sub_cf97da5a22d4,1,unlabeled,1,tautological,0,213,240.112,239.8,0.8870860265209569,0.8882402001668056,0.8882402001668056,audio
sub_cf97da5a22d4,2,unlabeled,1,tautological,0,233,240.121,239.8,0.970344118173754,0.9716430358632193,0.9716430358632193,audio
sub_cf97da5a22d4,3,unlabeled,1,tautological,0,193,240.123,239.8,0.8037547423612066,0.804837364470392,0.804837364470392,audio
sub_cf97da5a22d4,4,unlabeled,1,tautological,0,313,240.13,239.8,1.3034606254945238,1.305254378648874,1.305254378648874,audio
sub_cf97da5a22d4,5,unlabeled,1,tautological,0,248,240.129,239.8,1.0327782150427478,1.0341951626355295,1.0341951626355295,audio
sub_83928208bd4f,1,pre_incorrect,1,hybrid,0,304,240.178,239.8,1.265727918460475,1.2677231025854878,1.2677231025854878,audio
sub_83928208bd4f,2,first_correct,1,hybrid,1,142,101.071,97.84,1.4049529538641155,1.4513491414554374,1.4513491414554374,audio
sub_83928208bd4f,3,post_incorrect,1,hybrid,0,357,240.158,239.8,1.4865213734291591,1.488740617180984,1.488740617180984,audio
sub_83928208bd4f,4,post_correct,1,hybrid,1,130,66.731,63.46,1.948120064138107,2.048534509927513,2.048534509927513,audio
sub_83928208bd4f,5,post_correct,1,hybrid,1,110,58.61,55.36,1.8768128305749872,1.9869942196531791,1.9869942196531791,audio
sub_e3934e9a123e,1,first_correct,1,value-loose-chunk,1,23,20.617,16.84,1.115584226609109,1.3657957244655583,1.3657957244655583,audio
sub_e3934e9a123e,2,post_correct,1,value-loose-chunk,1,25,20.877,17.56,1.1974900608324952,1.4236902050113895,1.4236902050113895,audio
sub_e3934e9a123e,3,post_correct,1,value-loose-chunk,1,23,18.677,15.34,1.2314611554318144,1.4993481095176011,1.4993481095176011,audio
sub_e3934e9a123e,4,post_correct,1,value-loose-chunk,1,23,20.682,17.38,1.11207813557683,1.3233601841196778,1.3233601841196778,audio
sub_e3934e9a123e,5,post_correct,1,value-loose-chunk,1,19,18.118,14.8,1.0486808698531849,1.2837837837837838,1.2837837837837838,audio
sub_530e7d6c33a4,1,unlabeled,1,tautological,0,383,240.14,239.74,1.5949029732655953,1.5975640276966714,1.5975640276966714,audio
sub_530e7d6c33a4,2,unlabeled,1,tautological,0,293,240.127,239.8,1.2201876507015037,1.2218515429524603,1.2218515429524603,audio
sub_530e7d6c33a4,3,unlabeled,1,tautological,0,257,240.142,239.8,1.0702001315888099,1.0717264386989158,1.0717264386989158,audio
sub_530e7d6c33a4,4,unlabeled,1,tautological,0,182,240.125,239.74,0.7579385736595523,0.7591557520647367,0.7591557520647367,audio
sub_530e7d6c33a4,5,unlabeled,1,tautological,0,139,240.145,239.8,0.5788169647504633,0.579649708090075,0.579649708090075,audio
sub_5ddddc986d75,1,first_correct,1,operator,1,152,189.16,186.094,0.8035525481074223,0.8167915139660602,0.8167915139660602,audio
sub_5ddddc986d75,2,post_correct,1,operator,1,39,53.837,50.773,0.724408863792559,0.7681247907352332,0.7681247907352332,audio
sub_5ddddc986d75,3,post_correct,1,operator,1,58,101.069,97.993,0.5738653790974483,0.5918790117661465,0.5918790117661465,audio
sub_5ddddc986d75,4,post_correct,1,operator,1,18,29.213,26.213,0.6161640365590662,0.6866821805974135,0.6866821805974135,audio
sub_5ddddc986d75,5,post_correct,1,operator,1,17,28.609,25.613,0.5942186025376629,0.6637254519189474,0.6637254519189474,audio
sub_67216a602338,1,unlabeled,1,tautological,0,409,240.13,239.8,1.7032440761254322,1.7055879899916597,1.7055879899916597,audio
sub_67216a602338,2,unlabeled,1,tautological,0,455,240.143,239.74,1.894704405291847,1.897889380161842,1.897889380161842,audio
sub_67216a602338,3,unlabeled,1,tautological,0,554,240.128,239.74,2.307102878464819,2.3108367398014513,2.3108367398014513,audio
sub_67216a602338,4,unlabeled,1,tautological,0,392,240.141,239.74,1.6323743134241966,1.6351046967548177,1.6351046967548177,audio
sub_67216a602338,5,unlabeled,1,tautological,0,565,240.137,239.74,2.352823596530314,2.356719779761408,2.356719779761408,audio
sub_94256d574ebd,1,pre_incorrect,1,hybrid,0,233,240.14,239.74,0.9702673440493046,0.9718862100608993,0.9718862100608993,audio
sub_94256d574ebd,2,pre_incorrect,1,hybrid,0,201,241.378,240.16,0.832718806187805,0.8369420386409061,0.8369420386409061,audio
sub_94256d574ebd,3,first_correct,1,hybrid,1,110,204.32,201.04,0.538371182458888,0.5471547950656586,0.5471547950656586,audio
sub_94256d574ebd,4,post_correct,1,hybrid,1,93,70.54,67.24,1.3184009072866458,1.383105294467579,1.383105294467579,audio
sub_94256d574ebd,5,post_correct,1,hybrid,1,59,52.349,49.06,1.1270511375575465,1.2026090501426823,1.2026090501426823,audio
sub_2bb26305655f,1,pre_incorrect,1,hybrid,0,95,240.132,239.68,0.39561574467376276,0.3963618157543391,0.3963618157543391,audio
sub_2bb26305655f,2,first_correct,1,hybrid,1,39,81.901,78.58,0.47618466196993936,0.4963094935097989,0.4963094935097989,audio
sub_2bb26305655f,3,post_incorrect,1,hybrid,0,153,240.123,239.68,0.6371734486075886,0.6383511348464619,0.6383511348464619,audio
sub_2bb26305655f,4,post_incorrect,1,hybrid,0,105,240.115,239.68,0.43729046498552776,0.4380841121495327,0.4380841121495327,audio
sub_2bb26305655f,5,post_correct,1,hybrid,1,39,81.624,78.28,0.4778006468685681,0.4982115482881962,0.4982115482881962,audio
sub_83a65b70f1f4,1,first_correct,1,value-loose-chunk,1,266,108.415,104.32,2.4535350274408523,2.5498466257668713,2.5498466257668713,audio
sub_83a65b70f1f4,2,post_correct,1,value-loose-chunk,1,295,145.76,141.94,2.023874862788145,2.0783429618148515,2.0783429618148515,audio
sub_83a65b70f1f4,3,post_correct,1,value-loose-chunk,1,161,81.096,77.56,1.9853013712143632,2.075812274368231,2.075812274368231,audio
sub_83a65b70f1f4,4,post_correct,1,value-loose-chunk,1,107,48.815,45.28,2.1919491959438697,2.3630742049469964,2.3630742049469964,audio
sub_83a65b70f1f4,5,post_correct,1,value-loose-chunk,1,72,44.282,40.72,1.6259428210107947,1.768172888015717,1.768172888015717,audio
sub_71fc70db9a34,1,first_correct,1,value-tight-chunk,1,34,31.715,28.36,1.0720479268484944,1.1988716502115657,1.1988716502115657,audio
sub_71fc70db9a34,2,post_correct,1,value-tight-chunk,1,51,32.533,29.2,1.567639012694802,1.7465753424657535,1.7465753424657535,audio
sub_71fc70db9a34,3,post_correct,1,value-tight-chunk,1,34,16.942,13.6,2.0068468893873215,2.5,2.5,audio
sub_71fc70db9a34,4,post_correct,1,value-tight-chunk,1,28,18.105,14.8,1.5465341066003866,1.8918918918918919,1.8918918918918919,audio
sub_71fc70db9a34,5,post_correct,1,value-tight-chunk,1,23,16.047,12.76,1.4332897114725494,1.8025078369905956,1.8025078369905956,audio
sub_c952a2e899e0,1,first_correct,1,value-loose-chunk,1,100,87.273,84.04,1.1458297526153565,1.1899095668729176,1.1899095668729176,audio
sub_c952a2e899e0,2,post_correct,1,value-loose-chunk,1,75,57.904,54.64,1.2952473058856038,1.3726207906295753,1.3726207906295753,audio
sub_c952a2e899e0,3,post_correct,1,value-loose-chunk,1,57,60.399,57.22,0.9437242338449312,0.9961551904928347,0.9961551904928347,audio
sub_c952a2e899e0,4,post_correct,1,value-loose-chunk,1,39,45.529,42.34,0.8565968942871576,0.9211147850732168,0.9211147850732168,audio
sub_c952a2e899e0,5,post_correct,1,value-loose-chunk,1,82,83.506,80.08,0.9819653677580054,1.023976023976024,1.023976023976024,audio
sub_34c9b5ce9f21,1,unlabeled,1,hybrid,0,214,240.14,239.68,0.8911468310152412,0.8928571428571428,0.8928571428571428,audio
sub_34c9b5ce9f21,2,unlabeled,1,hybrid,0,274,240.144,239.68,1.1409820774202144,1.1431909212283045,1.1431909212283045,audio
sub_34c9b5ce9f21,3,unlabeled,1,hybrid,0,300,240.163,239.68,1.249151617859537,1.2516688918558077,1.2516688918558077,audio
sub_34c9b5ce9f21,4,unlabeled,1,hybrid,0,325,240.246,239.68,1.3527800670978913,1.3559746328437916,1.3559746328437916,audio
sub_34c9b5ce9f21,5,unlabeled,1,hybrid,0,292,240.146,239.74,1.215926977755199,1.217986151664303,1.217986151664303,audio
sub_9e9e293b106f,1,first_correct,1,value-loose-chunk,1,117,93.617,90.34,1.249773011312048,1.2951073721496569,1.2951073721496569,audio
sub_9e9e293b106f,2,post_correct,1,value-loose-chunk,1,74,49.346,46.12,1.49961496372553,1.6045099739809194,1.6045099739809194,audio
sub_9e9e293b106f,3,post_correct,1,value-loose-chunk,1,39,43.624,40.36,0.8940033009352649,0.9663032705649157,0.9663032705649157,audio
sub_9e9e293b106f,4,post_incorrect,1,value-loose-chunk,0,203,240.12,239.8,0.8454106280193237,0.8465387823185988,0.8465387823185988,audio
sub_9e9e293b106f,5,post_correct,1,value-loose-chunk,1,84,111.129,107.86,0.7558783035931215,0.7787873168922678,0.7787873168922678,audio
sub_46c74caa2b1d,1,unlabeled,1,value-tight-chunk,0,420,240.355,239.74,1.7474152815626887,1.7518978893801618,1.7518978893801618,audio
sub_46c74caa2b1d,2,unlabeled,1,value-tight-chunk,0,588,240.129,239.74,2.4486838324400635,2.4526570451322263,2.4526570451322263,audio
sub_46c74caa2b1d,3,unlabeled,1,value-tight-chunk,0,579,240.137,239.74,2.411123650249649,2.41511637607408,2.41511637607408,audio
sub_46c74caa2b1d,4,unlabeled,1,value-tight-chunk,0,585,240.131,239.74,2.436170257068017,2.440143488779511,2.440143488779511,audio
sub_46c74caa2b1d,5,unlabeled,1,value-tight-chunk,0,535,240.121,239.74,2.2280433614719244,2.231584216234254,2.231584216234254,audio
sub_eb09173c30ac,1,first_correct,2,value-loose-chunk,1,102,56.716,53.32,1.7984343042527682,1.9129782445611403,1.9129782445611403,audio
sub_eb09173c30ac,2,post_incorrect,2,operator,0,456,240.129,239.62,1.898979298626988,1.9030131040814622,1.9030131040814622,audio
sub_eb09173c30ac,3,post_incorrect,2,tautological,0,469,240.125,239.62,1.9531494013534618,1.957265670645188,1.957265670645188,audio
sub_eb09173c30ac,4,post_correct,2,hybrid,1,175,87.412,84.04,2.0020134535304077,2.0823417420276056,2.0823417420276056,audio
sub_eb09173c30ac,5,post_correct,2,value-tight-chunk,1,203,110.961,107.56,1.8294716161534232,1.8873187058386016,1.8873187058386016,audio
sub_0b391805540f,1,pre_incorrect,2,hybrid,0,275,240.119,239.68,1.1452654725365339,1.1473631508678237,1.1473631508678237,audio
sub_0b391805540f,2,first_correct,2,operator,1,125,106.412,103.12,1.174679547419464,1.2121799844840961,1.2121799844840961,audio
sub_0b391805540f,3,post_incorrect,2,tautological,0,312,240.123,239.68,1.2993340912782199,1.3017356475300401,1.3017356475300401,audio
sub_0b391805540f,4,post_correct,2,value-loose-chunk,1,69,56.621,53.32,1.2186291305346073,1.2940735183795948,1.2940735183795948,audio
sub_0b391805540f,5,post_incorrect,2,value-tight-chunk,0,339,240.123,239.68,1.411776464561912,1.4143858477970628,1.4143858477970628,audio
sub_5816418a5209,1,first_correct,2,value-tight-chunk,1,65,47.952,44.56,1.3555221888555222,1.4587073608617593,1.4587073608617593,audio
sub_5816418a5209,2,post_incorrect,2,hybrid,0,489,240.127,239.68,2.0364223931502914,2.0402202937249667,2.0402202937249667,audio
sub_5816418a5209,3,post_incorrect,2,value-loose-chunk,0,422,240.131,239.62,1.7573740999704328,1.7611217761455638,1.7611217761455638,audio
sub_5816418a5209,4,post_incorrect,2,operator,0,393,240.133,239.68,1.636593054682197,1.639686248331108,1.639686248331108,audio
sub_5816418a5209,5,post_incorrect,2,tautological,0,445,240.138,239.68,1.8531011335148955,1.8566421895861147,1.8566421895861147,audio
sub_79d834729395,1,pre_incorrect,2,operator,0,124,240.115,239.68,0.5164192157924328,0.5173564753004005,0.5173564753004005,audio
sub_79d834729395,2,pre_incorrect,2,tautological,0,245,240.125,239.68,1.0203019260801667,1.0221962616822429,1.0221962616822429,audio
sub_79d834729395,3,pre_incorrect,2,value-tight-chunk,0,199,240.11,239.62,0.8287868060472283,0.8304815958601118,0.8304815958601118,audio
sub_79d834729395,4,first_correct,2,value-loose-chunk,1,26,54.334,50.92,0.47852173592962044,0.5106048703849175,0.5106048703849175,audio
sub_79d834729395,5,post_incorrect,2,hybrid,0,132,240.111,239.56,0.5497457425940503,0.5510101853397896,0.5510101853397896,audio
sub_05af81e6e698,1,first_correct,2,value-tight-chunk,1,40,61.757,58.313,0.6476998558867821,0.6859533894671856,0.6859533894671856,audio
sub_05af81e6e698,2,post_correct,2,operator,1,235,236.615,232.374,0.9931745662785537,1.0113007479322127,1.0113007479322127,audio
sub_05af81e6e698,3,post_incorrect,2,hybrid,0,212,242.623,241.194,0.8737836066654852,0.8789605048218447,0.8789605048218447,audio
sub_05af81e6e698,4,post_incorrect,2,tautological,0,177,243.01,241.274,0.7283650878564668,0.7336057760057031,0.7336057760057031,audio
sub_05af81e6e698,5,post_incorrect,2,value-loose-chunk,0,223,242.45,241.154,0.9197772736646732,0.924720303208738,0.924720303208738,audio
sub_dedb795332fb,1,pre_incorrect,2,tautological,0,174,240.143,239.16,0.7245682780676513,0.7275464124435524,0.7275464124435524,audio
sub_dedb795332fb,2,pre_incorrect,2,hybrid,0,101,240.138,239.82,0.4205914932247291,0.42114919522975564,0.42114919522975564,audio
sub_dedb795332fb,3,pre_incorrect,2,operator,0,195,240.196,239.82,0.8118369997835101,0.8131098323742807,0.8131098323742807,audio
sub_dedb795332fb,4,first_correct,2,value-tight-chunk,1,65,157.974,154.74,0.4114601136895945,0.4200594545689543,0.4200594545689543,audio
sub_dedb795332fb,5,post_correct,2,value-loose-chunk,1,10,29.159,25.92,0.3429472890016805,0.38580246913580246,0.38580246913580246,audio
sub_acc97ca3a1b4,1,first_correct,2,value-tight-chunk,1,171,155.335,152.314,1.1008465574403707,1.1226807778667753,1.1226807778667753,audio
sub_acc97ca3a1b4,2,post_incorrect,2,hybrid,0,232,245.509,245.374,0.9449755406115459,0.9454954477654519,0.9454954477654519,audio
sub_acc97ca3a1b4,3,post_correct,2,value-loose-chunk,1,57,63.65,60.574,0.8955223880597015,0.940997787829762,0.940997787829762,audio
sub_acc97ca3a1b4,4,post_incorrect,2,tautological,0,224,243.544,243.413,0.9197516670498965,0.9202466589705561,0.9202466589705561,audio
sub_acc97ca3a1b4,5,post_incorrect,2,operator,0,281,244.478,244.353,1.1493876749646184,1.1499756499817886,1.1499756499817886,audio
sub_cdce09da305b,1,first_correct,2,hybrid,1,71,52.623,49.3,1.3492199228474242,1.440162271805274,1.440162271805274,audio
sub_cdce09da305b,2,post_correct,2,value-tight-chunk,1,215,154.897,151.54,1.3880191352963582,1.418767322159166,1.418767322159166,audio
sub_cdce09da305b,3,post_correct,2,value-loose-chunk,1,65,44.597,41.26,1.4574971410633002,1.5753756665050898,1.5753756665050898,audio
sub_cdce09da305b,4,post_correct,2,operator,1,74,63.756,60.4,1.160675073718552,1.2251655629139073,1.2251655629139073,audio
sub_cdce09da305b,5,post_incorrect,2,tautological,0,303,240.125,239.62,1.2618427902134306,1.264502128369919,1.264502128369919,audio
sub_fdb029ec5a9d,1,first_correct,2,value-loose-chunk,1,91,114.709,111.04,0.7933117715262098,0.8195244956772334,0.8195244956772334,audio
sub_fdb029ec5a9d,2,post_correct,2,operator,1,65,68.68,65.02,0.9464181712288875,0.9996924023377423,0.9996924023377423,audio
sub_fdb029ec5a9d,3,post_correct,2,hybrid,1,142,227.386,223.72,0.6244887548046054,0.6347219738959413,0.6347219738959413,audio
sub_fdb029ec5a9d,4,post_correct,2,tautological,1,74,76.355,72.7,0.9691572261148582,1.0178817056396148,1.0178817056396148,audio
sub_fdb029ec5a9d,5,post_correct,2,value-tight-chunk,1,53,68.084,64.42,0.7784501498149344,0.8227258615336852,0.8227258615336852,audio
sub_61d7e217ebbc,1,first_correct,2,tautological,1,119,89.462,86.08,1.3301737050367752,1.3824349442379182,1.3824349442379182,audio
sub_61d7e217ebbc,2,post_incorrect,2,hybrid,0,199,240.152,239.68,0.8286418601552351,0.8302736982643525,0.8302736982643525,audio
sub_61d7e217ebbc,3,post_correct,2,value-loose-chunk,1,26,34.943,31.54,0.7440689122284865,0.8243500317057705,0.8243500317057705,audio
sub_61d7e217ebbc,4,post_correct,2,value-tight-chunk,1,139,146.987,143.62,0.945661861253036,0.9678317783038574,0.9678317783038574,audio
sub_61d7e217ebbc,5,post_correct,2,operator,1,66,61.666,58.3,1.0702818408847663,1.1320754716981132,1.1320754716981132,audio
sub_43f76795edbe,1,first_correct,2,value-loose-chunk,1,78,72.339,69.16,1.0782565421142123,1.1278195488721805,1.1278195488721805,audio
sub_43f76795edbe,2,post_correct,2,operator,1,326,198.551,195.34,1.641895533137582,1.6688850209890447,1.6688850209890447,audio
sub_43f76795edbe,3,post_correct,2,hybrid,1,83,58.917,55.72,1.4087614780114397,1.4895908111988514,1.4895908111988514,audio
sub_43f76795edbe,4,post_correct,2,tautological,1,308,187.737,184.54,1.6405929571688054,1.6690148477294897,1.6690148477294897,audio
sub_43f76795edbe,5,post_incorrect,2,value-tight-chunk,0,409,240.121,239.86,1.7033079155925555,1.7051613441174016,1.7051613441174016,audio
sub_a9b8cf258182,1,pre_incorrect,2,value-tight-chunk,0,324,240.121,239.62,1.3493197179755205,1.3521408897420917,1.3521408897420917,audio
sub_a9b8cf258182,2,first_correct,2,value-loose-chunk,1,74,64.608,61.18,1.1453689945517582,1.2095456031382805,1.2095456031382805,audio
sub_a9b8cf258182,3,post_incorrect,2,tautological,0,299,240.133,239.62,1.2451433164121548,1.2478090309656957,1.2478090309656957,audio
sub_a9b8cf258182,4,post_incorrect,2,hybrid,0,352,240.145,239.62,1.465781090591101,1.4689925715716552,1.4689925715716552,audio
sub_a9b8cf258182,5,post_incorrect,2,operator,0,276,240.127,239.62,1.1493917801829865,1.1518237208914113,1.1518237208914113,audio
sub_01b7819ee556,1,first_correct,2,value-loose-chunk,1,125,119.56,116.32,1.0455001672800268,1.0746217331499313,1.0746217331499313,audio
sub_01b7819ee556,2,post_incorrect,2,operator,0,163,240.145,239.8,0.6787565845634929,0.6797331109257715,0.6797331109257715,audio
sub_01b7819ee556,3,post_incorrect,2,tautological,0,126,240.137,239.74,0.5247004834740169,0.5255693668140485,0.5255693668140485,audio
sub_01b7819ee556,4,post_incorrect,2,value-tight-chunk,0,244,240.127,239.74,1.0161289650893068,1.017769250020856,1.017769250020856,audio
sub_01b7819ee556,5,post_incorrect,2,hybrid,0,84,240.126,239.8,0.3498163464181305,0.3502919099249374,0.3502919099249374,audio
sub_9b26cf0dfff5,1,first_correct,2,value-loose-chunk,1,105,98.476,95.32,1.0662496445834517,1.101552664708351,1.101552664708351,audio
sub_9b26cf0dfff5,2,post_incorrect,2,hybrid,0,199,240.149,239.86,0.8286522117518708,0.8296506295338947,0.8296506295338947,audio
sub_9b26cf0dfff5,3,post_incorrect,2,tautological,0,281,240.142,239.86,1.1701409999083876,1.17151671808555,1.17151671808555,audio
sub_9b26cf0dfff5,4,post_correct,2,operator,1,164,152.958,149.8,1.0721897514350345,1.0947930574098799,1.0947930574098799,audio
sub_9b26cf0dfff5,5,post_incorrect,2,value-tight-chunk,0,203,240.126,239.86,0.8453895038438153,0.8463270240973901,0.8463270240973901,audio
sub_0fde8a24c9b1,1,pre_incorrect,2,tautological,0,188,240.132,239.74,0.7829027368280779,0.7841828647701676,0.7841828647701676,audio
sub_0fde8a24c9b1,2,pre_incorrect,2,value-tight-chunk,0,205,240.125,239.74,0.8537220197813639,0.8550930174355551,0.8550930174355551,audio
sub_0fde8a24c9b1,3,pre_incorrect,2,operator,0,236,240.113,239.74,0.9828705651089279,0.9843997664136147,0.9843997664136147,audio
sub_0fde8a24c9b1,4,first_correct,2,value-loose-chunk,1,139,125.858,122.56,1.1044192661570977,1.1341383812010444,1.1341383812010444,audio
sub_0fde8a24c9b1,5,post_incorrect,2,hybrid,0,182,240.117,239.74,0.7579638259681739,0.7591557520647367,0.7591557520647367,audio
sub_d99ccdfef616,1,first_correct,2,value-loose-chunk,1,72,69.596,66.594,1.0345422150698316,1.0811784845481576,1.0811784845481576,audio
sub_d99ccdfef616,2,post_incorrect,2,tautological,0,232,242.776,242.654,0.9556134049494184,0.9560938620422494,0.9560938620422494,audio
sub_d99ccdfef616,3,post_incorrect,2,hybrid,0,236,242.821,242.694,0.9719093488619188,0.9724179419351118,0.9724179419351118,audio
sub_d99ccdfef616,4,post_correct,2,operator,1,156,132.931,129.654,1.1735411604516628,1.2032023693831275,1.2032023693831275,audio
sub_d99ccdfef616,5,post_correct,2,value-tight-chunk,1,43,56.622,53.533,0.7594221327399244,0.80324285954458,0.80324285954458,audio
sub_b153474cd583,1,pre_incorrect,2,tautological,0,196,240.159,239.5,0.8161259832027948,0.8183716075156576,0.8183716075156576,audio
sub_b153474cd583,2,pre_incorrect,2,hybrid,0,211,240.16,239.5,0.878580946035976,0.8810020876826722,0.8810020876826722,audio
sub_b153474cd583,3,pre_incorrect,2,operator,0,228,240.163,239.5,0.9493552295732481,0.9519832985386222,0.9519832985386222,audio
sub_b153474cd583,4,first_correct,2,value-tight-chunk,1,69,71.815,68.2,0.9608020608507972,1.0117302052785924,1.0117302052785924,audio
sub_b153474cd583,5,post_correct,2,value-loose-chunk,1,68,59.287,55.84,1.1469630779091537,1.2177650429799427,1.2177650429799427,audio
sub_3080a6a2f6ef,1,unlabeled,2,value-tight-chunk,0,403,240.122,238.42,1.6783135239586542,1.6902944383860414,1.6902944383860414,audio
sub_3080a6a2f6ef,2,unlabeled,2,value-loose-chunk,0,350,240.114,238.42,1.4576409538802402,1.4679976512037582,1.4679976512037582,audio
sub_3080a6a2f6ef,3,unlabeled,2,hybrid,0,374,240.121,238.42,1.5575480695149528,1.5686603472863017,1.5686603472863017,audio
sub_3080a6a2f6ef,4,unlabeled,2,tautological,0,454,240.125,238.42,1.8906819364914107,1.9042026675614463,1.9042026675614463,audio
sub_3080a6a2f6ef,5,unlabeled,2,operator,0,469,240.112,238.42,1.9532551475977877,1.9671168526130358,1.9671168526130358,audio
sub_08077de52922,1,first_correct,2,value-loose-chunk,1,41,47.108,43.18,0.8703404941835782,0.9495136637332098,0.9495136637332098,audio
sub_08077de52922,2,post_incorrect,2,value-tight-chunk,0,237,240.13,239.08,0.9869653937450548,0.9912999832691985,0.9912999832691985,audio
sub_08077de52922,3,post_incorrect,2,operator,0,130,240.124,239.62,0.5413869500757942,0.542525665637259,0.542525665637259,audio
sub_08077de52922,4,post_correct,2,hybrid,1,270,239.697,236.26,1.126422107911238,1.1428087699991536,1.1428087699991536,audio
sub_08077de52922,5,post_incorrect,2,tautological,0,180,240.126,238.96,0.7496064566102796,0.7532641446267158,0.7532641446267158,audio
sub_da15d261510f,1,pre_incorrect,2,tautological,0,315,240.137,239.68,1.3117512086850422,1.314252336448598,1.314252336448598,audio
sub_da15d261510f,2,first_correct,2,value-loose-chunk,1,204,166.782,163.48,1.2231535777242148,1.2478590653290924,1.2478590653290924,audio
sub_da15d261510f,3,post_incorrect,2,value-tight-chunk,0,374,240.126,239.68,1.557515637623581,1.5604138851802403,1.5604138851802403,audio
sub_da15d261510f,4,post_correct,2,hybrid,1,40,43.993,40.66,0.9092355602027595,0.9837678307919332,0.9837678307919332,audio
sub_da15d261510f,5,post_correct,2,operator,1,476,237.031,233.68,2.0081761457362117,2.03697363916467,2.03697363916467,audio
sub_d482ed5a6935,1,pre_incorrect,2,tautological,0,524,240.128,239.62,2.1821695095948828,2.1867957599532595,2.1867957599532595,audio
sub_d482ed5a6935,2,pre_incorrect,2,operator,0,519,240.091,239.62,2.1616803628624144,2.16592938819798,2.16592938819798,audio
sub_d482ed5a6935,3,pre_incorrect,2,value-tight-chunk,0,585,240.119,239.62,2.4362920052140815,2.4413654953676653,2.4413654953676653,audio
sub_d482ed5a6935,4,first_correct,2,hybrid,1,197,96.019,92.62,2.0516772722065424,2.12697041675664,2.12697041675664,audio
sub_d482ed5a6935,5,post_correct,2,value-loose-chunk,1,148,77.903,74.5,1.8997984673247499,1.9865771812080537,1.9865771812080537,audio
sub_112df383350c,1,first_correct,2,hybrid,1,312,163.948,160.72,1.9030424280869542,1.9412643106022898,1.9412643106022898,audio
sub_112df383350c,2,post_incorrect,2,value-tight-chunk,0,462,240.115,239.8,1.924078045936322,1.926605504587156,1.926605504587156,audio
sub_112df383350c,3,post_incorrect,2,tautological,0,503,240.118,239.8,2.094803388334069,2.0975813177648037,2.0975813177648037,audio
sub_112df383350c,4,post_incorrect,2,operator,0,443,240.123,239.8,1.8448878283213188,1.847372810675563,1.847372810675563,audio
sub_112df383350c,5,post_correct,2,value-loose-chunk,1,153,104.229,101.02,1.467921595717123,1.5145515739457533,1.5145515739457533,audio
sub_a369f765e294,1,first_correct,2,value-loose-chunk,1,309,154.458,151.06,2.0005438371596163,2.045544816629154,2.045544816629154,audio
sub_a369f765e294,2,post_incorrect,2,value-tight-chunk,0,404,240.134,239.68,1.6823939966851842,1.685580774365821,1.685580774365821,audio
sub_a369f765e294,3,post_incorrect,2,operator,0,444,240.136,239.68,1.8489522603857815,1.8524699599465955,1.8524699599465955,audio
sub_a369f765e294,4,post_incorrect,2,tautological,0,444,240.134,239.68,1.8489676597233213,1.8524699599465955,1.8524699599465955,audio
sub_a369f765e294,5,post_correct,2,hybrid,1,254,159.041,155.8,1.5970724530152602,1.630295250320924,1.630295250320924,audio
sub_f310d2864479,1,pre_incorrect,2,hybrid,0,346,240.153,239.74,1.4407481896957357,1.443230166013181,1.443230166013181,audio
sub_f310d2864479,2,first_correct,2,value-loose-chunk,1,118,90.102,86.8,1.3096268673281393,1.359447004608295,1.359447004608295,audio
sub_f310d2864479,3,post_incorrect,2,tautological,0,324,240.142,239.74,1.3492017223142974,1.3514640860932676,1.3514640860932676,audio
sub_f310d2864479,4,post_incorrect,2,operator,0,379,240.141,239.74,1.5782394509892106,1.5808792858930507,1.5808792858930507,audio
sub_f310d2864479,5,post_incorrect,2,value-tight-chunk,0,353,240.15,239.74,1.469914636685405,1.472428464169517,1.472428464169517,audio
sub_188439c95744,1,first_correct,2,hybrid,1,152,185.671,182.26,0.8186523474317476,0.8339734445297926,0.8339734445297926,audio
sub_188439c95744,2,post_correct,2,operator,1,72,86.417,83.02,0.8331693995394425,0.8672609009877138,0.8672609009877138,audio
sub_188439c95744,3,post_incorrect,2,tautological,0,189,240.12,239.62,0.7871064467766117,0.7887488523495535,0.7887488523495535,audio
sub_188439c95744,4,post_correct,2,value-tight-chunk,1,104,88.193,84.82,1.1792319118297372,1.2261259136995992,1.2261259136995992,audio
sub_188439c95744,5,post_correct,2,value-loose-chunk,1,41,54.872,51.46,0.7471934684356321,0.7967353284104158,0.7967353284104158,audio
sub_724dd2d1a515,1,first_correct,2,value-loose-chunk,1,121,89.988,86.954,1.3446237276081254,1.3915403546702856,1.3915403546702856,audio
sub_724dd2d1a515,2,post_incorrect,2,value-tight-chunk,0,335,242.322,242.214,1.3824580516832974,1.3830744713352656,1.3830744713352656,audio
sub_724dd2d1a515,3,post_incorrect,2,hybrid,0,284,242.515,242.393,1.1710615838195577,1.1716509965221769,1.1716509965221769,audio
sub_724dd2d1a515,4,post_incorrect,2,operator,0,288,242.322,242.194,1.188501250402357,1.1891293756244994,1.1891293756244994,audio
sub_724dd2d1a515,5,post_incorrect,2,tautological,0,297,242.174,242.054,1.226390942049931,1.2269989341221381,1.2269989341221381,audio
sub_c0359a5fa512,1,first_correct,2,value-tight-chunk,1,89,72.723,69.52,1.2238218995365977,1.2802071346375146,1.2802071346375146,audio
sub_c0359a5fa512,2,post_correct,2,hybrid,1,180,158.099,154.96,1.138527125408763,1.1615900877645844,1.1615900877645844,audio
sub_c0359a5fa512,3,post_correct,2,value-loose-chunk,1,121,77.765,74.62,1.555969909342249,1.621549182524792,1.621549182524792,audio
sub_c0359a5fa512,4,post_incorrect,2,tautological,0,353,240.109,239.86,1.4701656331082966,1.4716918202284666,1.4716918202284666,audio
sub_c0359a5fa512,5,post_incorrect,2,operator,0,244,240.11,239.8,1.0162009079172045,1.0175145954962468,1.0175145954962468,audio
sub_cbe375515140,1,pre_incorrect,2,tautological,0,153,240.172,239.8,0.6370434521925953,0.6380316930775646,0.6380316930775646,audio
sub_cbe375515140,2,pre_incorrect,2,value-loose-chunk,0,140,240.181,239.8,0.5828937343087088,0.5838198498748958,0.5838198498748958,audio
sub_cbe375515140,3,pre_incorrect,2,value-tight-chunk,0,161,240.209,239.8,0.6702496575898488,0.67139282735613,0.67139282735613,audio
sub_cbe375515140,4,first_correct,2,operator,1,119,159.104,155.86,0.7479384553499597,0.7635057102527909,0.7635057102527909,audio
sub_cbe375515140,5,post_correct,2,hybrid,1,103,150.564,147.34,0.6840944714539997,0.6990633907967965,0.6990633907967965,audio
sub_879938aeb461,1,first_correct,2,hybrid,1,89,95.272,91.96,0.9341674363926442,0.9678120922140061,0.9678120922140061,audio
sub_879938aeb461,2,post_correct,2,value-loose-chunk,1,84,53.517,50.26,1.569594708223555,1.6713091922005572,1.6713091922005572,audio
sub_879938aeb461,3,post_correct,2,value-tight-chunk,1,97,71.523,68.2,1.3562070942214393,1.4222873900293254,1.4222873900293254,audio
sub_879938aeb461,4,post_incorrect,2,tautological,0,215,240.133,239.74,0.895337167319777,0.8968048719446067,0.8968048719446067,audio
sub_879938aeb461,5,post_correct,2,operator,1,63,89.307,86.02,0.7054318250529074,0.7323878167867938,0.7323878167867938,audio
sub_aee5b49a860d,1,pre_incorrect,2,operator,0,179,240.117,239.5,0.7454699167489183,0.7473903966597077,0.7473903966597077,audio
sub_aee5b49a860d,2,pre_incorrect,2,tautological,0,202,240.138,239.74,0.8411829864494582,0.8425794610828398,0.8425794610828398,audio
sub_aee5b49a860d,3,pre_incorrect,2,value-tight-chunk,0,171,240.124,239.8,0.7121320650996985,0.713094245204337,0.713094245204337,audio
sub_aee5b49a860d,4,first_correct,2,value-loose-chunk,1,27,40.663,37.48,0.663994294567543,0.720384204909285,0.720384204909285,audio
sub_aee5b49a860d,5,post_correct,2,hybrid,1,118,141.922,138.7,0.8314426234128606,0.8507570295602019,0.8507570295602019,audio
sub_498317e91f9a,1,first_correct,2,hybrid,1,134,236.806,233.26,0.5658640406070792,0.5744662608248307,0.5744662608248307,audio
sub_498317e91f9a,2,post_correct,2,value-loose-chunk,1,175,201.538,197.98,0.8683225992120592,0.8839276694615619,0.8839276694615619,audio
sub_498317e91f9a,3,post_incorrect,2,operator,0,200,240.132,239.5,0.8328752519447638,0.8350730688935282,0.8350730688935282,audio
sub_498317e91f9a,4,post_incorrect,2,tautological,0,184,240.119,239.5,0.7662867161698991,0.7682672233820459,0.7682672233820459,audio
sub_498317e91f9a,5,post_incorrect,2,value-tight-chunk,0,220,240.126,239.5,0.9161856691903417,0.918580375782881,0.918580375782881,audio
sub_2b639dd64c84,1,unlabeled,2,value-tight-chunk,0,52,246.047,244.66,0.21134173552207505,0.21253985122210414,0.21253985122210414,audio
sub_2b639dd64c84,2,unlabeled,2,tautological,0,66,242.256,241.42,0.2724390727164652,0.2733824869521995,0.2733824869521995,audio
sub_2b639dd64c84,3,unlabeled,2,hybrid,0,59,244.251,243.4,0.24155479404383196,0.24239934264585045,0.24239934264585045,audio
sub_2b639dd64c84,4,unlabeled,2,operator,0,68,245.962,245.2,0.2764654702758963,0.2773246329526917,0.2773246329526917,audio
sub_2b639dd64c84,5,unlabeled,2,value-loose-chunk,0,75,246.466,245.32,0.3043016075239587,0.30572313712701776,0.30572313712701776,audio
sub_6185184e8c09,1,unlabeled,1,value-tight-chunk,0,365,240.156,239.74,1.5198454338013625,1.5224826895803787,1.5224826895803787,audio
sub_6185184e8c09,2,unlabeled,1,value-tight-chunk,0,458,240.144,239.8,1.9071890199213806,1.909924937447873,1.909924937447873,audio
sub_6185184e8c09,3,unlabeled,1,value-tight-chunk,0,382,240.152,239.8,1.59065924914221,1.592994161801501,1.592994161801501,audio
sub_6185184e8c09,4,unlabeled,1,value-tight-chunk,0,312,240.143,239.8,1.2992258779144092,1.3010842368640534,1.3010842368640534,audio
sub_6185184e8c09,5,unlabeled,1,value-tight-chunk,0,329,240.133,239.74,1.370074083945147,1.3723200133477933,1.3723200133477933,audio
sub_43b86806461c,1,first_correct,2,hybrid,1,233,163.658,160.0,1.4237006440259568,1.45625,1.45625,audio
sub_43b86806461c,2,post_incorrect,2,operator,0,308,240.146,239.38,1.2825531135226071,1.2866571977608823,1.2866571977608823,audio
sub_43b86806461c,3,post_correct,2,value-loose-chunk,1,58,31.469,27.76,1.8430836696431407,2.089337175792507,2.089337175792507,audio
sub_43b86806461c,4,post_correct,2,value-tight-chunk,1,142,100.869,97.18,1.407766509036473,1.4612060094669683,1.4612060094669683,audio
sub_43b86806461c,5,post_incorrect,2,tautological,0,387,240.137,239.26,1.6115800563844804,1.6174872523614479,1.6174872523614479,audio
sub_04085c73cb87,1,pre_incorrect,2,operator,0,245,240.135,238.84,1.020259437399796,1.0257913247362251,1.0257913247362251,audio
sub_04085c73cb87,2,pre_incorrect,2,value-loose-chunk,0,287,240.124,238.9,1.1952158051673303,1.2013394725826705,1.2013394725826705,audio
sub_04085c73cb87,3,pre_incorrect,2,hybrid,0,185,240.126,238.84,0.7704288581827874,0.7745771227600067,0.7745771227600067,audio
sub_04085c73cb87,4,pre_incorrect,2,tautological,0,197,240.14,238.78,0.8203547930373949,0.825027221710361,0.825027221710361,audio
sub_04085c73cb87,5,first_correct,2,value-tight-chunk,1,109,211.705,207.4,0.5148673862213929,0.5255544840887174,0.5255544840887174,audio
sub_47198434ebe7,1,first_correct,2,value-loose-chunk,1,130,165.382,162.16,0.78605894232746,0.801677355698076,0.801677355698076,audio
sub_47198434ebe7,2,post_correct,2,value-tight-chunk,1,113,179.53,176.32,0.6294212666406729,0.6408802177858439,0.6408802177858439,audio
sub_47198434ebe7,3,post_incorrect,2,hybrid,0,105,240.132,239.86,0.43725950727100094,0.4377553572917535,0.4377553572917535,audio
sub_47198434ebe7,4,post_incorrect,2,operator,0,179,240.162,239.86,0.7453302354244218,0.7462686567164178,0.7462686567164178,audio
sub_47198434ebe7,5,post_incorrect,2,tautological,0,183,240.123,239.86,0.762109418922802,0.7629450512799132,0.7629450512799132,audio
sub_239ede6562d1,1,first_correct,2,operator,1,316,190.126,187.034,1.662055689384934,1.6895323844862433,1.6895323844862433,audio
sub_239ede6562d1,2,post_correct,2,value-tight-chunk,1,257,138.917,135.633,1.850025554827703,1.8948191074443534,1.8948191074443534,audio
sub_239ede6562d1,3,post_correct,2,value-loose-chunk,1,82,45.12,42.114,1.8173758865248228,1.9470959775846512,1.9470959775846512,audio
sub_239ede6562d1,4,post_correct,2,hybrid,1,258,139.235,135.994,1.8529823679390955,1.8971425209935733,1.8971425209935733,audio
sub_239ede6562d1,5,post_incorrect,2,tautological,0,556,241.734,241.613,2.3000488139856206,2.301200680426964,2.301200680426964,audio
sub_6f9562b65f45,1,pre_incorrect,2,operator,0,140,240.142,239.5,0.5829883985308693,0.5845511482254697,0.5845511482254697,audio
sub_6f9562b65f45,2,pre_incorrect,2,tautological,0,152,240.179,239.5,0.632861324262321,0.6346555323590815,0.6346555323590815,audio
sub_6f9562b65f45,3,pre_incorrect,2,value-tight-chunk,0,109,240.176,239.5,0.4538338551728732,0.4551148225469729,0.4551148225469729,audio
sub_6f9562b65f45,4,pre_incorrect,2,hybrid,0,192,240.154,239.5,0.7994869958443332,0.8016701461377871,0.8016701461377871,audio
sub_6f9562b65f45,5,first_correct,2,value-loose-chunk,1,24,25.288,21.76,0.9490667510281556,1.102941176470588,1.102941176470588,audio
sub_269f3c10e2ec,1,unlabeled,2,value-tight-chunk,0,61,240.173,239.8,0.2539835868311592,0.2543786488740617,0.2543786488740617,audio
sub_269f3c10e2ec,2,unlabeled,2,operator,0,104,240.193,239.8,0.4329851411156861,0.43369474562135113,0.43369474562135113,audio
sub_269f3c10e2ec,3,unlabeled,2,hybrid,0,60,240.206,239.8,0.24978560069273875,0.25020850708924103,0.25020850708924103,audio
sub_269f3c10e2ec,4,unlabeled,2,value-loose-chunk,0,124,240.239,239.74,0.5161526646381311,0.5172269959122382,0.5172269959122382,audio
sub_269f3c10e2ec,5,unlabeled,2,tautological,0,110,240.159,239.8,0.4580298885321808,0.4587155963302752,0.4587155963302752,audio
sub_1fd86ec6bf44,1,first_correct,2,tautological,1,66,117.747,114.4,0.5605238350021656,0.5769230769230769,0.5769230769230769,audio
sub_1fd86ec6bf44,2,post_correct,2,value-tight-chunk,1,43,61.245,57.88,0.7020981304596294,0.7429163787145818,0.7429163787145818,audio
sub_1fd86ec6bf44,3,post_correct,2,value-loose-chunk,1,58,99.427,96.04,0.5833425528277026,0.6039150354019158,0.6039150354019158,audio
sub_1fd86ec6bf44,4,post_incorrect,2,operator,0,141,240.121,239.62,0.5872039513411987,0.5884316834988732,0.5884316834988732,audio
sub_1fd86ec6bf44,5,post_incorrect,2,hybrid,0,125,240.097,239.62,0.5206229149052258,0.5216592938819798,0.5216592938819798,audio
sub_c7dc2eb080c3,1,first_correct,2,value-loose-chunk,1,65,103.917,100.54,0.6254991964741091,0.64650885219813,0.64650885219813,audio
sub_c7dc2eb080c3,2,post_correct,2,hybrid,1,61,117.39,113.98,0.5196354033563336,0.5351816108089138,0.5351816108089138,audio
sub_c7dc2eb080c3,3,post_incorrect,2,operator,0,199,240.191,239.68,0.8285073129301265,0.8302736982643525,0.8302736982643525,audio
sub_c7dc2eb080c3,4,post_correct,2,value-tight-chunk,1,143,172.413,168.94,0.8294038152575501,0.8464543624955606,0.8464543624955606,audio
sub_c7dc2eb080c3,5,post_incorrect,2,tautological,0,211,240.193,239.62,0.8784602382250939,0.8805608880727819,0.8805608880727819,audio
sub_59b367bae56c,1,first_correct,2,hybrid,1,94,118.719,115.48,0.7917856450947195,0.8139937651541392,0.8139937651541392,audio
sub_59b367bae56c,2,post_correct,2,value-loose-chunk,1,82,70.259,67.06,1.1671102634537924,1.2227855651655233,1.2227855651655233,audio
sub_59b367bae56c,3,post_correct,2,value-tight-chunk,1,52,42.412,39.22,1.2260680939356785,1.3258541560428354,1.3258541560428354,audio
sub_59b367bae56c,4,post_incorrect,2,operator,0,381,240.131,239.8,1.5866339622955803,1.5888240200166805,1.5888240200166805,audio
sub_59b367bae56c,5,post_correct,2,tautological,1,16,22.486,19.3,0.7115538557324558,0.8290155440414507,0.8290155440414507,audio
sub_86d5e32d64ef,1,first_correct,1,value-tight-chunk,1,85,224.253,220.96,0.3790361778883672,0.38468501086169443,0.38468501086169443,audio
sub_86d5e32d64ef,2,post_correct,1,value-tight-chunk,1,55,97.09,93.76,0.5664847049129673,0.5866040955631399,0.5866040955631399,audio
sub_86d5e32d64ef,3,post_correct,1,value-tight-chunk,1,67,101.503,98.14,0.660079012442982,0.6826981862645201,0.6826981862645201,audio
sub_86d5e32d64ef,4,post_incorrect,1,value-tight-chunk,0,107,240.2,239.68,0.4454621149042465,0.4464285714285714,0.4464285714285714,audio
sub_86d5e32d64ef,5,post_incorrect,1,value-tight-chunk,0,193,240.111,239.74,0.8037949115200886,0.8050387920246934,0.8050387920246934,audio
sub_3d93746f80a6,1,unlabeled,1,operator,0,94,240.138,239.8,0.3914415877537083,0.3919933277731443,0.3919933277731443,audio
sub_3d93746f80a6,2,unlabeled,1,operator,0,105,240.154,239.74,0.43721945085236974,0.43797447234504044,0.43797447234504044,audio
sub_3d93746f80a6,3,unlabeled,1,operator,0,95,240.156,239.62,0.39557620879761485,0.3964610633503046,0.3964610633503046,audio
sub_3d93746f80a6,4,unlabeled,1,operator,0,92,240.143,239.8,0.3831050665645053,0.3836530442035029,0.3836530442035029,audio
sub_3d93746f80a6,5,unlabeled,1,operator,0,85,240.13,239.8,0.3539749302461167,0.35446205170975814,0.35446205170975814,audio
sub_60c499e87ab8,1,pre_incorrect,1,hybrid,0,48,240.127,239.62,0.19989422264051937,0.20031716885068024,0.20031716885068024,audio
sub_60c499e87ab8,2,first_correct,1,hybrid,1,22,193.274,189.88,0.11382803688028395,0.11586265009479671,0.11586265009479671,audio
sub_60c499e87ab8,3,post_correct,1,hybrid,1,14,125.641,122.26,0.11142859416910085,0.11451006052674627,0.11451006052674627,audio
sub_60c499e87ab8,4,post_correct,1,hybrid,1,2,57.904,54.52,0.03453992815694943,0.036683785766691124,0.036683785766691124,audio
sub_60c499e87ab8,5,post_correct,1,hybrid,1,43,40.05,36.64,1.073657927590512,1.1735807860262009,1.1735807860262009,audio
sub_1ca12576b5ff,1,first_correct,1,value-loose-chunk,1,39,44.145,40.72,0.8834522595990485,0.9577603143418468,0.9577603143418468,audio
sub_1ca12576b5ff,2,post_correct,1,value-loose-chunk,1,43,35.21,31.84,1.2212439647827322,1.350502512562814,1.350502512562814,audio
sub_1ca12576b5ff,3,post_correct,1,value-loose-chunk,1,39,31.185,27.82,1.2506012506012507,1.4018691588785046,1.4018691588785046,audio
sub_1ca12576b5ff,4,post_correct,1,value-loose-chunk,1,38,33.096,29.68,1.1481750060430265,1.280323450134771,1.280323450134771,audio
sub_1ca12576b5ff,5,post_correct,1,value-loose-chunk,1,25,35.057,31.66,0.7131243403599852,0.7896399241945673,0.7896399241945673,audio
sub_a40b19e951cc,1,pre_incorrect,2,value-tight-chunk,0,159,240.126,239.86,0.662152370005747,0.662886683898941,0.662886683898941,audio
sub_a40b19e951cc,2,pre_incorrect,2,hybrid,0,166,240.146,239.86,0.6912461585868597,0.6920703743850579,0.6920703743850579,audio
sub_a40b19e951cc,3,first_correct,2,value-loose-chunk,1,23,44.546,41.38,0.5163202083239797,0.55582406959884,0.55582406959884,audio
sub_a40b19e951cc,4,post_incorrect,2,tautological,0,75,240.128,239.86,0.3123334221748401,0.3126823980655382,0.3126823980655382,audio
sub_a40b19e951cc,5,post_incorrect,2,operator,0,76,240.116,239.86,0.3165136850522247,0.31685149670641205,0.31685149670641205,audio
sub_7b1a31a79a42,1,pre_incorrect,2,operator,0,166,244.185,243.7,0.679812437291398,0.6811653672548216,0.6811653672548216,audio
sub_7b1a31a79a42,2,pre_incorrect,2,tautological,0,164,240.168,239.74,0.682855334599114,0.6840744139484441,0.6840744139484441,audio
sub_7b1a31a79a42,3,pre_incorrect,2,value-tight-chunk,0,135,240.14,239.74,0.5621720662946614,0.5631100358721949,0.5631100358721949,audio
sub_7b1a31a79a42,4,first_correct,2,hybrid,1,74,166.201,162.88,0.4452440117688823,0.4543222003929273,0.4543222003929273,audio
sub_7b1a31a79a42,5,post_incorrect,2,value-loose-chunk,0,71,240.167,239.74,0.2956276257770635,0.29615416701426545,0.29615416701426545,audio
sub_203aa31de036,1,pre_incorrect,2,operator,0,267,243.863,242.04,1.0948770416176297,1.1031234506693108,1.1031234506693108,audio
sub_203aa31de036,2,pre_incorrect,2,hybrid,0,302,245.237,244.74,1.2314618104119688,1.2339625725259458,1.2339625725259458,audio
sub_203aa31de036,3,first_correct,2,value-loose-chunk,1,96,75.507,72.3,1.271405300170845,1.3278008298755186,1.3278008298755186,audio
sub_203aa31de036,4,post_incorrect,2,tautological,0,335,245.209,244.74,1.3661815023102741,1.3687995423714963,1.3687995423714963,audio
sub_203aa31de036,5,post_correct,2,value-tight-chunk,1,129,234.845,231.48,0.5492984734612191,0.5572835666148264,0.5572835666148264,audio
sub_612d041941ce,1,first_correct,1,value-tight-chunk,1,103,74.931,71.56,1.3745979634597163,1.4393515930687535,1.4393515930687535,audio
sub_612d041941ce,2,post_correct,1,value-tight-chunk,1,79,45.011,41.68,1.7551265246273131,1.8953934740882918,1.8953934740882918,audio
sub_612d041941ce,3,post_correct,1,value-tight-chunk,1,85,58.22,54.88,1.4599793885262797,1.5488338192419824,1.5488338192419824,audio
sub_612d041941ce,4,post_correct,1,value-tight-chunk,1,70,40.257,37.0,1.7388280299078422,1.8918918918918919,1.8918918918918919,audio
sub_612d041941ce,5,post_correct,1,value-tight-chunk,1,60,36.05,32.74,1.664355062413315,1.832620647525962,1.832620647525962,audio
sub_f92c6abd9e8a,1,pre_incorrect,1,value-tight-chunk,0,450,240.181,239.8,1.8735870031351356,1.8765638031693077,1.8765638031693077,audio
sub_f92c6abd9e8a,2,pre_incorrect,1,value-tight-chunk,0,377,240.189,239.8,1.5695972754788938,1.5721434528773977,1.5721434528773977,audio
sub_f92c6abd9e8a,3,pre_incorrect,1,value-tight-chunk,0,401,240.166,239.74,1.6696784723899303,1.672645365812964,1.672645365812964,audio
sub_f92c6abd9e8a,4,pre_incorrect,1,value-tight-chunk,0,423,240.141,239.8,1.7614651392307021,1.7639699749791493,1.7639699749791493,audio
sub_f92c6abd9e8a,5,first_correct,1,value-tight-chunk,1,316,224.974,221.68,1.4046067545583045,1.4254781667268135,1.4254781667268135,audio
sub_5fec732bb147,1,first_correct,1,value-loose-chunk,1,87,76.338,72.94,1.1396683172207813,1.1927611735673156,1.1927611735673156,audio
sub_5fec732bb147,2,post_correct,1,value-loose-chunk,1,94,85.34,81.94,1.1014764471525662,1.1471808640468635,1.1471808640468635,audio
sub_5fec732bb147,3,post_correct,1,value-loose-chunk,1,27,28.133,24.82,0.9597270109835425,1.087832393231265,1.087832393231265,audio
sub_5fec732bb147,4,post_correct,1,value-loose-chunk,1,24,32.983,29.68,0.7276475760240124,0.8086253369272237,0.8086253369272237,audio
sub_5fec732bb147,5,post_correct,1,value-loose-chunk,1,15,25.106,21.82,0.5974667410180833,0.687442713107241,0.687442713107241,audio
sub_e6330811bfdb,1,unlabeled,1,operator,0,206,242.366,242.154,0.8499542014969096,0.8506983159477027,0.8506983159477027,audio
sub_e6330811bfdb,2,unlabeled,1,operator,0,263,244.865,244.573,1.074061217405509,1.0753435579561113,1.0753435579561113,audio
sub_e6330811bfdb,3,unlabeled,1,operator,0,331,243.805,241.974,1.3576423781300628,1.367915561175994,1.367915561175994,audio
sub_e6330811bfdb,4,unlabeled,1,operator,0,310,243.313,242.853,1.2740790668809312,1.276492363693263,1.276492363693263,audio
sub_e6330811bfdb,5,unlabeled,1,operator,0,266,244.866,243.054,1.0863084299167707,1.0944070042048268,1.0944070042048268,audio
sub_b57438af5250,1,first_correct,2,operator,1,311,215.605,211.0,1.4424526332877252,1.4739336492890995,1.4739336492890995,audio
sub_b57438af5250,2,post_incorrect,2,value-tight-chunk,0,331,240.146,238.48,1.3783281836882564,1.3879570613887957,1.3879570613887957,audio
sub_b57438af5250,3,post_incorrect,2,tautological,0,247,240.146,238.48,1.0285409709093636,1.0357262663535727,1.0357262663535727,audio
sub_b57438af5250,4,post_correct,2,value-loose-chunk,1,27,33.258,28.78,0.8118347465271513,0.9381514940931202,0.9381514940931202,audio
sub_b57438af5250,5,post_incorrect,2,hybrid,0,170,240.155,238.9,0.7078761633111949,0.7115948095437421,0.7115948095437421,audio
sub_2669635ac136,1,first_correct,2,value-tight-chunk,1,223,200.275,197.02,1.1134689801522906,1.1318647853009847,1.1318647853009847,audio
sub_2669635ac136,2,post_correct,2,value-loose-chunk,1,90,70.573,67.3,1.2752752469074577,1.3372956909361071,1.3372956909361071,audio
sub_2669635ac136,3,post_incorrect,2,tautological,0,244,240.13,239.8,1.0161162703535584,1.0175145954962468,1.0175145954962468,audio
sub_2669635ac136,4,post_correct,2,hybrid,1,90,67.636,64.36,1.3306523153350287,1.3983840894965818,1.3983840894965818,audio
sub_2669635ac136,5,post_incorrect,2,operator,0,315,240.125,239.74,1.3118167621030714,1.3139234170351213,1.3139234170351213,audio
sub_c825be9c6344,1,pre_incorrect,2,tautological,0,314,240.123,239.74,1.3076631559659009,1.3097522315842163,1.3097522315842163,audio
sub_c825be9c6344,2,first_correct,2,operator,1,158,110.715,107.38,1.4270875671769858,1.4714099459862173,1.4714099459862173,audio
sub_c825be9c6344,3,post_correct,2,value-loose-chunk,1,92,50.146,46.84,1.8346428428987356,1.9641332194705379,1.9641332194705379,audio
sub_c825be9c6344,4,post_correct,2,value-tight-chunk,1,57,38.447,35.14,1.4825604078341612,1.622083096186682,1.622083096186682,audio
sub_c825be9c6344,5,post_incorrect,2,hybrid,0,366,240.122,239.74,1.5242251855306885,1.526653875031284,1.526653875031284,audio
sub_b1253f2df8d5,1,first_correct,1,hybrid,1,97,90.049,86.8,1.0771913069551022,1.1175115207373272,1.1175115207373272,audio
sub_b1253f2df8d5,2,post_correct,1,hybrid,1,43,40.35,37.12,1.0656753407682775,1.1584051724137931,1.1584051724137931,audio
sub_b1253f2df8d5,3,post_correct,1,hybrid,1,30,29.397,26.14,1.020512297173181,1.1476664116296862,1.1476664116296862,audio
sub_b1253f2df8d5,4,post_correct,1,hybrid,1,45,50.58,47.32,0.8896797153024911,0.9509721048182587,0.9509721048182587,audio
sub_b1253f2df8d5,5,post_correct,1,hybrid,1,20,25.232,22.0,0.7926442612555485,0.9090909090909091,0.9090909090909091,audio
sub_7db0eb5bbaa4,1,pre_incorrect,2,tautological,0,350,240.19,239.38,1.4571797327116034,1.4621104520010026,1.4621104520010026,audio
sub_7db0eb5bbaa4,2,first_correct,2,hybrid,1,141,97.865,94.48,1.4407602309303633,1.4923793395427603,1.4923793395427603,audio
sub_7db0eb5bbaa4,3,post_correct,2,operator,1,175,110.921,107.56,1.5776994437482532,1.626998884343622,1.626998884343622,audio
sub_7db0eb5bbaa4,4,post_incorrect,2,value-tight-chunk,0,398,240.173,239.68,1.6571388124393667,1.660547396528705,1.660547396528705,audio
sub_7db0eb5bbaa4,5,post_incorrect,2,value-loose-chunk,0,333,241.182,240.7,1.3807000522427046,1.3834648940589946,1.3834648940589946,audio
sub_fee3a357342f,1,pre_incorrect,1,value-tight-chunk,0,330,243.408,243.293,1.3557483731019524,1.3563892097183232,1.3563892097183232,audio
sub_fee3a357342f,2,first_correct,1,value-tight-chunk,1,69,50.049,47.053,1.3786489240544266,1.4664314708945232,1.4664314708945232,audio
sub_fee3a357342f,3,post_correct,1,value-tight-chunk,1,39,27.586,24.393,1.413760603204524,1.598819333415324,1.598819333415324,audio
sub_fee3a357342f,4,post_correct,1,value-tight-chunk,1,41,28.998,25.753,1.413890613145734,1.5920475284432882,1.5920475284432882,audio
sub_fee3a357342f,5,post_correct,1,value-tight-chunk,1,29,24.033,20.794,1.2066741563683268,1.394633067230932,1.394633067230932,audio
sub_07f6be2aa134,1,first_correct,2,value-loose-chunk,1,114,58.088,54.7,1.962539595097094,2.084095063985375,2.084095063985375,audio
sub_07f6be2aa134,2,post_incorrect,2,hybrid,0,296,240.178,239.68,1.2324192890273047,1.2349799732977302,1.2349799732977302,audio
sub_07f6be2aa134,3,post_correct,2,operator,1,59,72.518,69.16,0.8135911084144626,0.8530942741469058,0.8530942741469058,audio
sub_07f6be2aa134,4,post_incorrect,2,tautological,0,187,240.178,239.68,0.7785892130003581,0.7802069425901201,0.7802069425901201,audio
sub_07f6be2aa134,5,post_correct,2,value-tight-chunk,1,67,61.832,58.48,1.0835813171173503,1.1456908344733243,1.1456908344733243,audio
sub_d333fc109d39,1,pre_incorrect,2,operator,0,140,240.114,239.5,0.583056381552096,0.5845511482254697,0.5845511482254697,audio
sub_d333fc109d39,2,pre_incorrect,2,tautological,0,132,240.128,239.56,0.5497068230277186,0.5510101853397896,0.5510101853397896,audio
sub_d333fc109d39,3,first_correct,2,hybrid,1,55,48.779,45.34,1.1275343897988888,1.2130569033965592,1.2130569033965592,audio
sub_d333fc109d39,4,post_correct,2,value-loose-chunk,1,81,80.637,77.14,1.0045016555675434,1.0500388903292714,1.0500388903292714,audio
sub_d333fc109d39,5,post_incorrect,2,value-tight-chunk,0,195,240.132,239.56,0.8120533706461446,0.8139923192519619,0.8139923192519619,audio
sub_eb76a1267103,1,pre_incorrect,2,operator,0,273,240.11,239.86,1.136978884677856,1.138163928958559,1.138163928958559,audio
sub_eb76a1267103,2,first_correct,2,value-tight-chunk,1,132,90.633,87.46,1.4564231571281985,1.5092613766293164,1.5092613766293164,audio
sub_eb76a1267103,3,post_correct,2,value-loose-chunk,1,69,47.426,44.26,1.454898157129001,1.5589697243560778,1.5589697243560778,audio
sub_eb76a1267103,4,post_incorrect,2,tautological,0,339,240.117,239.86,1.4118117417758844,1.4133244392562327,1.4133244392562327,audio
sub_eb76a1267103,5,post_correct,2,hybrid,1,28,35.259,32.08,0.7941234862021044,0.8728179551122195,0.8728179551122195,audio
sub_e45a90050792,1,first_correct,2,operator,1,291,189.994,186.7,1.5316273145467751,1.5586502410283878,1.5586502410283878,audio
sub_e45a90050792,2,post_incorrect,2,value-tight-chunk,0,390,240.125,239.74,1.6241540864133264,1.6267623258530073,1.6267623258530073,audio
sub_e45a90050792,3,post_incorrect,2,value-loose-chunk,0,398,240.118,239.74,1.65751838679316,1.6601318094602486,1.6601318094602486,audio
sub_e45a90050792,4,post_correct,2,tautological,1,5,20.32,17.02,0.24606299212598426,0.2937720329024677,0.2937720329024677,audio
sub_e45a90050792,5,post_incorrect,2,hybrid,0,318,240.123,239.74,1.3243212853412627,1.3264369733878367,1.3264369733878367,audio
sub_c481b0864ebf,1,pre_incorrect,2,tautological,0,324,240.114,239.74,1.3493590544491367,1.3514640860932676,1.3514640860932676,audio
sub_c481b0864ebf,2,pre_incorrect,2,hybrid,0,319,240.115,239.68,1.3285300793369843,1.3309412550066755,1.3309412550066755,audio
sub_c481b0864ebf,3,first_correct,2,value-tight-chunk,1,311,227.742,224.44,1.365580349693952,1.3856710033862056,1.3856710033862056,audio
sub_c481b0864ebf,4,post_incorrect,2,operator,0,298,240.116,239.68,1.241066817704776,1.243324432576769,1.243324432576769,audio
sub_c481b0864ebf,5,post_correct,2,value-loose-chunk,1,40,37.57,34.24,1.0646792653713069,1.1682242990654206,1.1682242990654206,audio
sub_a99f3e5979de,1,first_correct,2,value-loose-chunk,1,187,165.435,162.22,1.130353310968054,1.1527555171988657,1.1527555171988657,audio
sub_a99f3e5979de,2,post_incorrect,2,hybrid,0,338,240.123,239.86,1.4076119322180716,1.409155340615359,1.409155340615359,audio
sub_a99f3e5979de,3,post_incorrect,2,operator,0,307,240.111,239.86,1.2785753255785866,1.2799132827482698,1.2799132827482698,audio
sub_a99f3e5979de,4,post_correct,2,value-tight-chunk,1,77,73.223,70.06,1.051582153148601,1.09905795032829,1.09905795032829,audio
sub_a99f3e5979de,5,post_correct,2,tautological,1,211,120.829,117.64,1.7462695213897328,1.7936076164569874,1.7936076164569874,audio
sub_fb51b65a2596,1,first_correct,2,value-tight-chunk,1,78,56.169,53.02,1.3886663462052022,1.4711429649188985,1.4711429649188985,audio
sub_fb51b65a2596,2,post_correct,2,value-loose-chunk,1,69,40.124,36.94,1.71966902601934,1.8678938819707636,1.8678938819707636,audio
sub_fb51b65a2596,3,post_incorrect,2,tautological,0,362,240.125,239.86,1.5075481520041645,1.509213707996331,1.509213707996331,audio
sub_fb51b65a2596,4,post_correct,2,hybrid,1,147,124.103,120.94,1.1844999717976197,1.215478749793286,1.215478749793286,audio
sub_fb51b65a2596,5,post_correct,2,operator,1,115,85.009,81.88,1.3527979390417486,1.404494382022472,1.404494382022472,audio
sub_5b68cea8b576,1,pre_incorrect,2,hybrid,0,154,240.191,239.68,0.6411564130213039,0.6425233644859812,0.6425233644859812,audio
sub_5b68cea8b576,2,first_correct,2,value-loose-chunk,1,33,57.038,53.74,0.5785616606472878,0.6140677335318199,0.6140677335318199,audio
sub_5b68cea8b576,3,post_incorrect,2,operator,0,248,240.17,239.74,1.032601906982554,1.0344539918244764,1.0344539918244764,audio
sub_5b68cea8b576,4,post_incorrect,2,value-tight-chunk,0,228,240.164,239.74,0.9493512766276379,0.9510302828063736,0.9510302828063736,audio
sub_5b68cea8b576,5,post_incorrect,2,tautological,0,229,240.173,239.68,0.953479366956319,0.9554405874499332,0.9554405874499332,audio
sub_9064e70ac7ce,1,pre_incorrect,2,tautological,0,287,240.165,239.5,1.1950117627464452,1.198329853862213,1.198329853862213,audio
sub_9064e70ac7ce,2,first_correct,2,value-tight-chunk,1,213,171.572,168.1,1.241461310703378,1.2671029149315884,1.2671029149315884,audio
sub_9064e70ac7ce,3,post_correct,2,hybrid,1,310,198.207,194.74,1.5640214523200493,1.591866077847386,1.591866077847386,audio
sub_9064e70ac7ce,4,post_correct,2,value-loose-chunk,1,248,162.929,159.46,1.5221354086749443,1.5552489652577448,1.5552489652577448,audio
sub_9064e70ac7ce,5,post_incorrect,2,operator,0,375,240.156,239.5,1.5614850347274272,1.5657620041753653,1.5657620041753653,audio
sub_4a3776b17704,1,first_correct,2,operator,1,267,223.938,220.3,1.1922942957425717,1.2119836586472992,1.2119836586472992,audio
sub_4a3776b17704,2,post_incorrect,2,value-tight-chunk,0,267,240.127,239.68,1.111911613437889,1.1139853137516689,1.1139853137516689,audio
sub_4a3776b17704,3,post_incorrect,2,tautological,0,252,240.12,239.68,1.0494752623688155,1.0514018691588785,1.0514018691588785,audio
sub_4a3776b17704,4,post_correct,2,hybrid,1,104,85.5,82.12,1.2163742690058479,1.2664393570384802,1.2664393570384802,audio
sub_4a3776b17704,5,post_incorrect,2,value-loose-chunk,0,326,240.121,239.68,1.357648852037098,1.360146862483311,1.360146862483311,audio
sub_87fc689861cd,1,pre_incorrect,2,hybrid,0,186,240.194,239.5,0.7743740476448204,0.7766179540709812,0.7766179540709812,audio
sub_87fc689861cd,2,first_correct,2,value-tight-chunk,1,79,120.975,117.64,0.6530274850175657,0.6715402924175451,0.6715402924175451,audio
sub_87fc689861cd,3,post_incorrect,2,operator,0,184,241.348,240.76,0.7623846064603809,0.7642465525834856,0.7642465525834856,audio
sub_87fc689861cd,4,post_correct,2,value-loose-chunk,1,143,219.699,216.28,0.6508905365977997,0.6611799519141853,0.6611799519141853,audio
sub_87fc689861cd,5,post_incorrect,2,tautological,0,233,240.195,239.74,0.9700451716313828,0.9718862100608993,0.9718862100608993,audio
sub_14a77ad08e5b,1,first_correct,2,tautological,1,143,183.396,178.9,0.7797334729219831,0.7993292342090553,0.7993292342090553,audio
sub_14a77ad08e5b,2,post_incorrect,2,hybrid,0,224,240.149,238.72,0.9327542484041158,0.938337801608579,0.938337801608579,audio
sub_14a77ad08e5b,3,post_correct,2,value-tight-chunk,1,213,225.974,221.5,0.9425863152398064,0.9616252821670429,0.9616252821670429,audio
sub_14a77ad08e5b,4,post_incorrect,2,operator,0,239,240.138,238.48,0.995261058224854,1.002180476350218,1.002180476350218,audio
sub_14a77ad08e5b,5,post_correct,2,value-loose-chunk,1,90,87.963,83.5,1.0231574639336996,1.0778443113772456,1.0778443113772456,audio
sub_d4272455c318,1,pre_incorrect,2,value-tight-chunk,0,227,240.177,239.74,0.9451362953155381,0.9468590973554684,0.9468590973554684,audio
sub_d4272455c318,2,first_correct,2,hybrid,1,208,203.19,199.9,1.0236724248240563,1.040520260130065,1.040520260130065,audio
sub_d4272455c318,3,post_incorrect,2,operator,0,260,240.12,239.74,1.082791937364651,1.0845082172353382,1.0845082172353382,audio
sub_d4272455c318,4,post_correct,2,tautological,1,107,80.36,76.96,1.331508213041314,1.3903326403326404,1.3903326403326404,audio
sub_d4272455c318,5,post_incorrect,2,value-loose-chunk,0,278,240.153,239.8,1.1575953662873253,1.15929941618015,1.15929941618015,audio
sub_21b87d0c027d,1,pre_incorrect,2,operator,0,292,240.199,239.74,1.215658683008672,1.217986151664303,1.217986151664303,audio
sub_21b87d0c027d,2,pre_incorrect,2,value-tight-chunk,0,206,240.208,239.8,0.8575900885898887,0.8590492076730608,0.8590492076730608,audio
sub_21b87d0c027d,3,pre_incorrect,2,value-loose-chunk,0,255,240.188,239.8,1.0616683597848353,1.0633861551292743,1.0633861551292743,audio
sub_21b87d0c027d,4,pre_incorrect,2,tautological,0,206,240.195,239.8,0.8576365036740982,0.8590492076730608,0.8590492076730608,audio
sub_21b87d0c027d,5,first_correct,2,hybrid,1,21,62.343,59.08,0.33684615754775993,0.35545023696682465,0.35545023696682465,audio
sub_83b0d98a611e,1,first_correct,2,tautological,1,63,100.31,96.82,0.628053035589672,0.6506920057839289,0.6506920057839289,audio
sub_83b0d98a611e,2,post_incorrect,2,value-tight-chunk,0,166,240.134,239.86,0.6912807016082687,0.6920703743850579,0.6920703743850579,audio
sub_83b0d98a611e,3,post_incorrect,2,operator,0,138,240.136,239.86,0.5746743512009861,0.5753356124405903,0.5753356124405903,audio
sub_83b0d98a611e,4,post_incorrect,2,hybrid,0,97,240.124,239.86,0.40395795505655413,0.4044025681647628,0.4044025681647628,audio
sub_83b0d98a611e,5,post_correct,2,value-loose-chunk,1,13,31.988,28.78,0.40640240090033763,0.45170257123002083,0.45170257123002083,audio
sub_51a2c9fe8317,1,unlabeled,2,value-loose-chunk,0,1,240.166,239.44,0.004163786714189353,0.00417641162712997,0.00417641162712997,audio
sub_51a2c9fe8317,2,unlabeled,2,operator,0,1,240.16,239.44,0.0041638907395069955,0.00417641162712997,0.00417641162712997,audio
sub_51a2c9fe8317,3,unlabeled,2,hybrid,0,1,240.179,239.68,0.00416356134383106,0.004172229639519359,0.004172229639519359,audio
sub_51a2c9fe8317,4,unlabeled,2,tautological,0,1,240.182,239.56,0.004163509338751447,0.004174319585907497,0.004174319585907497,audio
sub_51a2c9fe8317,5,unlabeled,2,value-tight-chunk,0,1,240.181,239.68,0.004163526673633635,0.004172229639519359,0.004172229639519359,audio
sub_745f9f8c7efd,1,pre_incorrect,2,operator,0,322,240.128,239.5,1.3409514925373136,1.3444676409185803,1.3444676409185803,audio
sub_745f9f8c7efd,2,pre_incorrect,2,tautological,0,354,240.133,239.44,1.474183056889307,1.4784497160040093,1.4784497160040093,audio
sub_745f9f8c7efd,3,pre_incorrect,2,hybrid,0,276,240.129,239.02,1.1493822070637032,1.1547150866036315,1.1547150866036315,audio
sub_745f9f8c7efd,4,first_correct,2,value-loose-chunk,1,55,50.366,46.72,1.0920065123297462,1.1772260273972603,1.1772260273972603,audio
sub_745f9f8c7efd,5,post_incorrect,2,value-tight-chunk,0,382,240.126,239.38,1.5908314801395933,1.5957891218982372,1.5957891218982372,audio
sub_a6cd1ca68776,1,unlabeled,2,tautological,0,170,240.129,239.74,0.7079528086986578,0.709101526653875,0.709101526653875,audio
sub_a6cd1ca68776,2,unlabeled,2,value-tight-chunk,0,160,240.122,239.74,0.6663279499587709,0.6673896721448236,0.6673896721448236,audio
sub_a6cd1ca68776,3,unlabeled,2,operator,0,157,240.13,239.74,0.6538125182192979,0.6548761157921081,0.6548761157921081,audio
sub_a6cd1ca68776,4,unlabeled,2,value-loose-chunk,0,195,240.118,239.68,0.8121007171474025,0.813584779706275,0.813584779706275,audio
sub_a6cd1ca68776,5,unlabeled,2,hybrid,0,148,240.135,239.68,0.6163199866741624,0.6174899866488651,0.6174899866488651,audio
sub_e4181714e3b3,1,first_correct,2,value-tight-chunk,1,96,119.835,116.26,0.8011015145825511,0.8257354206089799,0.8257354206089799,audio
sub_e4181714e3b3,2,post_correct,2,operator,1,142,119.76,116.26,1.1857047428189713,1.2214003096507826,1.2214003096507826,audio
sub_e4181714e3b3,3,post_incorrect,2,tautological,0,266,240.241,239.62,1.1072214984120112,1.110090977380853,1.110090977380853,audio
sub_e4181714e3b3,4,post_incorrect,2,hybrid,0,271,240.233,239.5,1.1280714972547485,1.1315240083507307,1.1315240083507307,audio
sub_e4181714e3b3,5,post_correct,2,value-loose-chunk,1,57,56.918,53.38,1.0014406690326434,1.0678156612963656,1.0678156612963656,audio
sub_f82a6e2f77bd,1,pre_incorrect,2,hybrid,0,405,242.24,241.54,1.671895640686922,1.6767409124782646,1.6767409124782646,audio
sub_f82a6e2f77bd,2,pre_incorrect,2,value-tight-chunk,0,367,245.311,244.48,1.4960601032974468,1.5011452879581153,1.5011452879581153,audio
sub_f82a6e2f77bd,3,first_correct,2,value-loose-chunk,1,80,54.82,50.56,1.459321415541773,1.5822784810126582,1.5822784810126582,audio
sub_f82a6e2f77bd,4,post_incorrect,2,tautological,0,350,242.386,241.54,1.4439777874959776,1.4490353564626977,1.4490353564626977,audio
sub_f82a6e2f77bd,5,post_correct,2,operator,1,299,180.261,176.32,1.6587059874293386,1.6957803992740472,1.6957803992740472,audio
sub_84dc13f9f35a,1,first_correct,2,operator,1,213,240.222,239.38,0.886679821165422,0.8897986465034673,0.8897986465034673,audio
sub_84dc13f9f35a,2,post_correct,2,value-loose-chunk,1,28,44.591,40.9,0.6279294027942858,0.684596577017115,0.684596577017115,audio
sub_84dc13f9f35a,3,post_incorrect,2,tautological,0,350,240.198,239.38,1.4571312000932564,1.4621104520010026,1.4621104520010026,audio
sub_84dc13f9f35a,4,post_incorrect,2,hybrid,0,287,240.171,239.38,1.194981908723368,1.1989305706408222,1.1989305706408222,audio
sub_84dc13f9f35a,5,post_incorrect,2,value-tight-chunk,0,245,240.217,239.38,1.0199111636561942,1.0234773164007018,1.0234773164007018,audio
sub_fe44baa2fff1,1,pre_incorrect,2,tautological,0,210,240.138,239.56,0.8744971641306248,0.8766071130405744,0.8766071130405744,audio
sub_fe44baa2fff1,2,pre_incorrect,2,value-tight-chunk,0,196,240.143,239.56,0.8161803592026418,0.8181666388378694,0.8181666388378694,audio
sub_fe44baa2fff1,3,first_correct,2,value-loose-chunk,1,160,165.023,161.5,0.9695618186555813,0.9907120743034056,0.9907120743034056,audio
sub_fe44baa2fff1,4,post_incorrect,2,operator,0,266,240.139,239.56,1.1076917951686314,1.1103690098513943,1.1103690098513943,audio
sub_fe44baa2fff1,5,post_incorrect,2,hybrid,0,272,240.146,239.56,1.1326443080459387,1.1354149273668392,1.1354149273668392,audio
sub_172dafee3797,1,first_correct,2,value-loose-chunk,1,86,75.397,72.334,1.1406289374908816,1.1889291342936932,1.1889291342936932,audio
sub_172dafee3797,2,post_incorrect,2,hybrid,0,278,243.963,243.853,1.13951705791452,1.1400310843007877,1.1400310843007877,audio
sub_172dafee3797,3,post_incorrect,2,operator,0,235,243.599,243.513,0.9647001834982902,0.9650408807743324,0.9650408807743324,audio
sub_172dafee3797,4,post_incorrect,2,tautological,0,243,243.592,243.474,0.9975697067227166,0.9980531802163681,0.9980531802163681,audio
sub_172dafee3797,5,post_incorrect,2,value-tight-chunk,0,310,243.588,243.474,1.2726406883754537,1.2732365673542145,1.2732365673542145,audio
sub_2da66fc4fcdb,1,pre_incorrect,2,operator,0,135,240.149,239.74,0.5621509979221233,0.5631100358721949,0.5631100358721949,audio
sub_2da66fc4fcdb,2,pre_incorrect,2,hybrid,0,97,240.159,239.74,0.40389908352383214,0.40460498873779926,0.40460498873779926,audio
sub_2da66fc4fcdb,3,first_correct,2,value-loose-chunk,1,27,33.942,30.64,0.795474633197808,0.881201044386423,0.881201044386423,audio
sub_2da66fc4fcdb,4,post_incorrect,2,tautological,0,106,240.166,239.74,0.44136139170407135,0.4421456577959456,0.4421456577959456,audio
sub_2da66fc4fcdb,5,post_correct,2,value-tight-chunk,1,28,68.982,65.68,0.40590298918558465,0.4263093788063337,0.4263093788063337,audio
sub_5411cf457e21,1,pre_incorrect,2,value-loose-chunk,0,277,240.297,222.165,1.152740150730138,1.2468210564220288,1.2468210564220288,audio
sub_5411cf457e21,2,pre_incorrect,2,operator,0,291,240.255,226.176,1.211213086096023,1.2866086587436334,1.2866086587436334,audio
sub_5411cf457e21,3,first_correct,2,value-tight-chunk,1,101,94.248,81.429,1.0716407775231305,1.2403443490648294,1.2403443490648294,audio
sub_5411cf457e21,4,post_correct,2,hybrid,1,58,56.912,50.773,1.0191172336238403,1.142339432375475,1.142339432375475,audio
sub_5411cf457e21,5,post_correct,2,tautological,1,143,144.172,133.205,0.9918708209638487,1.0735332757779361,1.0735332757779361,audio
sub_3e34f5df0625,1,unlabeled,2,value-tight-chunk,0,293,240.186,239.68,1.219887920195182,1.2224632843791723,1.2224632843791723,audio
sub_3e34f5df0625,2,unlabeled,2,hybrid,0,348,240.162,239.68,1.4490219102106079,1.4519359145527369,1.4519359145527369,audio
sub_3e34f5df0625,3,unlabeled,2,tautological,0,306,240.184,239.68,1.274023248842554,1.2767022696929238,1.2767022696929238,audio
sub_3e34f5df0625,4,unlabeled,2,value-loose-chunk,0,325,240.167,239.62,1.3532250475710652,1.3563141640931475,1.3563141640931475,audio
sub_3e34f5df0625,5,unlabeled,2,operator,0,353,240.179,239.68,1.4697371543723639,1.4727970627503337,1.4727970627503337,audio
sub_480a2534f342,1,pre_incorrect,2,hybrid,0,145,240.141,239.56,0.6038119271594605,0.605276339956587,0.605276339956587,audio
sub_480a2534f342,2,first_correct,2,operator,1,61,84.713,81.22,0.7200783823025982,0.7510465402610195,0.7510465402610195,audio
sub_480a2534f342,3,post_correct,2,value-loose-chunk,1,16,38.409,34.96,0.41656903329948713,0.45766590389016015,0.45766590389016015,audio
sub_480a2534f342,4,post_correct,2,value-tight-chunk,1,67,169.953,166.48,0.39422663912964173,0.40245074483421434,0.40245074483421434,audio
sub_480a2534f342,5,post_incorrect,2,tautological,0,89,240.143,239.5,0.3706125100460975,0.37160751565762007,0.37160751565762007,audio
sub_1cd849d418d1,1,pre_incorrect,2,tautological,0,120,240.122,239.68,0.4997459624690782,0.5006675567423231,0.5006675567423231,audio
sub_1cd849d418d1,2,first_correct,2,value-tight-chunk,1,11,27.112,23.74,0.4057244024786073,0.46335299073294023,0.46335299073294023,audio
sub_1cd849d418d1,3,post_correct,2,value-loose-chunk,1,6,23.803,20.44,0.2520690669243373,0.29354207436399216,0.29354207436399216,audio
sub_1cd849d418d1,4,post_correct,2,operator,1,58,151.803,148.48,0.3820741355572683,0.390625,0.390625,audio
sub_1cd849d418d1,5,post_incorrect,2,hybrid,0,52,240.12,239.68,0.21655838747293019,0.21695594125500667,0.21695594125500667,audio
sub_144aa281af95,1,first_correct,2,value-loose-chunk,1,501,240.15,239.68,2.0861961274203624,2.090287049399199,2.090287049399199,audio
sub_144aa281af95,2,post_incorrect,2,operator,0,411,240.162,239.74,1.7113448422314936,1.7143572203220154,1.7143572203220154,audio
sub_144aa281af95,3,post_incorrect,2,tautological,0,448,240.168,239.74,1.865360914026848,1.8686910820055058,1.8686910820055058,audio
sub_144aa281af95,4,post_incorrect,2,hybrid,0,417,240.147,239.74,1.7364364326849806,1.7393843330274463,1.7393843330274463,audio
sub_144aa281af95,5,post_correct,2,value-tight-chunk,1,119,75.293,71.98,1.5804922104312484,1.6532370102806335,1.6532370102806335,audio
sub_cfcaf40a0e5d,1,pre_incorrect,2,value-tight-chunk,0,269,240.18,238.36,1.1199933383295861,1.12854505789562,1.12854505789562,audio
sub_cfcaf40a0e5d,2,first_correct,2,hybrid,1,100,77.782,73.36,1.285644493584634,1.3631406761177753,1.3631406761177753,audio
sub_cfcaf40a0e5d,3,post_correct,2,operator,1,234,163.598,159.22,1.4303353341727894,1.4696646149981158,1.4696646149981158,audio
sub_cfcaf40a0e5d,4,post_incorrect,2,tautological,0,486,240.236,238.78,2.0230107061389635,2.0353463439149007,2.0353463439149007,audio
sub_cfcaf40a0e5d,5,post_correct,2,value-loose-chunk,1,63,54.441,50.62,1.1572160687716977,1.244567364677993,1.244567364677993,audio
sub_ea9c5948c856,1,first_correct,2,value-loose-chunk,1,72,57.937,54.46,1.2427291713412845,1.3220712449504224,1.3220712449504224,audio
sub_ea9c5948c856,2,post_incorrect,2,tautological,0,364,240.151,239.68,1.515713030551611,1.5186915887850467,1.5186915887850467,audio
sub_ea9c5948c856,3,post_correct,2,hybrid,1,75,46.339,43.0,1.6185070890610502,1.744186046511628,1.744186046511628,audio
sub_ea9c5948c856,4,post_correct,2,operator,1,337,207.071,203.74,1.627461112372085,1.6540689113576126,1.6540689113576126,audio
sub_ea9c5948c856,5,post_correct,2,value-tight-chunk,1,56,20.074,16.72,2.7896781906944303,3.349282296650718,3.349282296650718,audio
sub_6f0ea503bf10,1,first_correct,2,hybrid,1,207,209.421,206.14,0.988439554772444,1.004171921994761,1.004171921994761,audio
sub_6f0ea503bf10,2,post_incorrect,2,operator,0,166,240.146,239.68,0.6912461585868597,0.6925901201602136,0.6925901201602136,audio
sub_6f0ea503bf10,3,post_correct,2,value-loose-chunk,1,82,115.752,112.42,0.7084110857695763,0.7294075787226472,0.7294075787226472,audio
sub_6f0ea503bf10,4,post_correct,2,value-tight-chunk,1,45,39.157,35.8,1.1492198074418367,1.2569832402234637,1.2569832402234637,audio
sub_6f0ea503bf10,5,post_incorrect,2,tautological,0,218,240.121,239.62,0.9078756127119244,0.9097738085301728,0.9097738085301728,audio
sub_0713e3620426,1,pre_incorrect,2,operator,0,204,242.113,239.68,0.8425817696695345,0.8511348464619493,0.8511348464619493,audio
sub_0713e3620426,2,pre_incorrect,2,tautological,0,243,240.142,239.68,1.011901291735723,1.0138518024032042,1.0138518024032042,audio
sub_0713e3620426,3,first_correct,2,value-loose-chunk,1,44,37.31,34.0,1.1793084963816671,1.2941176470588236,1.2941176470588236,audio
sub_0713e3620426,4,post_incorrect,2,value-tight-chunk,0,208,240.114,239.68,0.8662551954488285,0.8678237650200267,0.8678237650200267,audio
sub_0713e3620426,5,post_correct,2,hybrid,1,105,76.43,73.12,1.3738060970822974,1.435995623632385,1.435995623632385,audio
sub_30c67a672db1,1,unlabeled,2,tautological,0,245,240.143,239.74,1.0202254490033023,1.021940435471761,1.021940435471761,audio
sub_30c67a672db1,2,unlabeled,2,operator,0,213,240.147,239.74,0.8869567389973642,0.8884625010427963,0.8884625010427963,audio
sub_30c67a672db1,3,unlabeled,2,value-tight-chunk,0,128,241.165,239.74,0.530756950635457,0.5339117377158589,0.5339117377158589,audio
sub_30c67a672db1,4,unlabeled,2,hybrid,0,152,240.144,239.74,0.6329535611966154,0.6340201885375824,0.6340201885375824,audio
sub_30c67a672db1,5,unlabeled,2,value-loose-chunk,0,166,240.143,239.74,0.6912547940185639,0.6924167848502544,0.6924167848502544,audio
sub_86228aa12863,1,first_correct,2,hybrid,1,132,130.636,126.7,1.010441226002021,1.0418310970797158,1.0418310970797158,audio
sub_86228aa12863,2,post_incorrect,2,value-tight-chunk,0,254,240.146,239.14,1.0576899053076045,1.062139332608514,1.062139332608514,audio
sub_86228aa12863,3,post_correct,2,value-loose-chunk,1,42,40.53,37.18,1.0362694300518134,1.1296395911780528,1.1296395911780528,audio
sub_86228aa12863,4,post_correct,2,operator,1,85,114.534,111.16,0.7421377058340755,0.7646635480388629,0.7646635480388629,audio
sub_86228aa12863,5,post_incorrect,2,tautological,0,250,240.142,239.68,1.0410507116622665,1.0430574098798397,1.0430574098798397,audio
sub_5b4669f64394,1,first_correct,2,hybrid,1,60,92.533,89.2,0.6484173213880453,0.6726457399103138,0.6726457399103138,audio
sub_5b4669f64394,2,post_incorrect,2,value-tight-chunk,0,188,240.148,239.74,0.7828505754784549,0.7841828647701676,0.7841828647701676,audio
sub_5b4669f64394,3,post_correct,2,value-loose-chunk,1,39,35.793,32.44,1.0895985248512279,1.2022194821208385,1.2022194821208385,audio
sub_5b4669f64394,4,post_incorrect,2,tautological,0,208,240.15,239.74,0.8661253383302102,0.8676065737882706,0.8676065737882706,audio
sub_5b4669f64394,5,post_correct,2,operator,1,67,70.971,67.66,0.944047568725254,0.9902453443689034,0.9902453443689034,audio
sub_1931b225acb4,1,unlabeled,2,tautological,0,244,248.192,247.8,0.9831098504383703,0.9846650524616626,0.9846650524616626,audio
sub_1931b225acb4,2,unlabeled,2,hybrid,0,280,248.188,247.86,1.1281770270923654,1.129669974985879,1.129669974985879,audio
sub_1931b225acb4,3,unlabeled,2,value-tight-chunk,0,308,247.209,246.84,1.2459093317799919,1.2477718360071302,1.2477718360071302,audio
sub_1931b225acb4,4,unlabeled,2,operator,0,257,247.2,246.84,1.0396440129449838,1.0411602657591963,1.0411602657591963,audio
sub_1931b225acb4,5,unlabeled,2,value-loose-chunk,0,296,247.172,246.84,1.1975466476785397,1.1991573488899692,1.1991573488899692,audio
sub_cbfb258080e1,1,first_correct,2,operator,1,356,205.582,202.0,1.7316691150003405,1.7623762376237624,1.7623762376237624,audio
sub_cbfb258080e1,2,post_incorrect,2,tautological,0,490,240.135,239.44,2.040518874799592,2.046441697293685,2.046441697293685,audio
sub_cbfb258080e1,3,post_correct,2,hybrid,1,180,100.061,96.52,1.7989026693716832,1.8648984666390387,1.8648984666390387,audio
sub_cbfb258080e1,4,post_correct,2,value-loose-chunk,1,97,45.402,41.86,2.136469759041452,2.3172479694218824,2.3172479694218824,audio
sub_cbfb258080e1,5,post_incorrect,2,value-tight-chunk,0,442,240.128,239.44,1.8406849680170576,1.8459739391914467,1.8459739391914467,audio
sub_d31b4ef3d2ae,1,pre_incorrect,2,hybrid,0,327,240.158,239.14,1.3616036109561207,1.367399849460567,1.367399849460567,audio
sub_d31b4ef3d2ae,2,pre_incorrect,2,tautological,0,271,240.157,239.2,1.1284284863651695,1.132943143812709,1.132943143812709,audio
sub_d31b4ef3d2ae,3,first_correct,2,value-loose-chunk,1,48,59.898,56.14,0.8013623159370931,0.8550053437833987,0.8550053437833987,audio
sub_d31b4ef3d2ae,4,post_incorrect,2,value-tight-chunk,0,267,240.128,239.2,1.1119069829424308,1.1162207357859533,1.1162207357859533,audio
sub_d31b4ef3d2ae,5,post_incorrect,2,operator,0,236,240.135,239.2,0.982780519291232,0.9866220735785953,0.9866220735785953,audio
sub_dd6c62471e84,1,pre_incorrect,2,operator,0,269,240.13,239.68,1.1202265439553576,1.1223297730307076,1.1223297730307076,audio
sub_dd6c62471e84,2,first_correct,2,value-loose-chunk,1,151,90.832,87.46,1.662409723445482,1.7265035444774754,1.7265035444774754,audio
sub_dd6c62471e84,3,post_incorrect,2,tautological,0,386,240.127,239.68,1.60748270706751,1.6104806408544725,1.6104806408544725,audio
sub_dd6c62471e84,4,post_correct,2,value-tight-chunk,1,270,185.877,182.5,1.452573476008328,1.4794520547945205,1.4794520547945205,audio
sub_dd6c62471e84,5,post_incorrect,2,hybrid,0,296,240.124,239.68,1.2326964401725775,1.2349799732977302,1.2349799732977302,audio
sub_598b8785c9a4,1,pre_incorrect,1,hybrid,0,146,240.184,239.74,0.6078673017353362,0.6089930758321515,0.6089930758321515,audio
sub_598b8785c9a4,2,pre_incorrect,1,hybrid,0,172,240.182,239.5,0.7161236062652488,0.7181628392484343,0.7181628392484343,audio
sub_598b8785c9a4,3,first_correct,1,hybrid,1,49,72.779,69.58,0.6732711359045879,0.7042253521126761,0.7042253521126761,audio
sub_598b8785c9a4,4,post_incorrect,1,hybrid,0,190,240.252,239.8,0.7908362885636748,0.7923269391159299,0.7923269391159299,audio
sub_598b8785c9a4,5,post_incorrect,1,hybrid,0,159,240.152,239.68,0.6620806822345848,0.6633845126835781,0.6633845126835781,audio
sub_41bde21ec10e,1,pre_incorrect,1,value-tight-chunk,0,246,240.222,239.62,1.0240527512051352,1.0266254903597363,1.0266254903597363,audio
sub_41bde21ec10e,2,pre_incorrect,1,value-tight-chunk,0,172,240.175,239.68,0.7161444779848027,0.7176234979973297,0.7176234979973297,audio
sub_41bde21ec10e,3,first_correct,1,value-tight-chunk,1,86,157.749,154.36,0.5451698584460124,0.55713915522156,0.55713915522156,audio
sub_41bde21ec10e,4,post_correct,1,value-tight-chunk,1,25,38.094,34.72,0.6562713288181866,0.7200460829493088,0.7200460829493088,audio
sub_41bde21ec10e,5,post_correct,1,value-tight-chunk,1,31,37.315,33.94,0.8307651078654698,0.9133765468473778,0.9133765468473778,audio
sub_91054a8a7eed,1,first_correct,1,value-loose-chunk,1,130,84.037,80.74,1.546937658412366,1.6101065147386675,1.6101065147386675,audio
sub_91054a8a7eed,2,post_correct,1,value-loose-chunk,1,92,47.836,44.62,1.9232377289070992,2.061855670103093,2.061855670103093,audio
sub_91054a8a7eed,3,post_correct,1,value-loose-chunk,1,96,48.598,45.34,1.9753899337421295,2.11733568592854,2.11733568592854,audio
sub_91054a8a7eed,4,post_correct,1,value-loose-chunk,1,91,36.519,33.28,2.491853555683343,2.734375,2.734375,audio
sub_91054a8a7eed,5,post_correct,1,value-loose-chunk,1,94,37.213,33.94,2.5259989788514767,2.7695934001178553,2.7695934001178553,audio
sub_9889ea88dba9,1,pre_incorrect,1,tautological,0,445,240.157,239.68,1.8529545255811821,1.8566421895861147,1.8566421895861147,audio
sub_9889ea88dba9,2,first_correct,1,tautological,1,168,164.777,160.84,1.0195597686570335,1.0445162894802287,1.0445162894802287,audio
sub_9889ea88dba9,3,post_correct,1,tautological,1,67,57.858,54.52,1.1580075356908293,1.2289068231841525,1.2289068231841525,audio
sub_9889ea88dba9,4,post_correct,1,tautological,1,62,55.718,52.36,1.112746329731864,1.1841100076394193,1.1841100076394193,audio
sub_9889ea88dba9,5,post_correct,1,tautological,1,25,16.43,13.06,1.5216068167985393,1.9142419601837672,1.9142419601837672,audio
sub_22e46408b7d2,1,pre_incorrect,1,operator,0,161,240.142,239.62,0.6704366583104996,0.67189717051999,0.67189717051999,audio
sub_22e46408b7d2,2,pre_incorrect,1,operator,0,176,240.156,239.62,0.7328569762987391,0.7344962857858276,0.7344962857858276,audio
sub_22e46408b7d2,3,first_correct,1,operator,1,70,67.251,63.82,1.0408767155878722,1.0968348480100283,1.0968348480100283,audio
sub_22e46408b7d2,4,post_incorrect,1,operator,0,220,240.136,239.62,0.9161475164073691,0.9181203572322845,0.9181203572322845,audio
sub_22e46408b7d2,5,post_incorrect,1,operator,0,157,240.143,239.62,0.6537771244633406,0.6552040731157667,0.6552040731157667,audio
sub_8b6bc95cabb0,1,first_correct,1,value-tight-chunk,1,152,117.778,114.52,1.2905636027101834,1.327279077890325,1.327279077890325,audio
sub_8b6bc95cabb0,2,post_correct,1,value-tight-chunk,1,65,65.23,61.96,0.996474015023762,1.0490639122014203,1.0490639122014203,audio
sub_8b6bc95cabb0,3,post_correct,1,value-tight-chunk,1,95,56.646,53.38,1.677082229989761,1.7796927688272761,1.7796927688272761,audio
sub_8b6bc95cabb0,4,post_correct,1,value-tight-chunk,1,75,48.43,45.16,1.548626884162709,1.6607617360496016,1.6607617360496016,audio
sub_8b6bc95cabb0,5,post_correct,1,value-tight-chunk,1,89,76.316,73.06,1.1662036794381256,1.2181768409526417,1.2181768409526417,audio
sub_9146808bb050,1,pre_incorrect,1,hybrid,0,123,240.115,239.8,0.5122545446973326,0.5129274395329441,0.5129274395329441,audio
sub_9146808bb050,2,pre_incorrect,1,hybrid,0,171,240.116,239.8,0.7121557913675056,0.713094245204337,0.713094245204337,audio
sub_9146808bb050,3,first_correct,1,hybrid,1,56,51.834,48.64,1.0803719566307828,1.1513157894736843,1.1513157894736843,audio
sub_9146808bb050,4,post_incorrect,1,hybrid,0,297,240.111,239.8,1.236927920836613,1.238532110091743,1.238532110091743,audio
sub_9146808bb050,5,post_correct,1,hybrid,1,103,87.265,84.04,1.1803128401993928,1.2256068538791052,1.2256068538791052,audio
sub_adeef36ba680,1,unlabeled,1,tautological,0,210,240.127,239.8,0.8745372240522723,0.8757297748123436,0.8757297748123436,audio
sub_adeef36ba680,2,unlabeled,1,tautological,0,228,240.123,239.8,0.9495133743956223,0.9507923269391159,0.9507923269391159,audio
sub_adeef36ba680,3,unlabeled,1,tautological,0,277,242.121,241.78,1.1440560711379846,1.1456696170071967,1.1456696170071967,audio
sub_adeef36ba680,4,unlabeled,1,tautological,0,263,240.127,239.8,1.095253761551179,1.0967472894078398,1.0967472894078398,audio
sub_adeef36ba680,5,unlabeled,1,tautological,0,209,240.13,239.8,0.8703618873110399,0.8715596330275229,0.8715596330275229,audio
sub_5b52e7e48fb7,1,pre_incorrect,1,hybrid,0,321,240.12,239.74,1.336831584207896,1.3389505297405522,1.3389505297405522,audio
sub_5b52e7e48fb7,2,pre_incorrect,1,hybrid,0,261,240.118,239.74,1.0869655752588312,1.0886794026862434,1.0886794026862434,audio
sub_5b52e7e48fb7,3,pre_incorrect,1,hybrid,0,281,240.123,239.74,1.1702335886191662,1.1721031117043463,1.1721031117043463,audio
sub_5b52e7e48fb7,4,pre_incorrect,1,hybrid,0,354,240.116,239.74,1.4742874277432574,1.4765996496204221,1.4765996496204221,audio
sub_5b52e7e48fb7,5,first_correct,1,hybrid,1,169,131.752,128.44,1.282712975894104,1.3157894736842106,1.3157894736842106,audio
sub_1050042e659b,1,first_correct,1,operator,1,129,97.246,93.94,1.326532710857002,1.373216946987439,1.373216946987439,audio
sub_1050042e659b,2,post_correct,1,operator,1,39,31.61,28.42,1.2337867763366024,1.3722730471498943,1.3722730471498943,audio
sub_1050042e659b,3,post_correct,1,operator,1,119,78.537,75.34,1.5152093917516583,1.5795062383859835,1.5795062383859835,audio
sub_1050042e659b,4,post_correct,1,operator,1,31,26.372,23.14,1.1754891551645685,1.3396715643906656,1.3396715643906656,audio
sub_1050042e659b,5,post_correct,1,operator,1,51,32.624,29.44,1.5632663070132418,1.732336956521739,1.732336956521739,audio
sub_eb19178b58f7,1,first_correct,1,value-loose-chunk,1,202,223.96,220.42,0.9019467762100375,0.9164322656746212,0.9164322656746212,audio
sub_eb19178b58f7,2,post_incorrect,1,value-loose-chunk,0,217,240.135,239.8,0.9036583588398193,0.9049207673060884,0.9049207673060884,audio
sub_eb19178b58f7,3,post_correct,1,value-loose-chunk,1,63,48.676,45.46,1.2942723313337168,1.3858336999560052,1.3858336999560052,audio
sub_eb19178b58f7,4,post_correct,1,value-loose-chunk,1,266,232.308,229.06,1.145031595984641,1.161267790098664,1.161267790098664,audio
sub_eb19178b58f7,5,post_correct,1,value-loose-chunk,1,252,233.821,230.56,1.0777475077088885,1.0929909784871616,1.0929909784871616,audio
sub_805570755bc1,1,pre_incorrect,1,operator,0,253,240.125,239.38,1.0536179073399272,1.0568969838750104,1.0568969838750104,audio
sub_805570755bc1,2,first_correct,1,operator,1,338,223.67,220.06,1.5111548263066126,1.5359447423429973,1.5359447423429973,audio
sub_805570755bc1,3,post_correct,1,operator,1,92,73.142,69.52,1.2578272401629707,1.3233601841196778,1.3233601841196778,audio
sub_805570755bc1,4,post_correct,1,operator,1,53,59.023,55.42,0.8979550344780848,0.9563334536268495,0.9563334536268495,audio
sub_805570755bc1,5,post_correct,1,operator,1,24,26.652,23.08,0.9004952723998199,1.0398613518197575,1.0398613518197575,audio
sub_5854b75f83c8,1,first_correct,1,tautological,1,112,83.374,80.273,1.3433444479094203,1.395238747773224,1.395238747773224,audio
sub_5854b75f83c8,2,post_correct,1,tautological,1,43,38.256,35.014,1.1240066917607696,1.2280801964928314,1.2280801964928314,audio
sub_5854b75f83c8,3,post_correct,1,tautological,1,56,44.111,41.074,1.2695246083743286,1.363392900618396,1.363392900618396,audio
sub_5854b75f83c8,4,post_correct,1,tautological,1,47,37.665,34.633,1.2478428249037568,1.357087171195103,1.357087171195103,audio
sub_5854b75f83c8,5,post_correct,1,tautological,1,40,24.091,21.073,1.6603710929392719,1.8981635267878327,1.8981635267878327,audio
sub_921234e118bc,1,unlabeled,1,operator,0,374,240.139,239.38,1.557431321026572,1.5623694544239286,1.5623694544239286,audio
sub_921234e118bc,2,unlabeled,1,operator,0,440,240.12,239.5,1.8324171247709478,1.837160751565762,1.837160751565762,audio
sub_921234e118bc,3,unlabeled,1,operator,0,369,240.145,239.38,1.5365716546253305,1.5414821622524857,1.5414821622524857,audio
sub_921234e118bc,4,unlabeled,1,operator,0,324,240.133,239.38,1.349252289356315,1.3534965327094997,1.3534965327094997,audio
sub_921234e118bc,5,unlabeled,1,operator,0,376,240.135,239.44,1.5657859120911155,1.5703307718008688,1.5703307718008688,audio
sub_17d1878c3e44,1,pre_incorrect,1,operator,0,418,240.161,239.74,1.740499081865915,1.7435555184783516,1.7435555184783516,audio
sub_17d1878c3e44,2,pre_incorrect,1,operator,0,376,240.219,239.68,1.5652383866388588,1.568758344459279,1.568758344459279,audio
sub_17d1878c3e44,3,pre_incorrect,1,operator,0,447,240.189,239.74,1.8610344353821366,1.8645198965546008,1.8645198965546008,audio
sub_17d1878c3e44,4,pre_incorrect,1,operator,0,384,240.147,239.74,1.599020599882572,1.6017352131475764,1.6017352131475764,audio
sub_17d1878c3e44,5,first_correct,1,operator,1,160,102.187,98.8,1.5657568966698308,1.6194331983805668,1.6194331983805668,audio
sub_43e17045a109,1,pre_incorrect,1,value-tight-chunk,0,235,240.107,239.34,0.9787303160674199,0.9818668003676778,0.9818668003676778,audio
sub_43e17045a109,2,pre_incorrect,1,value-tight-chunk,0,245,240.116,239.82,1.020340168918356,1.0215995329830707,1.0215995329830707,audio
sub_43e17045a109,3,pre_incorrect,1,value-tight-chunk,0,275,240.115,239.76,1.1452845511525727,1.1469803136469803,1.1469803136469803,audio
sub_43e17045a109,4,pre_incorrect,1,value-tight-chunk,0,291,240.118,239.76,1.2119041471276624,1.2137137137137137,1.2137137137137137,audio
sub_43e17045a109,5,first_correct,1,value-tight-chunk,1,292,232.282,228.96,1.2570926718385411,1.2753319357092943,1.2753319357092943,audio
sub_e90b1271db78,1,first_correct,1,value-tight-chunk,1,57,64.892,61.36,0.8783825433027184,0.9289439374185137,0.9289439374185137,audio
sub_e90b1271db78,2,post_correct,1,value-tight-chunk,1,48,38.84,35.38,1.2358393408856847,1.3566986998304125,1.3566986998304125,audio
sub_e90b1271db78,3,post_correct,1,value-tight-chunk,1,40,34.826,31.36,1.148567162464825,1.2755102040816326,1.2755102040816326,audio
sub_e90b1271db78,4,post_incorrect,1,value-tight-chunk,0,302,240.14,239.62,1.2575997334887983,1.260328854018863,1.260328854018863,audio
sub_e90b1271db78,5,post_correct,1,value-tight-chunk,1,37,32.208,28.72,1.148782911077993,1.2883008356545962,1.2883008356545962,audio
sub_cc38e1eafa3b,1,first_correct,1,value-loose-chunk,1,50,78.034,74.68,0.6407463413383909,0.6695232994108195,0.6695232994108195,audio
sub_cc38e1eafa3b,2,post_correct,1,value-loose-chunk,1,74,149.24,145.84,0.4958456177968373,0.5074053757542513,0.5074053757542513,audio
sub_cc38e1eafa3b,3,post_correct,1,value-loose-chunk,1,35,51.552,48.16,0.6789261328367474,0.7267441860465117,0.7267441860465117,audio
sub_cc38e1eafa3b,4,post_incorrect,1,value-loose-chunk,0,124,240.121,239.62,0.5164063118177918,0.517486019530924,0.517486019530924,audio
sub_cc38e1eafa3b,5,post_correct,1,value-loose-chunk,1,29,43.592,40.0,0.6652596806753533,0.725,0.725,audio
sub_b6f175b744b4,1,first_correct,1,operator,1,242,144.141,140.38,1.6789116212597388,1.7238922923493376,1.7238922923493376,audio
sub_b6f175b744b4,2,post_correct,1,operator,1,116,71.604,68.14,1.620021227864365,1.702377458174347,1.702377458174347,audio
sub_b6f175b744b4,3,post_correct,1,operator,1,118,64.008,60.22,1.8435195600549932,1.959481899701096,1.959481899701096,audio
sub_b6f175b744b4,4,post_correct,1,operator,1,372,238.913,235.42,1.5570521486901088,1.5801546172797554,1.5801546172797554,audio
sub_b6f175b744b4,5,post_correct,1,operator,1,42,36.794,33.28,1.1414904604011524,1.2620192307692306,1.2620192307692306,audio
sub_4e9959f85e5f,1,unlabeled,1,tautological,0,159,240.255,239.56,0.6617968408565899,0.6637168141592921,0.6637168141592921,audio
sub_4e9959f85e5f,2,unlabeled,1,tautological,0,124,240.187,239.56,0.5162644106467044,0.5176156286525296,0.5176156286525296,audio
sub_4e9959f85e5f,3,unlabeled,1,tautological,0,178,240.201,239.62,0.7410460406076578,0.7428428344879392,0.7428428344879392,audio
sub_4e9959f85e5f,4,unlabeled,1,tautological,0,131,240.26,239.62,0.5452426537917257,0.5466989399883149,0.5466989399883149,audio
sub_4e9959f85e5f,5,unlabeled,1,tautological,0,139,240.24,239.56,0.5785880785880786,0.5802304224411421,0.5802304224411421,audio
sub_707745ba20a5,1,first_correct,1,hybrid,1,125,78.314,75.12,1.5961386214469955,1.664004259850905,1.664004259850905,audio
sub_707745ba20a5,2,post_correct,1,hybrid,1,86,47.019,43.8,1.8290478317275995,1.9634703196347034,1.9634703196347034,audio
sub_707745ba20a5,3,post_correct,1,hybrid,1,58,38.57,35.4,1.5037593984962405,1.6384180790960452,1.6384180790960452,audio
sub_707745ba20a5,4,post_correct,1,hybrid,1,43,26.167,23.04,1.6432911682653724,1.8663194444444444,1.8663194444444444,audio
sub_707745ba20a5,5,post_correct,1,hybrid,1,33,26.599,23.46,1.2406481446670927,1.4066496163682864,1.4066496163682864,audio
sub_58cc02507119,1,unlabeled,1,tautological,0,116,240.179,239.8,0.4829731158844029,0.4837364470391993,0.4837364470391993,audio
sub_58cc02507119,2,unlabeled,1,tautological,0,136,240.168,239.8,0.566270277472436,0.567139282735613,0.567139282735613,audio
sub_58cc02507119,3,unlabeled,1,tautological,0,108,240.135,239.8,0.4497470173027672,0.45037531276063386,0.45037531276063386,audio
sub_58cc02507119,4,unlabeled,1,tautological,0,181,240.172,239.8,0.7536265676265343,0.7547956630525438,0.7547956630525438,audio
sub_58cc02507119,5,unlabeled,1,tautological,0,131,240.157,239.8,0.5454765007890672,0.5462885738115095,0.5462885738115095,audio
sub_c4d43f0d5396,1,first_correct,1,value-loose-chunk,1,342,141.786,137.62,2.4120858194744192,2.4851039093155065,2.4851039093155065,audio
sub_c4d43f0d5396,2,post_incorrect,1,value-loose-chunk,0,455,240.167,238.84,1.8945150665994912,1.9050410316529893,1.9050410316529893,audio
sub_c4d43f0d5396,3,post_correct,1,value-loose-chunk,1,91,45.816,41.32,1.9862056923345555,2.202323330106486,2.202323330106486,audio
sub_c4d43f0d5396,4,post_correct,1,value-loose-chunk,1,81,37.89,33.4,2.137767220902613,2.4251497005988023,2.4251497005988023,audio
sub_c4d43f0d5396,5,post_correct,1,value-loose-chunk,1,253,122.676,118.36,2.062343082591542,2.137546468401487,2.137546468401487,audio
sub_0c29698397c7,1,first_correct,1,value-tight-chunk,1,116,108.314,104.62,1.0709603560019942,1.1087746128847256,1.1087746128847256,audio
sub_0c29698397c7,2,post_correct,1,value-tight-chunk,1,43,53.513,49.9,0.8035430643021322,0.8617234468937875,0.8617234468937875,audio
sub_0c29698397c7,3,post_correct,1,value-tight-chunk,1,63,56.123,52.18,1.1225344332982914,1.2073591414334994,1.2073591414334994,audio
sub_0c29698397c7,4,post_correct,1,value-tight-chunk,1,32,30.769,27.34,1.0400078000585005,1.1704462326261886,1.1704462326261886,audio
sub_0c29698397c7,5,post_correct,1,value-tight-chunk,1,27,26.496,23.14,1.0190217391304348,1.166810717372515,1.166810717372515,audio
sub_d517dc5c5248,1,pre_incorrect,1,hybrid,0,422,240.161,239.8,1.7571545754722873,1.7597998331943285,1.7597998331943285,audio
sub_d517dc5c5248,2,first_correct,1,hybrid,1,234,113.641,110.44,2.0591159880676866,2.1187975371242302,2.1187975371242302,audio
sub_d517dc5c5248,3,post_incorrect,1,hybrid,0,426,240.161,239.8,1.7738100690786598,1.7764804003336112,1.7764804003336112,audio
sub_d517dc5c5248,4,post_incorrect,1,hybrid,0,499,240.152,239.86,2.077850694560112,2.0803802217960476,2.0803802217960476,audio
sub_d517dc5c5248,5,post_incorrect,1,hybrid,0,407,240.153,239.86,1.6947529283415157,1.696823146835654,1.696823146835654,audio
sub_b7ff146d8536,1,pre_incorrect,1,value-tight-chunk,0,385,240.138,239.86,1.6032448009061455,1.6051029767364295,1.6051029767364295,audio
sub_b7ff146d8536,2,pre_incorrect,1,value-tight-chunk,0,318,240.133,239.86,1.3242661358497165,1.325773367797882,1.325773367797882,audio
sub_b7ff146d8536,3,pre_incorrect,1,value-tight-chunk,0,322,240.154,239.86,1.3408063159472672,1.3424497623613774,1.3424497623613774,audio
sub_b7ff146d8536,4,first_correct,1,value-tight-chunk,1,100,77.497,74.32,1.2903725305495697,1.3455328310010766,1.3455328310010766,audio
sub_b7ff146d8536,5,post_correct,1,value-tight-chunk,1,73,53.919,50.74,1.3538826758656504,1.4387071344107212,1.4387071344107212,audio
sub_f66303b0a1c5,1,unlabeled,1,operator,0,277,242.142,242.034,1.143956851764667,1.1444673062462298,1.1444673062462298,audio
sub_f66303b0a1c5,2,unlabeled,1,operator,0,306,242.194,242.094,1.2634499616010306,1.2639718456467324,1.2639718456467324,audio
sub_f66303b0a1c5,3,unlabeled,1,operator,0,396,242.102,241.994,1.6356742199568777,1.6364042083688026,1.6364042083688026,audio
sub_f66303b0a1c5,4,unlabeled,1,operator,0,314,242.428,242.314,1.295229923936179,1.2958392829139052,1.2958392829139052,audio
sub_f66303b0a1c5,5,unlabeled,1,operator,0,304,242.377,242.293,1.2542444208815193,1.2546792519800407,1.2546792519800407,audio
sub_d83c7688f3f2,1,unlabeled,1,value-tight-chunk,0,188,240.134,239.8,0.7828962162792441,0.7839866555462885,0.7839866555462885,audio
sub_d83c7688f3f2,2,unlabeled,1,value-tight-chunk,0,197,240.127,239.86,0.820399205420465,0.821312432252147,0.821312432252147,audio
sub_d83c7688f3f2,3,unlabeled,1,value-tight-chunk,0,212,240.128,239.8,0.882862473347548,0.8840700583819849,0.8840700583819849,audio
sub_d83c7688f3f2,4,unlabeled,1,value-tight-chunk,0,116,240.132,239.8,0.48306764612796294,0.4837364470391993,0.4837364470391993,audio
sub_d83c7688f3f2,5,unlabeled,1,value-tight-chunk,0,201,240.13,239.8,0.8370465997584642,0.8381984987489575,0.8381984987489575,audio
sub_016ef5cb53d0,1,unlabeled,1,tautological,0,111,240.129,239.56,0.46225153979735895,0.4633494740357322,0.4633494740357322,audio
sub_016ef5cb53d0,2,unlabeled,1,tautological,0,142,240.125,239.56,0.5913586673607496,0.5927533811988646,0.5927533811988646,audio
sub_016ef5cb53d0,3,unlabeled,1,tautological,0,68,240.122,239.56,0.2831893787324776,0.2838537318417098,0.2838537318417098,audio
sub_016ef5cb53d0,4,unlabeled,1,tautological,0,68,240.121,239.56,0.2831905580936278,0.2838537318417098,0.2838537318417098,audio
sub_016ef5cb53d0,5,unlabeled,1,tautological,0,119,240.121,239.62,0.4955834766638486,0.49661964777564477,0.49661964777564477,audio
sub_6f135f163500,1,pre_incorrect,1,tautological,0,282,240.139,239.8,1.1743198730735116,1.1759799833194329,1.1759799833194329,audio
sub_6f135f163500,2,first_correct,1,tautological,1,104,70.506,67.3,1.4750517686438034,1.5453194650817237,1.5453194650817237,audio
sub_6f135f163500,3,post_correct,1,tautological,1,47,24.464,21.22,1.9211903204708962,2.214891611687088,2.214891611687088,audio
sub_6f135f163500,4,post_correct,1,tautological,1,94,36.996,33.76,2.54081522326738,2.78436018957346,2.78436018957346,audio
sub_6f135f163500,5,post_correct,1,tautological,1,43,25.977,22.72,1.655310466951534,1.892605633802817,1.892605633802817,audio
sub_489928f1993d,1,unlabeled,1,hybrid,0,346,240.136,239.8,1.440850184895226,1.4428690575479566,1.4428690575479566,audio
sub_489928f1993d,2,unlabeled,1,hybrid,0,327,240.133,239.8,1.3617453661096142,1.3636363636363635,1.3636363636363635,audio
sub_489928f1993d,3,unlabeled,1,hybrid,0,317,240.145,239.8,1.3200358116970996,1.3219349457881568,1.3219349457881568,audio
sub_489928f1993d,4,unlabeled,1,hybrid,0,329,240.135,239.8,1.370062673079726,1.3719766472060049,1.3719766472060049,audio
sub_489928f1993d,5,unlabeled,1,hybrid,0,367,240.133,239.8,1.5283197228202703,1.530442035029191,1.530442035029191,audio
sub_82b681bbefed,1,unlabeled,1,hybrid,0,398,240.143,239.8,1.657345831442099,1.659716430358632,1.659716430358632,audio
sub_82b681bbefed,2,unlabeled,1,hybrid,0,454,240.148,239.8,1.890500857804354,1.8932443703085904,1.8932443703085904,audio
sub_82b681bbefed,3,unlabeled,1,hybrid,0,437,240.134,239.8,1.8198172686916472,1.8223519599666387,1.8223519599666387,audio
sub_82b681bbefed,4,unlabeled,1,hybrid,0,478,240.157,239.8,1.9903646364669778,1.9933277731442869,1.9933277731442869,audio
sub_82b681bbefed,5,unlabeled,1,hybrid,0,528,240.146,239.74,2.198662480324469,2.2023859180779177,2.2023859180779177,audio
sub_db1a7a0e869f,1,unlabeled,1,hybrid,0,186,243.123,237.82,0.7650448538394147,0.7821041123538811,0.7821041123538811,audio
sub_db1a7a0e869f,2,unlabeled,1,hybrid,0,209,243.119,239.56,0.8596613181199331,0.8724327934546668,0.8724327934546668,audio
sub_db1a7a0e869f,3,unlabeled,1,hybrid,0,54,240.119,96.58,0.22488849278899212,0.5591219714226549,0.5591219714226549,audio
sub_db1a7a0e869f,4,unlabeled,1,hybrid,0,175,240.12,238.42,0.7288022655338997,0.7339988256018791,0.7339988256018791,audio
sub_db1a7a0e869f,5,unlabeled,1,hybrid,0,142,242.126,238.3,0.5864715065709589,0.5958875367184221,0.5958875367184221,audio
sub_021ac9fef6d9,1,unlabeled,1,operator,0,283,240.124,239.8,1.178557745164998,1.1801501251042534,1.1801501251042534,audio
sub_021ac9fef6d9,2,unlabeled,1,operator,0,310,240.119,239.8,1.2910265326775474,1.292743953294412,1.292743953294412,audio
sub_021ac9fef6d9,3,unlabeled,1,operator,0,320,240.12,239.74,1.3326669998334166,1.3347793442896472,1.3347793442896472,audio
sub_021ac9fef6d9,4,unlabeled,1,operator,0,347,240.121,239.8,1.4451047596836595,1.4470391993327771,1.4470391993327771,audio
sub_021ac9fef6d9,5,unlabeled,1,operator,0,337,240.118,239.8,1.4034766239932033,1.4053377814845704,1.4053377814845704,audio
sub_0bf06d808ee6,1,pre_incorrect,1,value-loose-chunk,0,306,240.934,240.853,1.2700573601069172,1.2704844863879627,1.2704844863879627,audio
sub_0bf06d808ee6,2,first_correct,1,value-loose-chunk,1,133,133.963,130.974,0.9928114479371171,1.0154687189823934,1.0154687189823934,audio
sub_0bf06d808ee6,3,post_incorrect,1,value-loose-chunk,0,276,240.998,240.913,1.1452377198151023,1.145641787699294,1.145641787699294,audio
sub_0bf06d808ee6,4,post_incorrect,1,value-loose-chunk,0,264,240.997,240.893,1.0954493209459037,1.0959222559393589,1.0959222559393589,audio
sub_0bf06d808ee6,5,post_correct,1,value-loose-chunk,1,122,79.308,76.314,1.5383063499268672,1.5986581754330793,1.5986581754330793,audio
sub_de2c45fc7f1b,1,unlabeled,1,tautological,0,408,240.151,239.74,1.698931089189718,1.7018436639693,1.7018436639693,audio
sub_de2c45fc7f1b,2,unlabeled,1,tautological,0,354,240.141,239.8,1.474133946306545,1.476230191826522,1.476230191826522,audio
sub_de2c45fc7f1b,3,unlabeled,1,tautological,0,395,240.168,239.8,1.6446820558942072,1.6472060050041701,1.6472060050041701,audio
sub_de2c45fc7f1b,4,unlabeled,1,tautological,0,410,240.152,239.8,1.7072520736866652,1.7097581317764803,1.7097581317764803,audio
sub_de2c45fc7f1b,5,unlabeled,1,tautological,0,377,240.134,239.8,1.5699567741344418,1.5721434528773977,1.5721434528773977,audio
sub_e77dffb7fe67,1,first_correct,1,value-loose-chunk,1,63,36.825,33.46,1.710794297352342,1.8828451882845187,1.8828451882845187,audio
sub_e77dffb7fe67,2,post_correct,1,value-loose-chunk,1,58,28.552,25.18,2.031381339310731,2.3034154090548054,2.3034154090548054,audio
sub_e77dffb7fe67,3,post_correct,1,value-loose-chunk,1,53,35.02,31.66,1.513420902341519,1.6740366392924826,1.6740366392924826,audio
sub_e77dffb7fe67,4,post_correct,1,value-loose-chunk,1,71,33.458,30.1,2.122063482575169,2.358803986710963,2.358803986710963,audio
sub_e77dffb7fe67,5,post_correct,1,value-loose-chunk,1,38,23.484,19.96,1.6181229773462782,1.9038076152304608,1.9038076152304608,audio
sub_e017401724de,1,pre_incorrect,1,value-tight-chunk,0,403,242.982,242.774,1.6585590702191932,1.659980063763006,1.659980063763006,audio
sub_e017401724de,2,first_correct,1,value-tight-chunk,1,168,94.066,91.034,1.785980056556035,1.8454643320078212,1.8454643320078212,audio
sub_e017401724de,3,post_correct,1,value-tight-chunk,1,70,41.558,38.394,1.6843928966745272,1.8232015419075898,1.8232015419075898,audio
sub_e017401724de,4,post_correct,1,value-tight-chunk,1,53,29.896,26.873,1.7728124163767727,1.9722397945893646,1.9722397945893646,audio
sub_e017401724de,5,post_correct,1,value-tight-chunk,1,54,33.966,30.794,1.589825119236884,1.753588361369098,1.753588361369098,audio
sub_bafd1392d867,1,unlabeled,1,tautological,0,148,240.24,238.54,0.6160506160506161,0.6204410161817725,0.6204410161817725,audio
sub_bafd1392d867,2,unlabeled,1,tautological,0,174,240.186,238.84,0.7244385601159101,0.7285211857310333,0.7285211857310333,audio
sub_bafd1392d867,3,unlabeled,1,tautological,0,257,240.165,238.78,1.070097641205005,1.076304548119608,1.076304548119608,audio
sub_bafd1392d867,4,unlabeled,1,tautological,0,328,240.163,238.6,1.3657391021930938,1.374685666387259,1.374685666387259,audio
sub_bafd1392d867,5,unlabeled,1,tautological,0,252,240.22,238.66,1.04903838148364,1.0558954160730747,1.0558954160730747,audio
sub_637f9b42b2c3,1,pre_incorrect,1,value-tight-chunk,0,284,240.151,239.44,1.1825892875732351,1.1861009021049114,1.1861009021049114,audio
sub_637f9b42b2c3,2,pre_incorrect,1,value-tight-chunk,0,331,240.133,239.38,1.3784028017806798,1.3827387417495196,1.3827387417495196,audio
sub_637f9b42b2c3,3,first_correct,1,value-tight-chunk,1,268,175.261,171.64,1.529147956476341,1.5614075972966677,1.5614075972966677,audio
sub_637f9b42b2c3,4,post_correct,1,value-tight-chunk,1,84,51.485,47.86,1.6315431679129844,1.7551190973673214,1.7551190973673214,audio
sub_637f9b42b2c3,5,post_correct,1,value-tight-chunk,1,152,78.932,75.34,1.9257082045304819,2.017520573400584,2.017520573400584,audio
sub_17d3b5b800b6,1,first_correct,1,value-loose-chunk,1,45,51.842,48.34,0.8680220670498824,0.9309060819197351,0.9309060819197351,audio
sub_17d3b5b800b6,2,post_correct,1,value-loose-chunk,1,17,26.894,23.44,0.6321112515802781,0.7252559726962456,0.7252559726962456,audio
sub_17d3b5b800b6,3,post_correct,1,value-loose-chunk,1,56,51.414,47.92,1.089197494845762,1.1686143572621035,1.1686143572621035,audio
sub_17d3b5b800b6,4,post_correct,1,value-loose-chunk,1,79,58.288,54.82,1.355339006313478,1.441079897847501,1.441079897847501,audio
sub_17d3b5b800b6,5,post_correct,1,value-loose-chunk,1,54,55.373,51.88,0.9752045220594875,1.0408635312259058,1.0408635312259058,audio
sub_be52d2e30aa9,1,first_correct,1,tautological,1,35,72.834,69.64,0.4805448005052585,0.5025847214244686,0.5025847214244686,audio
sub_be52d2e30aa9,2,post_correct,1,tautological,1,46,34.297,31.12,1.341225180044902,1.4781491002570695,1.4781491002570695,audio
sub_be52d2e30aa9,3,post_correct,1,tautological,1,10,16.617,13.42,0.6017933441656135,0.7451564828614009,0.7451564828614009,audio
sub_be52d2e30aa9,4,post_correct,1,tautological,1,1,14.87,11.68,0.06724949562878278,0.08561643835616438,0.08561643835616438,audio
sub_be52d2e30aa9,5,post_correct,1,tautological,1,11,28.898,25.72,0.38064917987403973,0.4276827371695179,0.4276827371695179,audio
sub_76c0d21dd9cc,1,first_correct,1,value-loose-chunk,1,24,196.811,193.42,0.12194440351403123,0.12408230793092752,0.12408230793092752,audio
sub_76c0d21dd9cc,2,post_correct,1,value-loose-chunk,1,9,52.155,49.0,0.17256255392579808,0.1836734693877551,0.1836734693877551,audio
sub_76c0d21dd9cc,3,post_correct,1,value-loose-chunk,1,13,45.444,42.28,0.2860663673972361,0.3074739829706717,0.3074739829706717,audio
sub_76c0d21dd9cc,4,post_correct,1,value-loose-chunk,1,11,45.077,41.92,0.24402688732613084,0.26240458015267176,0.26240458015267176,audio
sub_76c0d21dd9cc,5,post_correct,1,value-loose-chunk,1,19,35.024,31.84,0.5424851530379169,0.5967336683417086,0.5967336683417086,audio
sub_9fe8ce2519b2,1,first_correct,1,operator,1,333,209.563,206.32,1.589020962669937,1.613997673516867,1.613997673516867,audio
sub_9fe8ce2519b2,2,post_correct,1,operator,1,120,115.116,111.82,1.0424267695194414,1.0731532820604543,1.0731532820604543,audio
sub_9fe8ce2519b2,3,post_correct,1,operator,1,237,225.97,222.7,1.0488117891755542,1.0642119443197127,1.0642119443197127,audio
sub_9fe8ce2519b2,4,post_correct,1,operator,1,149,132.891,129.58,1.1212196461761896,1.1498688069146472,1.1498688069146472,audio
sub_9fe8ce2519b2,5,post_correct,1,operator,1,110,149.082,145.84,0.7378489690237587,0.7542512342292924,0.7542512342292924,audio
sub_3156a94353ea,1,first_correct,1,value-loose-chunk,1,52,32.735,29.44,1.5885138231250955,1.766304347826087,1.766304347826087,audio
sub_3156a94353ea,2,post_correct,1,value-loose-chunk,1,19,16.984,13.66,1.118699952896844,1.390922401171303,1.390922401171303,audio
sub_3156a94353ea,3,post_correct,1,value-loose-chunk,1,38,29.054,25.72,1.3079094100640187,1.4774494556765163,1.4774494556765163,audio
sub_3156a94353ea,4,post_correct,1,value-loose-chunk,1,47,31.602,28.3,1.4872476425542687,1.6607773851590106,1.6607773851590106,audio
sub_3156a94353ea,5,post_correct,1,value-loose-chunk,1,40,31.22,27.88,1.2812299807815504,1.4347202295552368,1.4347202295552368,audio
sub_96150e178ddb,1,first_correct,1,hybrid,1,211,173.389,170.08,1.2169168747729093,1.2405926622765757,1.2405926622765757,audio
sub_96150e178ddb,2,post_correct,1,hybrid,1,70,55.4,52.12,1.263537906137184,1.343054489639294,1.343054489639294,audio
sub_96150e178ddb,3,post_correct,1,hybrid,1,62,36.041,32.74,1.7202630337670988,1.893708002443494,1.893708002443494,audio
sub_96150e178ddb,4,post_correct,1,hybrid,1,47,29.877,26.56,1.5731164440874252,1.769578313253012,1.769578313253012,audio
sub_96150e178ddb,5,post_correct,1,hybrid,1,56,40.934,37.66,1.3680558948551327,1.4869888475836432,1.4869888475836432,audio
sub_57b8f6ba7e79,1,pre_incorrect,1,value-tight-chunk,0,235,240.138,237.94,0.9786039693842707,0.9876439438513911,0.9876439438513911,audio
sub_57b8f6ba7e79,2,first_correct,1,value-tight-chunk,1,128,94.638,90.64,1.3525222426509436,1.412180052956752,1.412180052956752,audio
sub_57b8f6ba7e79,3,post_correct,1,value-tight-chunk,1,130,81.594,77.56,1.5932544059612228,1.6761217122227952,1.6761217122227952,audio
sub_57b8f6ba7e79,4,post_correct,1,value-tight-chunk,1,84,85.182,80.92,0.986123828977953,1.0380622837370241,1.0380622837370241,audio
sub_57b8f6ba7e79,5,post_correct,1,value-tight-chunk,1,36,24.558,20.56,1.4659174199853409,1.7509727626459146,1.7509727626459146,audio
sub_a2858e1d6e20,1,pre_incorrect,1,hybrid,0,422,240.105,239.38,1.7575643989088108,1.7628874592697803,1.7628874592697803,audio
sub_a2858e1d6e20,2,pre_incorrect,1,hybrid,0,448,240.097,239.62,1.8659125270203292,1.8696269092730156,1.8696269092730156,audio
sub_a2858e1d6e20,3,pre_incorrect,1,hybrid,0,497,240.127,239.44,2.069738096923711,2.075676578683595,2.075676578683595,audio
sub_a2858e1d6e20,4,first_correct,1,hybrid,1,292,134.603,131.14,2.1693424366470286,2.226628031111789,2.226628031111789,audio
sub_a2858e1d6e20,5,post_correct,1,hybrid,1,216,127.404,123.88,1.6953941791466516,1.7436228608330644,1.7436228608330644,audio
sub_2dba0fd1be9e,1,first_correct,1,value-loose-chunk,1,21,40.426,37.12,0.5194676693217236,0.5657327586206897,0.5657327586206897,audio
sub_2dba0fd1be9e,2,post_correct,1,value-loose-chunk,1,16,30.898,27.64,0.5178328694413878,0.5788712011577424,0.5788712011577424,audio
sub_2dba0fd1be9e,3,post_correct,1,value-loose-chunk,1,62,129.205,125.92,0.4798575906505166,0.4923761118170267,0.4923761118170267,audio
sub_2dba0fd1be9e,4,post_correct,1,value-loose-chunk,1,7,30.534,27.22,0.22925263640531868,0.2571638501102131,0.2571638501102131,audio
sub_2dba0fd1be9e,5,post_correct,1,value-loose-chunk,1,37,91.79,88.54,0.4030940189563133,0.41789021911000673,0.41789021911000673,audio
sub_51a5f55b83e7,1,first_correct,2,value-loose-chunk,1,65,60.2,56.92,1.0797342192691028,1.1419536191145467,1.1419536191145467,audio
sub_51a5f55b83e7,2,post_incorrect,2,hybrid,0,252,240.141,239.8,1.0493834872012693,1.0508757297748124,1.0508757297748124,audio
sub_51a5f55b83e7,3,post_incorrect,2,value-tight-chunk,0,185,240.136,239.8,0.7703967751607422,0.7714762301918265,0.7714762301918265,audio
sub_51a5f55b83e7,4,post_correct,2,operator,1,133,157.565,154.3,0.8440960873290388,0.8619572261827608,0.8619572261827608,audio
sub_51a5f55b83e7,5,post_incorrect,2,tautological,0,146,240.134,239.8,0.6079938700892003,0.6088407005838198,0.6088407005838198,audio
sub_5e8f2feeceb3,1,pre_incorrect,2,hybrid,0,24,240.136,239.8,0.09994336542625845,0.1000834028356964,0.1000834028356964,audio
sub_5e8f2feeceb3,2,first_correct,2,value-loose-chunk,1,79,165.035,161.8,0.47868633926136883,0.48825710754017304,0.48825710754017304,audio
sub_5e8f2feeceb3,3,post_correct,2,tautological,1,35,104.211,100.96,0.33585705923558934,0.3466719492868463,0.3466719492868463,audio
sub_5e8f2feeceb3,4,post_incorrect,2,value-tight-chunk,0,58,240.147,239.8,0.24151873644059682,0.24186822351959966,0.24186822351959966,audio
sub_5e8f2feeceb3,5,post_incorrect,2,operator,0,114,240.15,239.8,0.47470331043098063,0.47539616346955793,0.47539616346955793,audio
sub_655cf71a7946,1,unlabeled,2,value-tight-chunk,0,316,240.143,239.8,1.315882619938953,1.317764804003336,1.317764804003336,audio
sub_655cf71a7946,2,unlabeled,2,hybrid,0,377,240.131,239.74,1.5699763878882778,1.5725369149912405,1.5725369149912405,audio
sub_655cf71a7946,3,unlabeled,2,value-loose-chunk,0,289,240.134,239.74,1.2034947154505402,1.2054725953115875,1.2054725953115875,audio
sub_655cf71a7946,4,unlabeled,2,tautological,0,258,240.141,239.8,1.074368808325109,1.0758965804837364,1.0758965804837364,audio
sub_655cf71a7946,5,unlabeled,2,operator,0,357,240.133,239.8,1.4866761336426064,1.488740617180984,1.488740617180984,audio
